timestamp,open,high,low,close,volume
2026-01-05T09:30:00-05:00,100.00000,100.02000,99.98000,100.00000,1000
2026-01-05T09:31:00-05:00,100.06781,100.10417,100.04781,100.08417,1000
2026-01-05T09:32:00-05:00,100.13638,100.18730,100.11638,100.16730,1000
2026-01-05T09:33:00-05:00,100.20640,100.26847,100.18640,100.24847,1000
2026-01-05T09:34:00-05:00,100.27833,100.34693,100.25833,100.32693,1000
2026-01-05T09:35:00-05:00,100.35242,100.42219,100.33242,100.40219,1000
2026-01-05T09:36:00-05:00,100.42859,100.49406,100.40859,100.47406,1000
2026-01-05T09:37:00-05:00,100.50648,100.56264,100.48648,100.54264,1000
2026-01-05T09:38:00-05:00,100.58546,100.62832,100.56546,100.60832,1000
2026-01-05T09:39:00-05:00,100.66466,100.69172,100.64466,100.67172,1000
2026-01-05T09:40:00-05:00,100.74309,100.76309,100.71356,100.73356,1000
2026-01-05T09:41:00-05:00,100.81972,100.83972,100.77466,100.79466,1000
2026-01-05T09:42:00-05:00,100.89358,100.91358,100.83574,100.85574,1000
2026-01-05T09:43:00-05:00,100.96384,100.98384,100.89739,100.91739,1000
2026-01-05T09:44:00-05:00,101.02992,101.04992,100.95997,100.97997,1000
2026-01-05T09:45:00-05:00,101.09152,101.11152,101.02357,101.04357,1000
2026-01-05T09:46:00-05:00,101.14864,101.16864,101.08797,101.10797,1000
2026-01-05T09:47:00-05:00,101.20158,101.22158,101.15267,101.17267,1000
2026-01-05T09:48:00-05:00,101.25088,101.27088,101.21691,101.23691,1000
2026-01-05T09:49:00-05:00,101.29728,101.31979,101.27728,101.29979,1000
2026-01-05T09:50:00-05:00,101.34159,101.38030,101.32159,101.36030,1000
2026-01-05T09:51:00-05:00,101.38461,101.43746,101.36461,101.41746,1000
2026-01-05T09:52:00-05:00,101.42704,101.49041,101.40704,101.47041,1000
2026-01-05T09:53:00-05:00,101.46937,101.53850,101.44937,101.51850,1000
2026-01-05T09:54:00-05:00,101.51186,101.58133,101.49186,101.56133,1000
2026-01-05T09:55:00-05:00,101.55445,101.61882,101.53445,101.59882,1000
2026-01-05T09:56:00-05:00,101.59680,101.65118,101.57680,101.63118,1000
2026-01-05T09:57:00-05:00,101.63830,101.67891,101.61830,101.65891,1000
2026-01-05T09:58:00-05:00,101.67814,101.70270,101.65814,101.68270,1000
2026-01-05T09:59:00-05:00,101.71538,101.73538,101.68340,101.70340,1000
2026-01-05T10:00:00-05:00,101.74907,101.76907,101.70187,101.72187,1000
2026-01-05T10:01:00-05:00,101.77834,101.79834,101.71891,101.73891,1000
2026-01-05T10:02:00-05:00,101.80248,101.82248,101.73516,101.75516,1000
2026-01-05T10:03:00-05:00,101.82103,101.84103,101.75103,101.77103,1000
2026-01-05T10:04:00-05:00,101.83382,101.85382,101.76664,101.78664,1000
2026-01-05T10:05:00-05:00,101.84099,101.86099,101.78183,101.80183,1000
2026-01-05T10:06:00-05:00,101.84298,101.86298,101.79615,101.81615,1000
2026-01-05T10:07:00-05:00,101.84045,101.86045,101.80891,101.82891,1000
2026-01-05T10:08:00-05:00,101.83426,101.85926,101.81426,101.83926,1000
2026-01-05T10:09:00-05:00,101.82531,101.86632,101.80531,101.84632,1000
2026-01-05T10:10:00-05:00,101.81451,101.86921,101.79451,101.84921,1000
2026-01-05T10:11:00-05:00,101.80263,101.86720,101.78263,101.84720,1000
2026-01-05T10:12:00-05:00,101.79023,101.85976,101.77023,101.83976,1000
2026-01-05T10:13:00-05:00,101.77762,101.84666,101.75762,101.82666,1000
2026-01-05T10:14:00-05:00,101.76480,101.82796,101.74480,101.80796,1000
2026-01-05T10:15:00-05:00,101.75150,101.80401,101.73150,101.78401,1000
2026-01-05T10:16:00-05:00,101.73717,101.77547,101.71717,101.75547,1000
2026-01-05T10:17:00-05:00,101.72109,101.74315,101.70109,101.72315,1000
2026-01-05T10:18:00-05:00,101.70241,101.72241,101.66801,101.68801,1000
2026-01-05T10:19:00-05:00,101.68029,101.70029,101.63102,101.65102,1000
2026-01-05T10:20:00-05:00,101.65399,101.67399,101.59307,101.61307,1000
2026-01-05T10:21:00-05:00,101.62293,101.64293,101.55486,101.57486,1000
2026-01-05T10:22:00-05:00,101.58679,101.60679,101.51686,101.53686,1000
2026-01-05T10:23:00-05:00,101.54556,101.56556,101.47927,101.49927,1000
2026-01-05T10:24:00-05:00,101.49951,101.51951,101.44196,101.46196,1000
2026-01-05T10:25:00-05:00,101.44923,101.46923,101.40455,101.42455,1000
2026-01-05T10:26:00-05:00,101.39551,101.41551,101.36642,101.38642,1000
2026-01-05T10:27:00-05:00,101.33931,101.36681,101.31931,101.34681,1000
2026-01-05T10:28:00-05:00,101.28165,101.32490,101.26165,101.30490,1000
2026-01-05T10:29:00-05:00,101.22348,101.27994,101.20348,101.25994,1000
2026-01-05T10:30:00-05:00,101.16567,101.23131,101.14567,101.21131,1000
2026-01-05T10:31:00-05:00,101.10880,101.17861,101.08880,101.15861,1000
2026-01-05T10:32:00-05:00,101.05324,101.12173,101.03324,101.10173,1000
2026-01-05T10:33:00-05:00,100.99903,101.06086,100.97903,101.04086,1000
2026-01-05T10:34:00-05:00,100.94592,100.99649,100.92592,100.97649,1000
2026-01-05T10:35:00-05:00,100.89340,100.92934,100.87340,100.90934,1000
2026-01-05T10:36:00-05:00,100.84081,100.86081,100.82037,100.84037,1000
2026-01-05T10:37:00-05:00,100.78736,100.80736,100.75058,100.77058,1000
2026-01-05T10:38:00-05:00,100.73228,100.75228,100.68102,100.70102,1000
2026-01-05T10:39:00-05:00,100.67491,100.69491,100.61260,100.63260,1000
2026-01-05T10:40:00-05:00,100.61476,100.63476,100.54606,100.56606,1000
2026-01-05T10:41:00-05:00,100.55161,100.57161,100.48188,100.50188,1000
2026-01-05T10:42:00-05:00,100.48553,100.50553,100.42025,100.44025,1000
2026-01-05T10:43:00-05:00,100.41691,100.43691,100.36107,100.38107,1000
2026-01-05T10:44:00-05:00,100.34640,100.36640,100.30393,100.32393,1000
2026-01-05T10:45:00-05:00,100.27485,100.29485,100.24823,100.26823,1000
2026-01-05T10:46:00-05:00,100.20328,100.23324,100.18328,100.21324,1000
2026-01-05T10:47:00-05:00,100.13272,100.17817,100.11272,100.15817,1000
2026-01-05T10:48:00-05:00,100.06416,100.12229,100.04416,100.10229,1000
2026-01-05T10:49:00-05:00,99.99843,100.06504,99.97843,100.04504,1000
2026-01-05T10:50:00-05:00,99.93611,100.00607,99.91611,99.98607,1000
2026-01-05T10:51:00-05:00,99.87751,99.94533,99.85751,99.92533,1000
2026-01-05T10:52:00-05:00,99.82265,99.88306,99.80265,99.86306,1000
2026-01-05T10:53:00-05:00,99.77123,99.81978,99.75123,99.79978,1000
2026-01-05T10:54:00-05:00,99.72272,99.75627,99.70272,99.73627,1000
2026-01-05T10:55:00-05:00,99.67641,99.69641,99.65346,99.67346,1000
2026-01-05T10:56:00-05:00,99.63150,99.65150,99.59238,99.61238,1000
2026-01-05T10:57:00-05:00,99.58722,99.60722,99.53404,99.55404,1000
2026-01-05T10:58:00-05:00,99.54289,99.56289,99.47930,99.49930,1000
2026-01-05T10:59:00-05:00,99.49805,99.51805,99.42885,99.44885,1000
2026-01-05T11:00:00-05:00,99.45249,99.47249,99.38309,99.40309,1000
2026-01-05T11:01:00-05:00,99.40629,99.42629,99.34213,99.36213,1000
2026-01-05T11:02:00-05:00,99.35984,99.37984,99.30578,99.32578,1000
2026-01-05T11:03:00-05:00,99.31377,99.33377,99.27357,99.29357,1000
2026-01-05T11:04:00-05:00,99.26894,99.28894,99.24482,99.26482,1000
2026-01-05T11:05:00-05:00,99.22631,99.25871,99.20631,99.23871,1000
2026-01-05T11:06:00-05:00,99.18685,99.23442,99.16685,99.21442,1000
2026-01-05T11:07:00-05:00,99.15149,99.21119,99.13149,99.19119,1000
2026-01-05T11:08:00-05:00,99.12094,99.18840,99.10094,99.16840,1000
2026-01-05T11:09:00-05:00,99.09570,99.16569,99.07570,99.14569,1000
2026-01-05T11:10:00-05:00,99.07595,99.14298,99.05595,99.12298,1000
2026-01-05T11:11:00-05:00,99.06160,99.12048,99.04160,99.10048,1000
2026-01-05T11:12:00-05:00,99.05222,99.09867,99.03222,99.07867,1000
2026-01-05T11:13:00-05:00,99.04718,99.07830,99.02718,99.05830,1000
2026-01-05T11:14:00-05:00,99.04566,99.06566,99.02022,99.04022,1000
2026-01-05T11:15:00-05:00,99.04679,99.06679,99.00538,99.02538,1000
2026-01-05T11:16:00-05:00,99.04970,99.06970,98.99468,99.01468,1000
2026-01-05T11:17:00-05:00,99.05366,99.07366,98.98889,99.00889,1000
2026-01-05T11:18:00-05:00,99.05814,99.07814,98.98855,99.00855,1000
2026-01-05T11:19:00-05:00,99.06289,99.08289,98.99393,99.01393,1000
2026-01-05T11:20:00-05:00,99.06793,99.08793,99.00500,99.02500,1000
2026-01-05T11:21:00-05:00,99.07360,99.09360,99.02142,99.04142,1000
2026-01-05T11:22:00-05:00,99.08047,99.10047,99.04259,99.06259,1000
2026-01-05T11:23:00-05:00,99.08931,99.10931,99.06769,99.08769,1000
2026-01-05T11:24:00-05:00,99.10100,99.13582,99.08100,99.11582,1000
2026-01-05T11:25:00-05:00,99.11640,99.16603,99.09640,99.14603,1000
2026-01-05T11:26:00-05:00,99.13631,99.19748,99.11631,99.17748,1000
2026-01-05T11:27:00-05:00,99.16130,99.22949,99.14130,99.20949,1000
2026-01-05T11:28:00-05:00,99.19174,99.26164,99.17174,99.24164,1000
2026-01-05T11:29:00-05:00,99.22765,99.29376,99.20765,99.27376,1000
2026-01-05T11:30:00-05:00,99.26877,99.32602,99.24877,99.30602,1000
2026-01-05T11:31:00-05:00,99.31456,99.35885,99.29456,99.33885,1000
2026-01-05T11:32:00-05:00,99.36423,99.39289,99.34423,99.37289,1000
2026-01-05T11:33:00-05:00,99.41686,99.43686,99.38893,99.40893,1000
2026-01-05T11:34:00-05:00,99.47145,99.49145,99.42780,99.44780,1000
2026-01-05T11:35:00-05:00,99.52705,99.54705,99.47029,99.49029,1000
2026-01-05T11:36:00-05:00,99.58287,99.60287,99.51705,99.53705,1000
2026-01-05T11:37:00-05:00,99.63832,99.65832,99.56847,99.58847,1000
2026-01-05T11:38:00-05:00,99.69307,99.71307,99.62469,99.64469,1000
2026-01-05T11:39:00-05:00,99.74711,99.76711,99.68552,99.70552,1000
2026-01-05T11:40:00-05:00,99.80072,99.82072,99.75050,99.77050,1000
2026-01-05T11:41:00-05:00,99.85442,99.87442,99.81890,99.83890,1000
2026-01-05T11:42:00-05:00,99.90890,99.92978,99.88890,99.90978,1000
2026-01-05T11:43:00-05:00,99.96496,100.00215,99.94496,99.98215,1000
2026-01-05T11:44:00-05:00,100.02338,100.07499,100.00338,100.05499,1000
2026-01-05T11:45:00-05:00,100.08484,100.14739,100.06484,100.12739,1000
2026-01-05T11:46:00-05:00,100.14983,100.21863,100.12983,100.19863,1000
2026-01-05T11:47:00-05:00,100.21856,100.28823,100.19856,100.26823,1000
2026-01-05T11:48:00-05:00,100.29095,100.35604,100.27095,100.33604,1000
2026-01-05T11:49:00-05:00,100.36664,100.42218,100.34664,100.40218,1000
2026-01-05T11:50:00-05:00,100.44497,100.48704,100.42497,100.46704,1000
2026-01-05T11:51:00-05:00,100.52506,100.55124,100.50506,100.53124,1000
2026-01-05T11:52:00-05:00,100.60591,100.62591,100.57552,100.59552,1000
2026-01-05T11:53:00-05:00,100.68649,100.70649,100.64067,100.66067,1000
2026-01-05T11:54:00-05:00,100.76581,100.78581,100.70740,100.72740,1000
2026-01-05T11:55:00-05:00,100.84304,100.86304,100.77627,100.79627,1000
2026-01-05T11:56:00-05:00,100.91760,100.93760,100.84762,100.86762,1000
2026-01-05T11:57:00-05:00,100.98918,101.00918,100.92149,100.94149,1000
2026-01-05T11:58:00-05:00,101.05776,101.07776,100.99762,101.01762,1000
2026-01-05T11:59:00-05:00,101.12364,101.14364,101.07546,101.09546,1000
2026-01-05T12:00:00-05:00,101.18735,101.20735,101.15423,101.17423,1000
2026-01-05T12:01:00-05:00,101.24958,101.27297,101.22958,101.25297,1000
2026-01-05T12:02:00-05:00,101.31111,101.35064,101.29111,101.33064,1000
2026-01-05T12:03:00-05:00,101.37272,101.42623,101.35272,101.40623,1000
2026-01-05T12:04:00-05:00,101.43504,101.49885,101.41504,101.47885,1000
2026-01-05T12:05:00-05:00,101.49852,101.56781,101.47852,101.54781,1000
2026-01-05T12:06:00-05:00,101.56335,101.63268,101.54335,101.61268,1000
2026-01-05T12:07:00-05:00,101.62940,101.69335,101.60940,101.67335,1000
2026-01-05T12:08:00-05:00,101.69627,101.75000,101.67627,101.73000,1000
2026-01-05T12:09:00-05:00,101.76328,101.80308,101.74328,101.78308,1000
2026-01-05T12:10:00-05:00,101.82957,101.85325,101.80957,101.83325,1000
2026-01-05T12:11:00-05:00,101.89413,101.91413,101.86129,101.88129,1000
2026-01-05T12:12:00-05:00,101.95595,101.97595,101.90801,101.92801,1000
2026-01-05T12:13:00-05:00,102.01412,102.03412,101.95415,101.97415,1000
2026-01-05T12:14:00-05:00,102.06787,102.08787,102.00027,102.02027,1000
2026-01-05T12:15:00-05:00,102.11669,102.13669,102.04670,102.06670,1000
2026-01-05T12:16:00-05:00,102.16036,102.18036,102.09349,102.11349,1000
2026-01-05T12:17:00-05:00,102.19899,102.21899,102.14039,102.16039,1000
2026-01-05T12:18:00-05:00,102.23294,102.25294,102.18687,102.20687,1000
2026-01-05T12:19:00-05:00,102.26284,102.28284,102.23216,102.25216,1000
2026-01-05T12:20:00-05:00,102.28947,102.31535,102.26947,102.29535,1000
2026-01-05T12:21:00-05:00,102.31367,102.35548,102.29367,102.33548,1000
2026-01-05T12:22:00-05:00,102.33627,102.39160,102.31627,102.37160,1000
2026-01-05T12:23:00-05:00,102.35796,102.42292,102.33796,102.40292,1000
2026-01-05T12:24:00-05:00,102.37922,102.44887,102.35922,102.42887,1000
2026-01-05T12:25:00-05:00,102.40028,102.46914,102.38028,102.44914,1000
2026-01-05T12:26:00-05:00,102.42105,102.48375,102.40105,102.46375,1000
2026-01-05T12:27:00-05:00,102.44117,102.49301,102.42117,102.47301,1000
2026-01-05T12:28:00-05:00,102.46001,102.49748,102.44001,102.47748,1000
2026-01-05T12:29:00-05:00,102.47677,102.49795,102.45677,102.47795,1000
2026-01-05T12:30:00-05:00,102.49053,102.51053,102.45529,102.47529,1000
2026-01-05T12:31:00-05:00,102.50039,102.52039,102.45041,102.47041,1000
2026-01-05T12:32:00-05:00,102.50554,102.52554,102.44411,102.46411,1000
2026-01-05T12:33:00-05:00,102.50534,102.52534,102.43703,102.45703,1000
2026-01-05T12:34:00-05:00,102.49944,102.51944,102.42957,102.44957,1000
2026-01-05T12:35:00-05:00,102.48775,102.50775,102.42181,102.44181,1000
2026-01-05T12:36:00-05:00,102.47052,102.49052,102.41357,102.43357,1000
2026-01-05T12:37:00-05:00,102.44828,102.46828,102.40437,102.42437,1000
2026-01-05T12:38:00-05:00,102.42177,102.44177,102.39354,102.41354,1000
2026-01-05T12:39:00-05:00,102.39189,102.42026,102.37189,102.40026,1000
2026-01-05T12:40:00-05:00,102.35960,102.40364,102.33960,102.38364,1000
2026-01-05T12:41:00-05:00,102.32582,102.38287,102.30582,102.36287,1000
2026-01-05T12:42:00-05:00,102.29131,102.35731,102.27131,102.33731,1000
2026-01-05T12:43:00-05:00,102.25662,102.32650,102.23662,102.30650,1000
2026-01-05T12:44:00-05:00,102.22204,102.29031,102.20204,102.27031,1000
2026-01-05T12:45:00-05:00,102.18755,102.24889,102.16755,102.22889,1000
2026-01-05T12:46:00-05:00,102.15284,102.20270,102.13284,102.18270,1000
2026-01-05T12:47:00-05:00,102.11735,102.15245,102.09735,102.13245,1000
2026-01-05T12:48:00-05:00,102.08036,102.10036,102.05903,102.07903,1000
2026-01-05T12:49:00-05:00,102.04105,102.06105,102.00344,102.02344,1000
2026-01-05T12:50:00-05:00,101.99861,102.01861,101.94666,101.96666,1000
2026-01-05T12:51:00-05:00,101.95236,101.97236,101.88959,101.90959,1000
2026-01-05T12:52:00-05:00,101.90180,101.92180,101.83291,101.85291,1000
2026-01-05T12:53:00-05:00,101.84669,101.86669,101.77707,101.79707,1000
2026-01-05T12:54:00-05:00,101.78710,101.80710,101.72221,101.74221,1000
2026-01-05T12:55:00-05:00,101.72341,101.74341,101.66818,101.68818,1000
2026-01-05T12:56:00-05:00,101.65624,101.67624,101.61457,101.63457,1000
2026-01-05T12:57:00-05:00,101.58648,101.60648,101.56074,101.58074,1000
2026-01-05T12:58:00-05:00,101.51511,101.54594,101.49511,101.52594,1000
2026-01-05T12:59:00-05:00,101.44317,101.48938,101.42317,101.46938,1000
2026-01-05T13:00:00-05:00,101.37163,101.43032,101.35163,101.41032,1000
2026-01-05T13:01:00-05:00,101.30129,101.36822,101.28129,101.34822,1000
2026-01-05T13:02:00-05:00,101.23275,101.30274,101.21275,101.28274,1000
2026-01-05T13:03:00-05:00,101.16628,101.23384,101.14628,101.21384,1000
2026-01-05T13:04:00-05:00,101.10190,101.16178,101.08190,101.14178,1000
2026-01-05T13:05:00-05:00,101.03931,101.08712,101.01931,101.06712,1000
2026-01-05T13:06:00-05:00,100.97797,101.01066,100.95797,100.99066,1000
2026-01-05T13:07:00-05:00,100.91718,100.93718,100.89335,100.91335,1000
2026-01-05T13:08:00-05:00,100.85617,100.87617,100.81624,100.83624,1000
2026-01-05T13:09:00-05:00,100.79418,100.81418,100.74034,100.76034,1000
2026-01-05T13:10:00-05:00,100.73057,100.75057,100.66655,100.68655,1000
2026-01-05T13:11:00-05:00,100.66493,100.68493,100.59557,100.61557,1000
2026-01-05T13:12:00-05:00,100.59707,100.61707,100.52781,100.54781,1000
2026-01-05T13:13:00-05:00,100.52714,100.54714,100.46341,100.48341,1000
2026-01-05T13:14:00-05:00,100.45557,100.47557,100.40217,100.42217,1000
2026-01-05T13:15:00-05:00,100.38305,100.40305,100.34366,100.36366,1000
2026-01-05T13:16:00-05:00,100.31048,100.33048,100.28724,100.30724,1000
2026-01-05T13:17:00-05:00,100.23887,100.27213,100.21887,100.25213,1000
2026-01-05T13:18:00-05:00,100.16924,100.21755,100.14924,100.19755,1000
2026-01-05T13:19:00-05:00,100.10255,100.16279,100.08255,100.14279,1000
2026-01-05T13:20:00-05:00,100.03956,100.10730,100.01956,100.08730,1000
2026-01-05T13:21:00-05:00,99.98080,100.05078,99.96080,100.03078,1000
2026-01-05T13:22:00-05:00,99.92651,99.99322,99.90651,99.97322,1000
2026-01-05T13:23:00-05:00,99.87659,99.93491,99.85659,99.91491,1000
2026-01-05T13:24:00-05:00,99.83071,99.87641,99.81071,99.85641,1000
2026-01-05T13:25:00-05:00,99.78825,99.81850,99.76825,99.79850,1000
2026-01-05T13:26:00-05:00,99.74847,99.76847,99.72214,99.74214,1000
2026-01-05T13:27:00-05:00,99.71054,99.73054,99.66834,99.68834,1000
2026-01-05T13:28:00-05:00,99.67367,99.69367,99.61803,99.63803,1000
2026-01-05T13:29:00-05:00,99.63722,99.65722,99.57206,99.59206,1000
2026-01-05T13:30:00-05:00,99.60071,99.62071,99.53102,99.55102,1000
2026-01-05T13:31:00-05:00,99.56400,99.58400,99.49523,99.51523,1000
2026-01-05T13:32:00-05:00,99.52718,99.54718,99.46471,99.48471,1000
2026-01-05T13:33:00-05:00,99.49067,99.51067,99.43917,99.45917,1000
2026-01-05T13:34:00-05:00,99.45513,99.47513,99.41808,99.43808,1000
2026-01-05T13:35:00-05:00,99.42141,99.44141,99.40068,99.42068,1000
2026-01-05T13:36:00-05:00,99.39046,99.42612,99.37046,99.40612,1000
2026-01-05T13:37:00-05:00,99.36321,99.41355,99.34321,99.39355,1000
2026-01-05T13:38:00-05:00,99.34051,99.40218,99.32051,99.38218,1000
2026-01-05T13:39:00-05:00,99.32302,99.39144,99.30302,99.37144,1000
2026-01-05T13:40:00-05:00,99.31113,99.38097,99.29113,99.36097,1000
2026-01-05T13:41:00-05:00,99.30495,99.37071,99.28495,99.35071,1000
2026-01-05T13:42:00-05:00,99.30425,99.36091,99.28425,99.34091,1000
2026-01-05T13:43:00-05:00,99.30855,99.35206,99.28855,99.33206,1000
2026-01-05T13:44:00-05:00,99.31712,99.34490,99.29712,99.32490,1000
2026-01-05T13:45:00-05:00,99.32910,99.34910,99.30030,99.32030,1000
2026-01-05T13:46:00-05:00,99.34356,99.36356,99.29914,99.31914,1000
2026-01-05T13:47:00-05:00,99.35963,99.37963,99.30228,99.32228,1000
2026-01-05T13:48:00-05:00,99.37658,99.39658,99.31041,99.33041,1000
2026-01-05T13:49:00-05:00,99.39390,99.41390,99.32399,99.34399,1000
2026-01-05T13:50:00-05:00,99.41134,99.43134,99.34319,99.36319,1000
2026-01-05T13:51:00-05:00,99.42898,99.44898,99.36789,99.38789,1000
2026-01-05T13:52:00-05:00,99.44714,99.46714,99.39763,99.41763,1000
2026-01-05T13:53:00-05:00,99.46643,99.48643,99.43176,99.45176,1000
2026-01-05T13:54:00-05:00,99.48761,99.50938,99.46761,99.48938,1000
2026-01-05T13:55:00-05:00,99.51152,99.54954,99.49152,99.52954,1000
2026-01-05T13:56:00-05:00,99.53899,99.59128,99.51899,99.57128,1000
2026-01-05T13:57:00-05:00,99.57075,99.63375,99.55075,99.61375,1000
2026-01-05T13:58:00-05:00,99.60731,99.67629,99.58731,99.65629,1000
2026-01-05T13:59:00-05:00,99.64891,99.71848,99.62891,99.69848,1000
2026-01-05T14:00:00-05:00,99.69551,99.76021,99.67551,99.74021,1000
2026-01-05T14:01:00-05:00,99.74676,99.80167,99.72676,99.78167,1000
2026-01-05T14:02:00-05:00,99.80202,99.84330,99.78202,99.82330,1000
2026-01-05T14:03:00-05:00,99.86046,99.88576,99.84046,99.86576,1000
2026-01-05T14:04:00-05:00,99.92108,99.94108,99.88982,99.90982,1000
2026-01-05T14:05:00-05:00,99.98288,100.00288,99.93630,99.95630,1000
2026-01-05T14:06:00-05:00,100.04491,100.06491,99.98593,100.00593,1000
2026-01-05T14:07:00-05:00,100.10637,100.12637,100.03929,100.05929,1000
2026-01-05T14:08:00-05:00,100.16671,100.18671,100.09672,100.11672,1000
2026-01-05T14:09:00-05:00,100.22566,100.24566,100.15824,100.17824,1000
2026-01-05T14:10:00-05:00,100.28323,100.30323,100.22362,100.24362,1000
2026-01-05T14:11:00-05:00,100.33973,100.35973,100.29228,100.31228,1000
2026-01-05T14:12:00-05:00,100.39572,100.41572,100.36346,100.38346,1000
2026-01-05T14:13:00-05:00,100.45190,100.47617,100.43190,100.45617,1000
2026-01-05T14:14:00-05:00,100.50906,100.54940,100.48906,100.52940,1000
2026-01-05T14:15:00-05:00,100.56796,100.62212,100.54796,100.60212,1000
2026-01-05T14:16:00-05:00,100.62922,100.69345,100.60922,100.67345,1000
2026-01-05T14:17:00-05:00,100.69327,100.76270,100.67327,100.74270,1000
2026-01-05T14:18:00-05:00,100.76027,100.82945,100.74027,100.80945,1000
2026-01-05T14:19:00-05:00,100.83008,100.89360,100.81008,100.87360,1000
2026-01-05T14:20:00-05:00,100.90224,100.95531,100.88224,100.93531,1000
2026-01-05T14:21:00-05:00,100.97605,101.01503,100.95605,100.99503,1000
2026-01-05T14:22:00-05:00,101.05061,101.07341,101.03061,101.05341,1000
2026-01-05T14:23:00-05:00,101.12490,101.14490,101.09121,101.11121,1000
2026-01-05T14:24:00-05:00,101.19787,101.21787,101.14920,101.16920,1000
2026-01-05T14:25:00-05:00,101.26858,101.28858,101.20808,101.22808,1000
2026-01-05T14:26:00-05:00,101.33624,101.35624,101.26838,101.28838,1000
2026-01-05T14:27:00-05:00,101.40033,101.42033,101.33037,101.35037,1000
2026-01-05T14:28:00-05:00,101.46060,101.48060,101.39404,101.41404,1000
2026-01-05T14:29:00-05:00,101.51712,101.53712,101.45909,101.47909,1000
2026-01-05T14:30:00-05:00,101.57024,101.59024,101.52492,101.54492,1000
2026-01-05T14:31:00-05:00,101.62054,101.64054,101.59072,101.61072,1000
2026-01-05T14:32:00-05:00,101.66875,101.69551,101.64875,101.67551,1000
2026-01-05T14:33:00-05:00,101.71568,101.75828,101.69568,101.73828,1000
2026-01-05T14:34:00-05:00,101.76210,101.81805,101.74210,101.79805,1000
2026-01-05T14:35:00-05:00,101.80862,101.87396,101.78862,101.85396,1000
2026-01-05T14:36:00-05:00,101.85566,101.92540,101.83566,101.90540,1000
2026-01-05T14:37:00-05:00,101.90337,101.97204,101.88337,101.95204,1000
2026-01-05T14:38:00-05:00,101.95160,102.01383,101.93160,101.99383,1000
2026-01-05T14:39:00-05:00,101.99989,102.05104,101.97989,102.03104,1000
2026-01-05T14:40:00-05:00,102.04755,102.08418,102.02755,102.06418,1000
2026-01-05T14:41:00-05:00,102.09369,102.11399,102.07369,102.09399,1000
2026-01-05T14:42:00-05:00,102.13735,102.15735,102.10127,102.12127,1000
2026-01-05T14:43:00-05:00,102.17755,102.19755,102.12686,102.14686,1000
2026-01-05T14:44:00-05:00,102.21340,102.23340,102.15149,102.17149,1000
2026-01-05T14:45:00-05:00,102.24424,102.26424,102.17572,102.19572,1000
2026-01-05T14:46:00-05:00,102.26964,102.28964,102.19985,102.21985,1000
2026-01-05T14:47:00-05:00,102.28948,102.30948,102.22389,102.24389,1000
2026-01-05T14:48:00-05:00,102.30393,102.32393,102.24758,102.26758,1000
2026-01-05T14:49:00-05:00,102.31347,102.33347,102.27035,102.29035,1000
2026-01-05T14:50:00-05:00,102.31879,102.33879,102.29144,102.31144,1000
2026-01-05T14:51:00-05:00,102.32072,102.34996,102.30072,102.32996,1000
2026-01-05T14:52:00-05:00,102.32014,102.36495,102.30014,102.34495,1000
2026-01-05T14:53:00-05:00,102.31791,102.37555,102.29791,102.35555,1000
2026-01-05T14:54:00-05:00,102.31470,102.38104,102.29470,102.36104,1000
2026-01-05T14:55:00-05:00,102.31098,102.38092,102.29098,102.36092,1000
2026-01-05T14:56:00-05:00,102.30696,102.37499,102.28696,102.35499,1000
2026-01-05T14:57:00-05:00,102.30253,102.36337,102.28253,102.34337,1000
2026-01-05T14:58:00-05:00,102.29729,102.34644,102.27729,102.32644,1000
2026-01-05T14:59:00-05:00,102.29063,102.32488,102.27063,102.30488,1000
2026-01-05T15:00:00-05:00,102.28174,102.30174,102.25953,102.27953,1000
2026-01-05T15:01:00-05:00,102.26973,102.28973,102.23130,102.25130,1000
2026-01-05T15:02:00-05:00,102.25375,102.27375,102.20113,102.22113,1000
2026-01-05T15:03:00-05:00,102.23306,102.25306,102.16983,102.18983,1000
2026-01-05T15:04:00-05:00,102.20710,102.22710,102.13803,102.15803,1000
2026-01-05T15:05:00-05:00,102.17560,102.19560,102.10609,102.12609,1000
2026-01-05T15:06:00-05:00,102.13860,102.15860,102.07410,102.09410,1000
2026-01-05T15:07:00-05:00,102.09642,102.11642,102.04183,102.06183,1000
2026-01-05T15:08:00-05:00,102.04967,102.06967,102.00880,102.02880,1000
2026-01-05T15:09:00-05:00,101.99918,102.01918,101.97432,101.99432,1000
2026-01-05T15:10:00-05:00,101.94590,101.97759,101.92590,101.95759,1000
2026-01-05T15:11:00-05:00,101.89082,101.93777,101.87082,101.91777,1000
2026-01-05T15:12:00-05:00,101.83486,101.89411,101.81486,101.87411,1000
2026-01-05T15:13:00-05:00,101.77877,101.84600,101.75877,101.82600,1000
2026-01-05T15:14:00-05:00,101.72310,101.79310,101.70310,101.77310,1000
2026-01-05T15:15:00-05:00,101.66809,101.73536,101.64809,101.71536,1000
2026-01-05T15:16:00-05:00,101.61368,101.67302,101.59368,101.65302,1000
2026-01-05T15:17:00-05:00,101.55955,101.60662,101.53955,101.58662,1000
2026-01-05T15:18:00-05:00,101.50511,101.53695,101.48511,101.51695,1000
2026-01-05T15:19:00-05:00,101.44965,101.46965,101.42494,101.44494,1000
2026-01-05T15:20:00-05:00,101.39236,101.41236,101.35162,101.37162,1000
2026-01-05T15:21:00-05:00,101.33248,101.35248,101.27799,101.29799,1000
2026-01-05T15:22:00-05:00,101.26936,101.28936,101.20493,101.22493,1000
2026-01-05T15:23:00-05:00,101.20258,101.22258,101.13309,101.15309,1000
2026-01-05T15:24:00-05:00,101.13199,101.15199,101.06289,101.08289,1000
2026-01-05T15:25:00-05:00,101.05772,101.07772,100.99442,101.01442,1000
2026-01-05T15:26:00-05:00,100.98023,101.00023,100.92749,100.94749,1000
2026-01-05T15:27:00-05:00,100.90022,100.92022,100.86165,100.88165,1000
2026-01-05T15:28:00-05:00,100.81860,100.83860,100.79624,100.81624,1000
2026-01-05T15:29:00-05:00,100.73639,100.77051,100.71639,100.75051,1000
2026-01-05T15:30:00-05:00,100.65464,100.70367,100.63464,100.68367,1000
2026-01-05T15:31:00-05:00,100.57429,100.63504,100.55429,100.61504,1000
2026-01-05T15:32:00-05:00,100.49612,100.56411,100.47612,100.54411,1000
2026-01-05T15:33:00-05:00,100.42066,100.49060,100.40066,100.47060,1000
2026-01-05T15:34:00-05:00,100.34815,100.41455,100.32815,100.39455,1000
2026-01-05T15:35:00-05:00,100.27852,100.33627,100.25852,100.31627,1000
2026-01-05T15:36:00-05:00,100.21144,100.25638,100.19144,100.23638,1000
2026-01-05T15:37:00-05:00,100.14632,100.17570,100.12632,100.15570,1000
2026-01-05T15:38:00-05:00,100.08243,100.10243,100.05523,100.07523,1000
2026-01-05T15:39:00-05:00,100.01900,100.03900,99.97601,99.99601,1000
2026-01-05T15:40:00-05:00,99.95527,99.97527,99.89902,99.91902,1000
2026-01-05T15:41:00-05:00,99.89065,99.91065,99.82512,99.84512,1000
2026-01-05T15:42:00-05:00,99.82473,99.84473,99.75495,99.77495,1000
2026-01-05T15:43:00-05:00,99.75741,99.77741,99.68885,99.70885,1000
2026-01-05T15:44:00-05:00,99.68887,99.70887,99.62688,99.64688,1000
2026-01-05T15:45:00-05:00,99.61958,99.63958,99.56878,99.58878,1000
2026-01-05T15:46:00-05:00,99.55028,99.57028,99.51406,99.53406,1000
2026-01-05T15:47:00-05:00,99.48186,99.50201,99.46186,99.48201,1000
2026-01-05T15:48:00-05:00,99.41535,99.45185,99.39535,99.43185,1000
2026-01-05T15:49:00-05:00,99.35172,99.40276,99.33172,99.38276,1000
2026-01-05T15:50:00-05:00,99.29190,99.35405,99.27190,99.33405,1000
2026-01-05T15:51:00-05:00,99.23657,99.30520,99.21657,99.28520,1000
2026-01-05T15:52:00-05:00,99.18618,99.25594,99.16618,99.23594,1000
2026-01-05T15:53:00-05:00,99.14088,99.20629,99.12088,99.18629,1000
2026-01-05T15:54:00-05:00,99.10051,99.15657,99.08051,99.13657,1000
2026-01-05T15:55:00-05:00,99.06463,99.10737,99.04463,99.08737,1000
2026-01-05T15:56:00-05:00,99.03258,99.05949,99.01258,99.03949,1000
2026-01-05T15:57:00-05:00,99.00355,99.02355,98.97388,98.99388,1000
2026-01-05T15:58:00-05:00,98.97669,98.99669,98.93149,98.95149,1000
2026-01-05T15:59:00-05:00,98.95119,98.97119,98.89326,98.91326,1000
2026-01-06T09:30:00-05:00,98.92642,98.94642,98.85991,98.87991,1000
2026-01-06T09:31:00-05:00,98.90193,98.92193,98.83198,98.85198,1000
2026-01-06T09:32:00-05:00,98.87759,98.89759,98.80968,98.82968,1000
2026-01-06T09:33:00-05:00,98.85353,98.87353,98.79295,98.81295,1000
2026-01-06T09:34:00-05:00,98.83019,98.85019,98.78140,98.80140,1000
2026-01-06T09:35:00-05:00,98.80824,98.82824,98.77441,98.79441,1000
2026-01-06T09:36:00-05:00,98.78852,98.81117,98.76852,98.79117,1000
2026-01-06T09:37:00-05:00,98.77195,98.81079,98.75195,98.79079,1000
2026-01-06T09:38:00-05:00,98.75942,98.81238,98.73942,98.79238,1000
2026-01-06T09:39:00-05:00,98.75172,98.81517,98.73172,98.79517,1000
2026-01-06T09:40:00-05:00,98.74941,98.81856,98.72941,98.79856,1000
2026-01-06T09:41:00-05:00,98.75279,98.82224,98.73279,98.80224,1000
2026-01-06T09:42:00-05:00,98.76187,98.82617,98.74187,98.80617,1000
2026-01-06T09:43:00-05:00,98.77634,98.83061,98.75634,98.81061,1000
2026-01-06T09:44:00-05:00,98.79561,98.83608,98.77561,98.81608,1000
2026-01-06T09:45:00-05:00,98.81890,98.84332,98.79890,98.82332,1000
2026-01-06T09:46:00-05:00,98.84528,98.86528,98.81316,98.83316,1000
2026-01-06T09:47:00-05:00,98.87379,98.89379,98.82647,98.84647,1000
2026-01-06T09:48:00-05:00,98.90356,98.92356,98.84404,98.86404,1000
2026-01-06T09:49:00-05:00,98.93384,98.95384,98.86647,98.88647,1000
2026-01-06T09:50:00-05:00,98.96415,98.98415,98.89416,98.91416,1000
2026-01-06T09:51:00-05:00,98.99429,99.01429,98.92716,98.94716,1000
2026-01-06T09:52:00-05:00,99.02432,99.04432,98.96526,98.98526,1000
2026-01-06T09:53:00-05:00,99.05463,99.07463,99.00793,99.02793,1000
2026-01-06T09:54:00-05:00,99.08582,99.10582,99.05442,99.07442,1000
2026-01-06T09:55:00-05:00,99.11864,99.14379,99.09864,99.12379,1000
2026-01-06T09:56:00-05:00,99.15391,99.19506,99.13391,99.17506,1000
2026-01-06T09:57:00-05:00,99.19243,99.24724,99.17243,99.22724,1000
2026-01-06T09:58:00-05:00,99.23485,99.29948,99.21485,99.27948,1000
2026-01-06T09:59:00-05:00,99.28160,99.35115,99.26160,99.33115,1000
2026-01-06T10:00:00-05:00,99.33286,99.40187,99.31286,99.38187,1000
2026-01-06T10:01:00-05:00,99.38849,99.45156,99.36849,99.43156,1000
2026-01-06T10:02:00-05:00,99.44804,99.50045,99.42804,99.48045,1000
2026-01-06T10:03:00-05:00,99.51083,99.54899,99.49083,99.52899,1000
2026-01-06T10:04:00-05:00,99.57595,99.59786,99.55595,99.57786,1000
2026-01-06T10:05:00-05:00,99.64238,99.66238,99.60784,99.62784,1000
2026-01-06T10:06:00-05:00,99.70910,99.72910,99.65971,99.67971,1000
2026-01-06T10:07:00-05:00,99.77517,99.79517,99.71417,99.73417,1000
2026-01-06T10:08:00-05:00,99.83983,99.85983,99.77172,99.79172,1000
2026-01-06T10:09:00-05:00,99.90255,99.92255,99.83263,99.85263,1000
2026-01-06T10:10:00-05:00,99.96311,99.98311,99.89688,99.91688,1000
2026-01-06T10:11:00-05:00,100.02159,100.04159,99.96414,99.98414,1000
2026-01-06T10:12:00-05:00,100.07833,100.09833,100.03378,100.05378,1000
2026-01-06T10:13:00-05:00,100.13392,100.15392,100.10497,100.12497,1000
2026-01-06T10:14:00-05:00,100.18908,100.21672,100.16908,100.19672,1000
2026-01-06T10:15:00-05:00,100.24459,100.28798,100.22459,100.26798,1000
2026-01-06T10:16:00-05:00,100.30120,100.35776,100.28120,100.33776,1000
2026-01-06T10:17:00-05:00,100.35949,100.42520,100.33949,100.40520,1000
2026-01-06T10:18:00-05:00,100.41984,100.48966,100.39984,100.46966,1000
2026-01-06T10:19:00-05:00,100.48235,100.55080,100.46235,100.53080,1000
2026-01-06T10:20:00-05:00,100.54681,100.60856,100.52681,100.58856,1000
2026-01-06T10:21:00-05:00,100.61272,100.66318,100.59272,100.64318,1000
2026-01-06T10:22:00-05:00,100.67935,100.71515,100.65935,100.69515,1000
2026-01-06T10:23:00-05:00,100.74576,100.76576,100.72517,100.74517,1000
2026-01-06T10:24:00-05:00,100.81092,100.83092,100.77400,100.79400,1000
2026-01-06T10:25:00-05:00,100.87382,100.89382,100.82244,100.84244,1000
2026-01-06T10:26:00-05:00,100.93355,100.95355,100.87116,100.89116,1000
2026-01-06T10:27:00-05:00,100.98938,101.00938,100.92065,100.94065,1000
2026-01-06T10:28:00-05:00,101.04086,101.06086,100.97115,100.99115,1000
2026-01-06T10:29:00-05:00,101.08783,101.10783,101.02261,101.04261,1000
2026-01-06T10:30:00-05:00,101.13042,101.15042,101.07468,101.09468,1000
2026-01-06T10:31:00-05:00,101.16907,101.18907,101.12673,101.14673,1000
2026-01-06T10:32:00-05:00,101.20440,101.22440,101.17793,101.19793,1000
2026-01-06T10:33:00-05:00,101.23720,101.26731,101.21720,101.24731,1000
2026-01-06T10:34:00-05:00,101.26830,101.31387,101.24830,101.29387,1000
2026-01-06T10:35:00-05:00,101.29845,101.35667,101.27845,101.33667,1000
2026-01-06T10:36:00-05:00,101.32828,101.39495,101.30828,101.37495,1000
2026-01-06T10:37:00-05:00,101.35818,101.42815,101.33818,101.40815,1000
2026-01-06T10:38:00-05:00,101.38825,101.45603,101.36825,101.43603,1000
2026-01-06T10:39:00-05:00,101.41831,101.47863,101.39831,101.45863,1000
2026-01-06T10:40:00-05:00,101.44789,101.49632,101.42789,101.47632,1000
2026-01-06T10:41:00-05:00,101.47628,101.50968,101.45628,101.48968,1000
2026-01-06T10:42:00-05:00,101.50259,101.52259,101.47950,101.49950,1000
2026-01-06T10:43:00-05:00,101.52589,101.54589,101.48663,101.50663,1000
2026-01-06T10:44:00-05:00,101.54522,101.56522,101.49193,101.51193,1000
2026-01-06T10:45:00-05:00,101.55980,101.57980,101.49614,101.51614,1000
2026-01-06T10:46:00-05:00,101.56902,101.58902,101.49979,101.51979,1000
2026-01-06T10:47:00-05:00,101.57255,101.59255,101.50317,101.52317,1000
2026-01-06T10:48:00-05:00,101.57036,101.59036,101.50627,101.52627,1000
2026-01-06T10:49:00-05:00,101.56273,101.58273,101.50878,101.52878,1000
2026-01-06T10:50:00-05:00,101.55022,101.57022,101.51015,101.53015,1000
2026-01-06T10:51:00-05:00,101.53358,101.55358,101.50960,101.52960,1000
2026-01-06T10:52:00-05:00,101.51372,101.54627,101.49372,101.52627,1000
2026-01-06T10:53:00-05:00,101.49154,101.53923,101.47154,101.51923,1000
2026-01-06T10:54:00-05:00,101.46790,101.52769,101.44790,101.50769,1000
2026-01-06T10:55:00-05:00,101.44349,101.51100,101.42349,101.49100,1000
2026-01-06T10:56:00-05:00,101.41876,101.48876,101.39876,101.46876,1000
2026-01-06T10:57:00-05:00,101.39388,101.46086,101.37388,101.44086,1000
2026-01-06T10:58:00-05:00,101.36872,101.42751,101.34872,101.40751,1000
2026-01-06T10:59:00-05:00,101.34288,101.38921,101.32288,101.36921,1000
2026-01-06T11:00:00-05:00,101.31572,101.34669,101.29572,101.32669,1000
2026-01-06T11:01:00-05:00,101.28645,101.30645,101.26085,101.28085,1000
2026-01-06T11:02:00-05:00,101.25421,101.27421,101.21267,101.23267,1000
2026-01-06T11:03:00-05:00,101.21820,101.23820,101.16308,101.18308,1000
2026-01-06T11:04:00-05:00,101.17774,101.19774,101.11290,101.13290,1000
2026-01-06T11:05:00-05:00,101.13236,101.15236,101.06275,101.08275,1000
2026-01-06T11:06:00-05:00,101.08188,101.10188,101.01296,101.03296,1000
2026-01-06T11:07:00-05:00,101.02644,101.04644,100.96358,100.98358,1000
2026-01-06T11:08:00-05:00,100.96644,100.98644,100.91437,100.93437,1000
2026-01-06T11:09:00-05:00,100.90257,100.92257,100.86482,100.88482,1000
2026-01-06T11:10:00-05:00,100.83572,100.85572,100.81424,100.83424,1000
2026-01-06T11:11:00-05:00,100.76688,100.80184,100.74688,100.78184,1000
2026-01-06T11:12:00-05:00,100.69707,100.74682,100.67707,100.72682,1000
2026-01-06T11:13:00-05:00,100.62720,100.68846,100.60720,100.66846,1000
2026-01-06T11:14:00-05:00,100.55802,100.62624,100.53802,100.60624,1000
2026-01-06T11:15:00-05:00,100.49002,100.55991,100.47002,100.53991,1000
2026-01-06T11:16:00-05:00,100.42341,100.48947,100.40341,100.46947,1000
2026-01-06T11:17:00-05:00,100.35810,100.41526,100.33810,100.39526,1000
2026-01-06T11:18:00-05:00,100.29373,100.33789,100.27373,100.31789,1000
2026-01-06T11:19:00-05:00,100.22969,100.25820,100.20969,100.23820,1000
2026-01-06T11:20:00-05:00,100.16526,100.18526,100.13718,100.15718,1000
2026-01-06T11:21:00-05:00,100.09964,100.11964,100.05586,100.07586,1000
2026-01-06T11:22:00-05:00,100.03210,100.05210,99.97524,99.99524,1000
2026-01-06T11:23:00-05:00,99.96206,99.98206,99.89617,99.91617,1000
2026-01-06T11:24:00-05:00,99.88913,99.90913,99.81928,99.83928,1000
2026-01-06T11:25:00-05:00,99.81325,99.83325,99.74490,99.76490,1000
2026-01-06T11:26:00-05:00,99.73461,99.75461,99.67311,99.69311,1000
2026-01-06T11:27:00-05:00,99.65374,99.67374,99.60364,99.62364,1000
2026-01-06T11:28:00-05:00,99.57138,99.59138,99.53600,99.55600,1000
2026-01-06T11:29:00-05:00,99.48848,99.50951,99.46848,99.48951,1000
2026-01-06T11:30:00-05:00,99.40608,99.44341,99.38608,99.42341,1000
2026-01-06T11:31:00-05:00,99.32520,99.37692,99.30520,99.35692,1000
2026-01-06T11:32:00-05:00,99.24676,99.30938,99.22676,99.28938,1000
2026-01-06T11:33:00-05:00,99.17149,99.24032,99.15149,99.22032,1000
2026-01-06T11:34:00-05:00,99.09986,99.16952,99.07986,99.14952,1000
2026-01-06T11:35:00-05:00,99.03204,99.09707,99.01204,99.07707,1000
2026-01-06T11:36:00-05:00,98.96790,99.02333,98.94790,99.00333,1000
2026-01-06T11:37:00-05:00,98.90702,98.94896,98.88702,98.92896,1000
2026-01-06T11:38:00-05:00,98.84879,98.87482,98.82879,98.85482,1000
2026-01-06T11:39:00-05:00,98.79244,98.81244,98.76190,98.78190,1000
2026-01-06T11:40:00-05:00,98.73717,98.75717,98.69122,98.71122,1000
2026-01-06T11:41:00-05:00,98.68225,98.70225,98.62374,98.64374,1000
2026-01-06T11:42:00-05:00,98.62708,98.64708,98.56026,98.58026,1000
2026-01-06T11:43:00-05:00,98.57132,98.59132,98.50133,98.52133,1000
2026-01-06T11:44:00-05:00,98.51488,98.53488,98.44724,98.46724,1000
2026-01-06T11:45:00-05:00,98.45800,98.47800,98.39794,98.41794,1000
2026-01-06T11:46:00-05:00,98.40117,98.42117,98.35311,98.37311,1000
2026-01-06T11:47:00-05:00,98.34515,98.36515,98.31217,98.33217,1000
2026-01-06T11:48:00-05:00,98.29085,98.31438,98.27085,98.29438,1000
2026-01-06T11:49:00-05:00,98.23925,98.27891,98.21925,98.25891,1000
2026-01-06T11:50:00-05:00,98.19131,98.24494,98.17131,98.22494,1000
2026-01-06T11:51:00-05:00,98.14788,98.21176,98.12788,98.19176,1000
2026-01-06T11:52:00-05:00,98.10958,98.17888,98.08958,98.15888,1000
2026-01-06T11:53:00-05:00,98.07676,98.14607,98.05676,98.12607,1000
2026-01-06T11:54:00-05:00,98.04948,98.11336,98.02948,98.09336,1000
2026-01-06T11:55:00-05:00,98.02748,98.08110,98.00748,98.06110,1000
2026-01-06T11:56:00-05:00,98.01025,98.04991,97.99025,98.02991,1000
2026-01-06T11:57:00-05:00,97.99705,98.02058,97.97705,98.00058,1000
2026-01-06T11:58:00-05:00,97.98702,98.00702,97.95405,97.97405,1000
2026-01-06T11:59:00-05:00,97.97929,97.99929,97.93123,97.95123,1000
2026-01-06T12:00:00-05:00,97.97304,97.99304,97.91298,97.93298,1000
2026-01-06T12:01:00-05:00,97.96762,97.98762,97.89997,97.91997,1000
2026-01-06T12:02:00-05:00,97.96262,97.98262,97.89264,97.91264,1000
2026-01-06T12:03:00-05:00,97.95793,97.97793,97.89111,97.91111,1000
2026-01-06T12:04:00-05:00,97.95371,97.97371,97.89520,97.91520,1000
2026-01-06T12:05:00-05:00,97.95040,97.97040,97.90445,97.92445,1000
2026-01-06T12:06:00-05:00,97.94870,97.96870,97.91816,97.93816,1000
2026-01-06T12:07:00-05:00,97.94941,97.97545,97.92941,97.95545,1000
2026-01-06T12:08:00-05:00,97.95344,97.99538,97.93344,97.97538,1000
2026-01-06T12:09:00-05:00,97.96162,98.01706,97.94162,97.99706,1000
2026-01-06T12:10:00-05:00,97.97466,98.03969,97.95466,98.01969,1000
2026-01-06T12:11:00-05:00,97.99305,98.06272,97.97305,98.04272,1000
2026-01-06T12:12:00-05:00,98.01700,98.08583,97.99700,98.06583,1000
2026-01-06T12:13:00-05:00,98.04640,98.10902,98.02640,98.08902,1000
2026-01-06T12:14:00-05:00,98.08085,98.13257,98.06085,98.11257,1000
2026-01-06T12:15:00-05:00,98.11970,98.15703,98.09970,98.13703,1000
2026-01-06T12:16:00-05:00,98.16207,98.18311,98.14207,98.16311,1000
2026-01-06T12:17:00-05:00,98.20702,98.22702,98.17163,98.19163,1000
2026-01-06T12:18:00-05:00,98.25354,98.27354,98.20344,98.22344,1000
2026-01-06T12:19:00-05:00,98.30075,98.32075,98.23924,98.25924,1000
2026-01-06T12:20:00-05:00,98.34793,98.36793,98.27959,98.29959,1000
2026-01-06T12:21:00-05:00,98.39462,98.41462,98.32476,98.34476,1000
2026-01-06T12:22:00-05:00,98.44064,98.46064,98.37476,98.39476,1000
2026-01-06T12:23:00-05:00,98.48611,98.50611,98.42925,98.44925,1000
2026-01-06T12:24:00-05:00,98.53142,98.55142,98.48765,98.50765,1000
2026-01-06T12:25:00-05:00,98.57719,98.59719,98.54912,98.56912,1000
2026-01-06T12:26:00-05:00,98.62418,98.65269,98.60418,98.63269,1000
2026-01-06T12:27:00-05:00,98.67317,98.71734,98.65317,98.69734,1000
2026-01-06T12:28:00-05:00,98.72493,98.78209,98.70493,98.76209,1000
2026-01-06T12:29:00-05:00,98.78005,98.84611,98.76005,98.82611,1000
2026-01-06T12:30:00-05:00,98.83889,98.90878,98.81889,98.88878,1000
2026-01-06T12:31:00-05:00,98.90155,98.96978,98.88155,98.94978,1000
2026-01-06T12:32:00-05:00,98.96781,99.02907,98.94781,99.00907,1000
2026-01-06T12:33:00-05:00,99.03716,99.08691,99.01716,99.06691,1000
2026-01-06T12:34:00-05:00,99.10884,99.14380,99.08884,99.12380,1000
2026-01-06T12:35:00-05:00,99.18191,99.20191,99.16044,99.18044,1000
2026-01-06T12:36:00-05:00,99.25533,99.27533,99.21759,99.23759,1000
2026-01-06T12:37:00-05:00,99.32808,99.34808,99.27602,99.29602,1000
2026-01-06T12:38:00-05:00,99.39924,99.41924,99.33638,99.35638,1000
2026-01-06T12:39:00-05:00,99.46808,99.48808,99.39915,99.41915,1000
2026-01-06T12:40:00-05:00,99.53413,99.55413,99.46452,99.48452,1000
2026-01-06T12:41:00-05:00,99.59724,99.61724,99.53241,99.55241,1000
2026-01-06T12:42:00-05:00,99.65752,99.67752,99.60240,99.62240,1000
2026-01-06T12:43:00-05:00,99.71539,99.73539,99.67385,99.69385,1000
2026-01-06T12:44:00-05:00,99.77147,99.79147,99.74588,99.76588,1000
2026-01-06T12:45:00-05:00,99.82650,99.85747,99.80650,99.83747,1000
2026-01-06T12:46:00-05:00,99.88127,99.92760,99.86127,99.90760,1000
2026-01-06T12:47:00-05:00,99.93650,99.99529,99.91650,99.97529,1000
2026-01-06T12:48:00-05:00,99.99276,100.05973,99.97276,100.03973,1000
2026-01-06T12:49:00-05:00,100.05037,100.12036,100.03037,100.10036,1000
2026-01-06T12:50:00-05:00,100.10938,100.17689,100.08938,100.15689,1000
2026-01-06T12:51:00-05:00,100.16954,100.22933,100.14954,100.20933,1000
2026-01-06T12:52:00-05:00,100.23032,100.27801,100.21032,100.25801,1000
2026-01-06T12:53:00-05:00,100.29093,100.32348,100.27093,100.30348,1000
2026-01-06T12:54:00-05:00,100.35045,100.37045,100.32647,100.34647,1000
2026-01-06T12:55:00-05:00,100.40784,100.42784,100.36778,100.38778,1000
2026-01-06T12:56:00-05:00,100.46214,100.48214,100.40820,100.42820,1000
2026-01-06T12:57:00-05:00,100.51248,100.53248,100.44839,100.46839,1000
2026-01-06T12:58:00-05:00,100.55822,100.57822,100.48884,100.50884,1000
2026-01-06T12:59:00-05:00,100.59896,100.61896,100.52973,100.54973,1000
2026-01-06T13:00:00-05:00,100.63465,100.65465,100.57098,100.59098,1000
2026-01-06T13:01:00-05:00,100.66550,100.68550,100.61221,100.63221,1000
2026-01-06T13:02:00-05:00,100.69202,100.71202,100.65277,100.67277,1000
2026-01-06T13:03:00-05:00,100.71491,100.73491,100.69181,100.71181,1000
2026-01-06T13:04:00-05:00,100.73499,100.76839,100.71499,100.74839,1000
2026-01-06T13:05:00-05:00,100.75312,100.80154,100.73312,100.78154,1000
2026-01-06T13:06:00-05:00,100.77006,100.83038,100.75006,100.81038,1000
2026-01-06T13:07:00-05:00,100.78643,100.85420,100.76643,100.83420,1000
2026-01-06T13:08:00-05:00,100.80259,100.87256,100.78259,100.85256,1000
2026-01-06T13:09:00-05:00,100.81862,100.88529,100.79862,100.86529,1000
2026-01-06T13:10:00-05:00,100.83431,100.89254,100.81431,100.87254,1000
2026-01-06T13:11:00-05:00,100.84918,100.89475,100.82918,100.87475,1000
2026-01-06T13:12:00-05:00,100.86249,100.89260,100.84249,100.87260,1000
2026-01-06T13:13:00-05:00,100.87339,100.89339,100.84692,100.86692,1000
2026-01-06T13:14:00-05:00,100.88096,100.90096,100.83862,100.85862,1000
2026-01-06T13:15:00-05:00,100.88431,100.90431,100.82856,100.84856,1000
2026-01-06T13:16:00-05:00,100.88271,100.90271,100.81749,100.83749,1000
2026-01-06T13:17:00-05:00,100.87565,100.89565,100.80594,100.82594,1000
2026-01-06T13:18:00-05:00,100.86289,100.88289,100.79416,100.81416,1000
2026-01-06T13:19:00-05:00,100.84451,100.86451,100.78212,100.80212,1000
2026-01-06T13:20:00-05:00,100.82087,100.84087,100.76949,100.78949,1000
2026-01-06T13:21:00-05:00,100.79263,100.81263,100.75571,100.77571,1000
2026-01-06T13:22:00-05:00,100.76060,100.78060,100.74001,100.76001,1000
2026-01-06T13:23:00-05:00,100.72573,100.76153,100.70573,100.74153,1000
2026-01-06T13:24:00-05:00,100.68896,100.73941,100.66896,100.71941,1000
2026-01-06T13:25:00-05:00,100.65116,100.71291,100.63116,100.69291,1000
2026-01-06T13:26:00-05:00,100.61300,100.68146,100.59300,100.66146,1000
2026-01-06T13:27:00-05:00,100.57492,100.64475,100.55492,100.62475,1000
2026-01-06T13:28:00-05:00,100.53706,100.60277,100.51706,100.58277,1000
2026-01-06T13:29:00-05:00,100.49926,100.55582,100.47926,100.53582,1000
2026-01-06T13:30:00-05:00,100.46110,100.50448,100.44110,100.48448,1000
2026-01-06T13:31:00-05:00,100.42192,100.44956,100.40192,100.42956,1000
2026-01-06T13:32:00-05:00,100.38096,100.40096,100.35202,100.37202,1000
2026-01-06T13:33:00-05:00,100.33739,100.35739,100.29284,100.31284,1000
2026-01-06T13:34:00-05:00,100.29045,100.31045,100.23299,100.25299,1000
2026-01-06T13:35:00-05:00,100.23951,100.25951,100.17328,100.19328,1000
2026-01-06T13:36:00-05:00,100.18420,100.20420,100.11429,100.13429,1000
2026-01-06T13:37:00-05:00,100.12443,100.14443,100.05632,100.07632,1000
2026-01-06T13:38:00-05:00,100.06040,100.08040,99.99939,100.01939,1000
2026-01-06T13:39:00-05:00,99.99261,100.01261,99.94322,99.96322,1000
2026-01-06T13:40:00-05:00,99.92182,99.94182,99.88728,99.90728,1000
2026-01-06T13:41:00-05:00,99.84895,99.87087,99.82895,99.85087,1000
2026-01-06T13:42:00-05:00,99.77505,99.81321,99.75505,99.79321,1000
2026-01-06T13:43:00-05:00,99.70112,99.75353,99.68112,99.73353,1000
2026-01-06T13:44:00-05:00,99.62807,99.69115,99.60807,99.67115,1000
2026-01-06T13:45:00-05:00,99.55662,99.62563,99.53662,99.60563,1000
2026-01-06T13:46:00-05:00,99.48722,99.55677,99.46722,99.53677,1000
2026-01-06T13:47:00-05:00,99.42002,99.48465,99.40002,99.46465,1000
2026-01-06T13:48:00-05:00,99.35489,99.40969,99.33489,99.38969,1000
2026-01-06T13:49:00-05:00,99.29142,99.33256,99.27142,99.31256,1000
2026-01-06T13:50:00-05:00,99.22898,99.25413,99.20898,99.23413,1000
2026-01-06T13:51:00-05:00,99.16682,99.18682,99.13542,99.15542,1000
2026-01-06T13:52:00-05:00,99.10418,99.12418,99.05747,99.07747,1000
2026-01-06T13:53:00-05:00,99.04033,99.06033,98.98126,99.00126,1000
2026-01-06T13:54:00-05:00,98.97472,98.99472,98.90759,98.92759,1000
2026-01-06T13:55:00-05:00,98.90705,98.92705,98.83705,98.85705,1000
2026-01-06T13:56:00-05:00,98.83728,98.85728,98.76991,98.78991,1000
2026-01-06T13:57:00-05:00,98.76569,98.78569,98.70617,98.72617,1000
2026-01-06T13:58:00-05:00,98.69283,98.71283,98.64551,98.66551,1000
2026-01-06T13:59:00-05:00,98.61951,98.63951,98.58739,98.60739,1000
2026-01-06T14:00:00-05:00,98.54668,98.57110,98.52668,98.55110,1000
2026-01-06T14:01:00-05:00,98.47537,98.51584,98.45537,98.49584,1000
2026-01-06T14:02:00-05:00,98.40659,98.46086,98.38659,98.44086,1000
2026-01-06T14:03:00-05:00,98.34121,98.40551,98.32121,98.38551,1000
2026-01-06T14:04:00-05:00,98.27990,98.34935,98.25990,98.32935,1000
2026-01-06T14:05:00-05:00,98.22305,98.29220,98.20305,98.27220,1000
2026-01-06T14:06:00-05:00,98.17075,98.23420,98.15075,98.21420,1000
2026-01-06T14:07:00-05:00,98.12279,98.17575,98.10279,98.15575,1000
2026-01-06T14:08:00-05:00,98.07870,98.11755,98.05870,98.09755,1000
2026-01-06T14:09:00-05:00,98.03780,98.06045,98.01780,98.04045,1000
2026-01-06T14:10:00-05:00,97.99928,98.01928,97.96545,97.98545,1000
2026-01-06T14:11:00-05:00,97.96232,97.98232,97.91353,97.93353,1000
2026-01-06T14:12:00-05:00,97.92620,97.94620,97.86561,97.88561,1000
2026-01-06T14:13:00-05:00,97.89033,97.91033,97.82242,97.84242,1000
2026-01-06T14:14:00-05:00,97.85439,97.87439,97.78443,97.80443,1000
2026-01-06T14:15:00-05:00,97.81834,97.83834,97.75183,97.77183,1000
2026-01-06T14:16:00-05:00,97.78243,97.80243,97.72449,97.74449,1000
2026-01-06T14:17:00-05:00,97.74719,97.76719,97.70200,97.72200,1000
2026-01-06T14:18:00-05:00,97.71338,97.73338,97.68371,97.70371,1000
2026-01-06T14:19:00-05:00,97.68191,97.70882,97.66191,97.68882,1000
2026-01-06T14:20:00-05:00,97.65373,97.69647,97.63373,97.67647,1000
2026-01-06T14:21:00-05:00,97.62975,97.68581,97.60975,97.66581,1000
2026-01-06T14:22:00-05:00,97.61075,97.67615,97.59075,97.65615,1000
2026-01-06T14:23:00-05:00,97.59725,97.66700,97.57725,97.64700,1000
2026-01-06T14:24:00-05:00,97.58952,97.65815,97.56952,97.63815,1000
2026-01-06T14:25:00-05:00,97.58752,97.64968,97.56752,97.62968,1000
2026-01-06T14:26:00-05:00,97.59091,97.64194,97.57091,97.62194,1000
2026-01-06T14:27:00-05:00,97.59907,97.63557,97.57907,97.61557,1000
2026-01-06T14:28:00-05:00,97.61120,97.63135,97.59120,97.61135,1000
2026-01-06T14:29:00-05:00,97.62641,97.64641,97.59019,97.61019,1000
2026-01-06T14:30:00-05:00,97.64377,97.66377,97.59297,97.61297,1000
2026-01-06T14:31:00-05:00,97.66247,97.68247,97.60047,97.62047,1000
2026-01-06T14:32:00-05:00,97.68186,97.70186,97.61330,97.63330,1000
2026-01-06T14:33:00-05:00,97.70156,97.72156,97.63178,97.65178,1000
2026-01-06T14:34:00-05:00,97.72147,97.74147,97.65594,97.67594,1000
2026-01-06T14:35:00-05:00,97.74177,97.76177,97.68552,97.70552,1000
2026-01-06T14:36:00-05:00,97.76294,97.78294,97.71995,97.73995,1000
2026-01-06T14:37:00-05:00,97.78566,97.80566,97.75846,97.77846,1000
2026-01-06T14:38:00-05:00,97.81073,97.84011,97.79073,97.82011,1000
2026-01-06T14:39:00-05:00,97.83901,97.88395,97.81901,97.86395,1000
2026-01-06T14:40:00-05:00,97.87130,97.92904,97.85130,97.90904,1000
2026-01-06T14:41:00-05:00,97.90821,97.97461,97.88821,97.95461,1000
2026-01-06T14:42:00-05:00,97.95016,98.02010,97.93016,98.00010,1000
2026-01-06T14:43:00-05:00,97.99727,98.06525,97.97727,98.04525,1000
2026-01-06T14:44:00-05:00,98.04933,98.11008,98.02933,98.09008,1000
2026-01-06T14:45:00-05:00,98.10586,98.15489,98.08586,98.13489,1000
2026-01-06T14:46:00-05:00,98.16612,98.20023,98.14612,98.18023,1000
2026-01-06T14:47:00-05:00,98.22920,98.24920,98.20684,98.22684,1000
2026-01-06T14:48:00-05:00,98.29408,98.31408,98.25551,98.27551,1000
2026-01-06T14:49:00-05:00,98.35977,98.37977,98.30704,98.32704,1000
2026-01-06T14:50:00-05:00,98.42539,98.44539,98.36209,98.38209,1000
2026-01-06T14:51:00-05:00,98.49024,98.51024,98.42114,98.44114,1000
2026-01-06T14:52:00-05:00,98.55388,98.57388,98.48439,98.50439,1000
2026-01-06T14:53:00-05:00,98.61619,98.63619,98.55176,98.57176,1000
2026-01-06T14:54:00-05:00,98.67731,98.69731,98.62283,98.64283,1000
2026-01-06T14:55:00-05:00,98.73768,98.75768,98.69694,98.71694,1000
2026-01-06T14:56:00-05:00,98.79792,98.81792,98.77321,98.79321,1000
2026-01-06T14:57:00-05:00,98.85880,98.89064,98.83880,98.87064,1000
2026-01-06T14:58:00-05:00,98.92110,98.96818,98.90110,98.94818,1000
2026-01-06T14:59:00-05:00,98.98553,99.04487,98.96553,99.02487,1000
2026-01-06T15:00:00-05:00,99.05263,99.11990,99.03263,99.09990,1000
2026-01-06T15:01:00-05:00,99.12271,99.19271,99.10271,99.17271,1000
2026-01-06T15:02:00-05:00,99.19579,99.26301,99.17579,99.24301,1000
2026-01-06T15:03:00-05:00,99.27159,99.33084,99.25159,99.31084,1000
2026-01-06T15:04:00-05:00,99.34953,99.39648,99.32953,99.37648,1000
2026-01-06T15:05:00-05:00,99.42881,99.46049,99.40881,99.44049,1000
2026-01-06T15:06:00-05:00,99.50845,99.52845,99.48359,99.50359,1000
2026-01-06T15:07:00-05:00,99.58741,99.60741,99.54654,99.56654,1000
2026-01-06T15:08:00-05:00,99.66469,99.68469,99.61010,99.63010,1000
2026-01-06T15:09:00-05:00,99.73940,99.75940,99.67490,99.69490,1000
2026-01-06T15:10:00-05:00,99.81087,99.83087,99.74136,99.76136,1000
2026-01-06T15:11:00-05:00,99.87869,99.89869,99.80962,99.82962,1000
2026-01-06T15:12:00-05:00,99.94276,99.96276,99.87953,99.89953,1000
2026-01-06T15:13:00-05:00,100.00329,100.02329,99.95067,99.97067,1000
2026-01-06T15:14:00-05:00,100.06074,100.08074,100.02231,100.04231,1000
2026-01-06T15:15:00-05:00,100.11577,100.13577,100.09356,100.11356,1000
2026-01-06T15:16:00-05:00,100.16917,100.20342,100.14917,100.18342,1000
2026-01-06T15:17:00-05:00,100.22172,100.27087,100.20172,100.25087,1000
2026-01-06T15:18:00-05:00,100.27414,100.33498,100.25414,100.31498,1000
2026-01-06T15:19:00-05:00,100.32697,100.39500,100.30697,100.37500,1000
2026-01-06T15:20:00-05:00,100.38050,100.45043,100.36050,100.43043,1000
2026-01-06T15:21:00-05:00,100.43474,100.50108,100.41474,100.48108,1000
2026-01-06T15:22:00-05:00,100.48939,100.54704,100.46939,100.52704,1000
2026-01-06T15:23:00-05:00,100.54390,100.58871,100.52390,100.56871,1000
2026-01-06T15:24:00-05:00,100.59746,100.62670,100.57746,100.60670,1000
2026-01-06T15:25:00-05:00,100.64914,100.66914,100.62179,100.64179,1000
2026-01-06T15:26:00-05:00,100.69796,100.71796,100.65483,100.67483,1000
2026-01-06T15:27:00-05:00,100.74296,100.76296,100.68660,100.70660,1000
2026-01-06T15:28:00-05:00,100.78336,100.80336,100.71777,100.73777,1000
2026-01-06T15:29:00-05:00,100.81858,100.83858,100.74879,100.76879,1000
2026-01-06T15:30:00-05:00,100.84835,100.86835,100.77982,100.79982,1000
2026-01-06T15:31:00-05:00,100.87267,100.89267,100.81075,100.83075,1000
2026-01-06T15:32:00-05:00,100.89186,100.91186,100.84117,100.86117,1000
2026-01-06T15:33:00-05:00,100.90650,100.92650,100.87042,100.89042,1000
2026-01-06T15:34:00-05:00,100.91737,100.93767,100.89737,100.91767,1000
2026-01-06T15:35:00-05:00,100.92533,100.96197,100.90533,100.94197,1000
2026-01-06T15:36:00-05:00,100.93125,100.98240,100.91125,100.96240,1000
2026-01-06T15:37:00-05:00,100.93593,100.99816,100.91593,100.97816,1000
2026-01-06T15:38:00-05:00,100.93995,101.00861,100.91995,100.98861,1000
2026-01-06T15:39:00-05:00,100.94366,101.01340,100.92366,100.99340,1000
2026-01-06T15:40:00-05:00,100.94712,101.01246,100.92712,100.99246,1000
2026-01-06T15:41:00-05:00,100.95010,101.00604,100.93010,100.98604,1000
2026-01-06T15:42:00-05:00,100.95208,100.99468,100.93208,100.97468,1000
2026-01-06T15:43:00-05:00,100.95234,100.97911,100.93234,100.95911,1000
2026-01-06T15:44:00-05:00,100.95005,100.97005,100.92023,100.94023,1000
2026-01-06T15:45:00-05:00,100.94430,100.96430,100.89899,100.91899,1000
2026-01-06T15:46:00-05:00,100.93429,100.95429,100.87626,100.89626,1000
2026-01-06T15:47:00-05:00,100.91935,100.93935,100.85279,100.87279,1000
2026-01-06T15:48:00-05:00,100.89904,100.91904,100.82908,100.84908,1000
2026-01-06T15:49:00-05:00,100.87325,100.89325,100.80539,100.82539,1000
2026-01-06T15:50:00-05:00,100.84213,100.86213,100.78163,100.80163,1000
2026-01-06T15:51:00-05:00,100.80614,100.82614,100.75748,100.77748,1000
2026-01-06T15:52:00-05:00,100.76602,100.78602,100.73233,100.75233,1000
2026-01-06T15:53:00-05:00,100.72264,100.74544,100.70264,100.72544,1000
2026-01-06T15:54:00-05:00,100.67699,100.71597,100.65699,100.69597,1000
2026-01-06T15:55:00-05:00,100.63004,100.68311,100.61004,100.66311,1000
2026-01-06T15:56:00-05:00,100.58265,100.64617,100.56265,100.62617,1000
2026-01-06T15:57:00-05:00,100.53548,100.60466,100.51548,100.58466,1000
2026-01-06T15:58:00-05:00,100.48893,100.55836,100.46893,100.53836,1000
2026-01-06T15:59:00-05:00,100.44312,100.50735,100.42312,100.48735,1000
2026-01-07T09:30:00-05:00,100.39785,100.45202,100.37785,100.43202,1000
2026-01-07T09:31:00-05:00,100.35269,100.39302,100.33269,100.37302,1000
2026-01-07T09:32:00-05:00,100.30696,100.33123,100.28696,100.31123,1000
2026-01-07T09:33:00-05:00,100.25990,100.27990,100.22763,100.24763,1000
2026-01-07T09:34:00-05:00,100.21071,100.23071,100.16326,100.18326,1000
2026-01-07T09:35:00-05:00,100.15866,100.17866,100.09905,100.11905,1000
2026-01-07T09:36:00-05:00,100.10322,100.12322,100.03581,100.05581,1000
2026-01-07T09:37:00-05:00,100.04407,100.06407,99.97407,99.99407,1000
2026-01-07T09:38:00-05:00,99.98119,100.00119,99.91411,99.93411,1000
2026-01-07T09:39:00-05:00,99.91486,99.93486,99.85589,99.87589,1000
2026-01-07T09:40:00-05:00,99.84566,99.86566,99.79908,99.81908,1000
2026-01-07T09:41:00-05:00,99.77440,99.79440,99.74314,99.76314,1000
2026-01-07T09:42:00-05:00,99.70204,99.72734,99.68204,99.70734,1000
2026-01-07T09:43:00-05:00,99.62964,99.67092,99.60964,99.65092,1000
2026-01-07T09:44:00-05:00,99.55820,99.61311,99.53820,99.59311,1000
2026-01-07T09:45:00-05:00,99.48861,99.55331,99.46861,99.53331,1000
2026-01-07T09:46:00-05:00,99.42152,99.49109,99.40152,99.47109,1000
2026-01-07T09:47:00-05:00,99.35735,99.42633,99.33735,99.40633,1000
2026-01-07T09:48:00-05:00,99.29619,99.35919,99.27619,99.33919,1000
2026-01-07T09:49:00-05:00,99.23784,99.29013,99.21784,99.27013,1000
2026-01-07T09:50:00-05:00,99.18184,99.21986,99.16184,99.19986,1000
2026-01-07T09:51:00-05:00,99.12754,99.14931,99.10754,99.12931,1000
2026-01-07T09:52:00-05:00,99.07417,99.09417,99.03949,99.05949,1000
2026-01-07T09:53:00-05:00,99.02094,99.04094,98.97143,98.99143,1000
2026-01-07T09:54:00-05:00,98.96717,98.98717,98.90608,98.92608,1000
2026-01-07T09:55:00-05:00,98.91234,98.93234,98.84419,98.86419,1000
2026-01-07T09:56:00-05:00,98.85618,98.87618,98.78627,98.80627,1000
2026-01-07T09:57:00-05:00,98.79871,98.81871,98.73254,98.75254,1000
2026-01-07T09:58:00-05:00,98.74025,98.76025,98.68290,98.70290,1000
2026-01-07T09:59:00-05:00,98.68140,98.70140,98.63698,98.65698,1000
2026-01-07T10:00:00-05:00,98.62299,98.64299,98.59418,98.61418,1000
2026-01-07T10:01:00-05:00,98.56596,98.59375,98.54596,98.57375,1000
2026-01-07T10:02:00-05:00,98.51135,98.55487,98.49135,98.53487,1000
2026-01-07T10:03:00-05:00,98.46011,98.51677,98.44011,98.49677,1000
2026-01-07T10:04:00-05:00,98.41307,98.47883,98.39307,98.45883,1000
2026-01-07T10:05:00-05:00,98.37080,98.44064,98.35080,98.42064,1000
2026-01-07T10:06:00-05:00,98.33363,98.40205,98.31363,98.38205,1000
2026-01-07T10:07:00-05:00,98.30156,98.36323,98.28156,98.34323,1000
2026-01-07T10:08:00-05:00,98.27428,98.32462,98.25428,98.30462,1000
2026-01-07T10:09:00-05:00,98.25126,98.28692,98.23126,98.26692,1000
2026-01-07T10:10:00-05:00,98.23175,98.25175,98.21101,98.23101,1000
2026-01-07T10:11:00-05:00,98.21491,98.23491,98.17785,98.19785,1000
2026-01-07T10:12:00-05:00,98.19989,98.21989,98.14840,98.16840,1000
2026-01-07T10:13:00-05:00,98.18597,98.20597,98.12350,98.14350,1000
2026-01-07T10:14:00-05:00,98.17257,98.19257,98.10380,98.12380,1000
2026-01-07T10:15:00-05:00,98.15940,98.17940,98.08970,98.10970,1000
2026-01-07T10:16:00-05:00,98.14644,98.16644,98.08128,98.10128,1000
2026-01-07T10:17:00-05:00,98.13396,98.15396,98.07832,98.09832,1000
2026-01-07T10:18:00-05:00,98.12253,98.14253,98.08033,98.10033,1000
2026-01-07T10:19:00-05:00,98.11290,98.13290,98.08657,98.10657,1000
2026-01-07T10:20:00-05:00,98.10595,98.13620,98.08595,98.11620,1000
2026-01-07T10:21:00-05:00,98.10260,98.14830,98.08260,98.12830,1000
2026-01-07T10:22:00-05:00,98.10372,98.16204,98.08372,98.14204,1000
2026-01-07T10:23:00-05:00,98.10999,98.17670,98.08999,98.15670,1000
2026-01-07T10:24:00-05:00,98.12185,98.19183,98.10185,98.17183,1000
2026-01-07T10:25:00-05:00,98.13949,98.20722,98.11949,98.18722,1000
2026-01-07T10:26:00-05:00,98.16275,98.22298,98.14275,98.20298,1000
2026-01-07T10:27:00-05:00,98.19120,98.23950,98.17120,98.21950,1000
2026-01-07T10:28:00-05:00,98.22414,98.25740,98.20414,98.23740,1000
2026-01-07T10:29:00-05:00,98.26071,98.28071,98.23746,98.25746,1000
2026-01-07T10:30:00-05:00,98.29996,98.31996,98.26057,98.28057,1000
2026-01-07T10:31:00-05:00,98.34096,98.36096,98.28755,98.30755,1000
2026-01-07T10:32:00-05:00,98.38287,98.40287,98.31913,98.33913,1000
2026-01-07T10:33:00-05:00,98.42507,98.44507,98.35582,98.37582,1000
2026-01-07T10:34:00-05:00,98.46720,98.48720,98.39785,98.41785,1000
2026-01-07T10:35:00-05:00,98.50918,98.52918,98.44516,98.46516,1000
2026-01-07T10:36:00-05:00,98.55123,98.57123,98.49740,98.51740,1000
2026-01-07T10:37:00-05:00,98.59384,98.61384,98.55390,98.57390,1000
2026-01-07T10:38:00-05:00,98.63767,98.65767,98.61384,98.63384,1000
2026-01-07T10:39:00-05:00,98.68355,98.71624,98.66355,98.69624,1000
2026-01-07T10:40:00-05:00,98.73227,98.78009,98.71227,98.76009,1000
2026-01-07T10:41:00-05:00,98.78459,98.84447,98.76459,98.82447,1000
2026-01-07T10:42:00-05:00,98.84106,98.90862,98.82106,98.88862,1000
2026-01-07T10:43:00-05:00,98.90201,98.97200,98.88201,98.95200,1000
2026-01-07T10:44:00-05:00,98.96746,99.03439,98.94746,99.01439,1000
2026-01-07T10:45:00-05:00,99.03714,99.09583,99.01714,99.07583,1000
2026-01-07T10:46:00-05:00,99.11048,99.15668,99.09048,99.13668,1000
2026-01-07T10:47:00-05:00,99.18667,99.21750,99.16667,99.19750,1000
2026-01-07T10:48:00-05:00,99.26475,99.28475,99.23901,99.25901,1000
2026-01-07T10:49:00-05:00,99.34369,99.36369,99.30202,99.32202,1000
2026-01-07T10:50:00-05:00,99.42250,99.44250,99.36727,99.38727,1000
2026-01-07T10:51:00-05:00,99.50029,99.52029,99.43539,99.45539,1000
2026-01-07T10:52:00-05:00,99.57641,99.59641,99.50678,99.52678,1000
2026-01-07T10:53:00-05:00,99.65047,99.67047,99.58158,99.60158,1000
2026-01-07T10:54:00-05:00,99.72239,99.74239,99.65962,99.67962,1000
2026-01-07T10:55:00-05:00,99.79237,99.81237,99.74042,99.76042,1000
2026-01-07T10:56:00-05:00,99.86087,99.88087,99.82326,99.84326,1000
2026-01-07T10:57:00-05:00,99.92855,99.94855,99.90723,99.92723,1000
2026-01-07T10:58:00-05:00,99.99618,100.03128,99.97618,100.01128,1000
2026-01-07T10:59:00-05:00,100.06453,100.11440,100.04453,100.09440,1000
2026-01-07T11:00:00-05:00,100.13429,100.19563,100.11429,100.17563,1000
2026-01-07T11:01:00-05:00,100.20594,100.27421,100.18594,100.25421,1000
2026-01-07T11:02:00-05:00,100.27974,100.34962,100.25974,100.32962,1000
2026-01-07T11:03:00-05:00,100.35566,100.42166,100.33566,100.40166,1000
2026-01-07T11:04:00-05:00,100.43335,100.49040,100.41335,100.47040,1000
2026-01-07T11:05:00-05:00,100.51218,100.55622,100.49218,100.53622,1000
2026-01-07T11:06:00-05:00,100.59133,100.61970,100.57133,100.59970,1000
2026-01-07T11:07:00-05:00,100.66980,100.68980,100.64158,100.66158,1000
2026-01-07T11:08:00-05:00,100.74656,100.76656,100.70265,100.72265,1000
2026-01-07T11:09:00-05:00,100.82063,100.84063,100.76367,100.78367,1000
2026-01-07T11:10:00-05:00,100.89117,100.91117,100.82523,100.84523,1000
2026-01-07T11:11:00-05:00,100.95758,100.97758,100.88771,100.90771,1000
2026-01-07T11:12:00-05:00,101.01952,101.03952,100.95122,100.97122,1000
2026-01-07T11:13:00-05:00,101.07699,101.09699,101.01557,101.03557,1000
2026-01-07T11:14:00-05:00,101.13025,101.15025,101.08027,101.10027,1000
2026-01-07T11:15:00-05:00,101.17984,101.19984,101.14460,101.16460,1000
2026-01-07T11:16:00-05:00,101.22646,101.24764,101.20646,101.22764,1000
2026-01-07T11:17:00-05:00,101.27094,101.30841,101.25094,101.28841,1000
2026-01-07T11:18:00-05:00,101.31408,101.36592,101.29408,101.34592,1000
2026-01-07T11:19:00-05:00,101.35659,101.41929,101.33659,101.39929,1000
2026-01-07T11:20:00-05:00,101.39899,101.46785,101.37899,101.44785,1000
2026-01-07T11:21:00-05:00,101.44154,101.51118,101.42154,101.49118,1000
2026-01-07T11:22:00-05:00,101.48421,101.54917,101.46421,101.52917,1000
2026-01-07T11:23:00-05:00,101.52670,101.58202,101.50670,101.56202,1000
2026-01-07T11:24:00-05:00,101.56839,101.61020,101.54839,101.59020,1000
2026-01-07T11:25:00-05:00,101.60850,101.63439,101.58850,101.61439,1000
2026-01-07T11:26:00-05:00,101.64611,101.66611,101.61542,101.63542,1000
2026-01-07T11:27:00-05:00,101.68025,101.70025,101.63417,101.65417,1000
2026-01-07T11:28:00-05:00,101.71004,101.73004,101.65144,101.67144,1000
2026-01-07T11:29:00-05:00,101.73476,101.75476,101.66789,101.68789,1000
2026-01-07T11:30:00-05:00,101.75393,101.77393,101.68394,101.70394,1000
2026-01-07T11:31:00-05:00,101.76734,101.78734,101.69975,101.71975,1000
2026-01-07T11:32:00-05:00,101.77513,101.79513,101.71516,101.73516,1000
2026-01-07T11:33:00-05:00,101.77770,101.79770,101.72976,101.74976,1000
2026-01-07T11:34:00-05:00,101.77570,101.79570,101.74287,101.76287,1000
2026-01-07T11:35:00-05:00,101.76998,101.79366,101.74998,101.77366,1000
2026-01-07T11:36:00-05:00,101.76144,101.80123,101.74144,101.78123,1000
2026-01-07T11:37:00-05:00,101.75098,101.80471,101.73098,101.78471,1000
2026-01-07T11:38:00-05:00,101.73940,101.80335,101.71940,101.78335,1000
2026-01-07T11:39:00-05:00,101.72727,101.79660,101.70727,101.77660,1000
2026-01-07T11:40:00-05:00,101.71493,101.78421,101.69493,101.76421,1000
2026-01-07T11:41:00-05:00,101.70240,101.76621,101.68240,101.74621,1000
2026-01-07T11:42:00-05:00,101.68943,101.74294,101.66943,101.72294,1000
2026-01-07T11:43:00-05:00,101.67549,101.71501,101.65549,101.69501,1000
2026-01-07T11:44:00-05:00,101.65987,101.68326,101.63987,101.66326,1000
2026-01-07T11:45:00-05:00,101.64173,101.66173,101.60861,101.62861,1000
2026-01-07T11:46:00-05:00,101.62023,101.64023,101.57205,101.59205,1000
2026-01-07T11:47:00-05:00,101.59461,101.61461,101.53446,101.55446,1000
2026-01-07T11:48:00-05:00,101.56427,101.58427,101.49658,101.51658,1000
2026-01-07T11:49:00-05:00,101.52888,101.54888,101.45890,101.47890,1000
2026-01-07T11:50:00-05:00,101.48840,101.50840,101.42163,101.44163,1000
2026-01-07T11:51:00-05:00,101.44308,101.46308,101.38467,101.40467,1000
2026-01-07T11:52:00-05:00,101.39348,101.41348,101.34766,101.36766,1000
2026-01-07T11:53:00-05:00,101.34038,101.36038,101.30998,101.32998,1000
2026-01-07T11:54:00-05:00,101.28473,101.31091,101.26473,101.29091,1000
2026-01-07T11:55:00-05:00,101.22754,101.26961,101.20754,101.24961,1000
2026-01-07T11:56:00-05:00,101.16979,101.22533,101.14979,101.20533,1000
2026-01-07T11:57:00-05:00,101.11233,101.17742,101.09233,101.15742,1000
2026-01-07T11:58:00-05:00,101.05580,101.12548,101.03580,101.10548,1000
2026-01-07T11:59:00-05:00,101.00057,101.06936,100.98057,101.04936,1000
2026-01-07T12:00:00-05:00,100.94669,101.00924,100.92669,100.98924,1000
2026-01-07T12:01:00-05:00,100.89396,100.94557,100.87396,100.92557,1000
2026-01-07T12:02:00-05:00,100.84188,100.87907,100.82188,100.85907,1000
2026-01-07T12:03:00-05:00,100.78979,100.81068,100.76979,100.79068,1000
2026-01-07T12:04:00-05:00,100.73692,100.75692,100.70140,100.72140,1000
2026-01-07T12:05:00-05:00,100.68249,100.70249,100.63227,100.65227,1000
2026-01-07T12:06:00-05:00,100.62581,100.64581,100.56422,100.58422,1000
2026-01-07T12:07:00-05:00,100.56640,100.58640,100.49802,100.51802,1000
2026-01-07T12:08:00-05:00,100.50400,100.52400,100.43416,100.45416,1000
2026-01-07T12:09:00-05:00,100.43868,100.45868,100.37285,100.39285,1000
2026-01-07T12:10:00-05:00,100.37077,100.39077,100.31401,100.33401,1000
2026-01-07T12:11:00-05:00,100.30092,100.32092,100.25727,100.27727,1000
2026-01-07T12:12:00-05:00,100.22997,100.24997,100.20204,100.22204,1000
2026-01-07T12:13:00-05:00,100.15892,100.18758,100.13892,100.16758,1000
2026-01-07T12:14:00-05:00,100.08882,100.13311,100.06882,100.11311,1000
2026-01-07T12:15:00-05:00,100.02064,100.07790,100.00064,100.05790,1000
2026-01-07T12:16:00-05:00,99.95524,100.02136,99.93524,100.00136,1000
2026-01-07T12:17:00-05:00,99.89323,99.96313,99.87323,99.94313,1000
2026-01-07T12:18:00-05:00,99.83494,99.90313,99.81494,99.88313,1000
2026-01-07T12:19:00-05:00,99.78040,99.84157,99.76040,99.82157,1000
2026-01-07T12:20:00-05:00,99.72934,99.77897,99.70934,99.75897,1000
2026-01-07T12:21:00-05:00,99.68125,99.71607,99.66125,99.69607,1000
2026-01-07T12:22:00-05:00,99.63543,99.65543,99.61381,99.63381,1000
2026-01-07T12:23:00-05:00,99.59109,99.61109,99.55320,99.57320,1000
2026-01-07T12:24:00-05:00,99.54744,99.56744,99.49526,99.51526,1000
2026-01-07T12:25:00-05:00,99.50380,99.52380,99.44087,99.46087,1000
2026-01-07T12:26:00-05:00,99.45968,99.47968,99.39073,99.41073,1000
2026-01-07T12:27:00-05:00,99.41486,99.43486,99.34527,99.36527,1000
2026-01-07T12:28:00-05:00,99.36939,99.38939,99.30463,99.32463,1000
2026-01-07T12:29:00-05:00,99.32364,99.34364,99.26862,99.28862,1000
2026-01-07T12:30:00-05:00,99.27821,99.29821,99.23681,99.25681,1000
2026-01-07T12:31:00-05:00,99.23396,99.25396,99.20852,99.22852,1000
2026-01-07T12:32:00-05:00,99.19184,99.22296,99.17184,99.20296,1000
2026-01-07T12:33:00-05:00,99.15283,99.19928,99.13283,99.17928,1000
2026-01-07T12:34:00-05:00,99.11784,99.17673,99.09784,99.15673,1000
2026-01-07T12:35:00-05:00,99.08764,99.15467,99.06764,99.13467,1000
2026-01-07T12:36:00-05:00,99.06272,99.13271,99.04272,99.11271,1000
2026-01-07T12:37:00-05:00,99.04330,99.11076,99.02330,99.09076,1000
2026-01-07T12:38:00-05:00,99.02930,99.08900,99.00930,99.06900,1000
2026-01-07T12:39:00-05:00,99.02032,99.06789,99.00032,99.04789,1000
2026-01-07T12:40:00-05:00,99.01575,99.04816,98.99575,99.02816,1000
2026-01-07T12:41:00-05:00,99.01478,99.03478,98.99066,99.01066,1000
2026-01-07T12:42:00-05:00,99.01653,99.03653,98.97633,98.99633,1000
2026-01-07T12:43:00-05:00,99.02014,99.04014,98.96608,98.98608,1000
2026-01-07T12:44:00-05:00,99.02485,99.04485,98.96069,98.98069,1000
2026-01-07T12:45:00-05:00,99.03013,99.05013,98.96073,98.98073,1000
2026-01-07T12:46:00-05:00,99.03569,99.05569,98.96649,98.98649,1000
2026-01-07T12:47:00-05:00,99.04155,99.06155,98.97796,98.99796,1000
2026-01-07T12:48:00-05:00,99.04800,99.06800,98.99482,99.01482,1000
2026-01-07T12:49:00-05:00,99.05560,99.07560,99.01649,99.03649,1000
2026-01-07T12:50:00-05:00,99.06512,99.08512,99.04217,99.06217,1000
2026-01-07T12:51:00-05:00,99.07742,99.11097,99.05742,99.09097,1000
2026-01-07T12:52:00-05:00,99.09338,99.14192,99.07338,99.12192,1000
2026-01-07T12:53:00-05:00,99.11378,99.17419,99.09378,99.15419,1000
2026-01-07T12:54:00-05:00,99.13925,99.20707,99.11925,99.18707,1000
2026-01-07T12:55:00-05:00,99.17015,99.24011,99.15015,99.22011,1000
2026-01-07T12:56:00-05:00,99.20653,99.27315,99.18653,99.25315,1000
2026-01-07T12:57:00-05:00,99.24817,99.30630,99.22817,99.28630,1000
2026-01-07T12:58:00-05:00,99.29454,99.33998,99.27454,99.31998,1000
2026-01-07T12:59:00-05:00,99.34487,99.37483,99.32487,99.35483,1000
2026-01-07T13:00:00-05:00,99.39823,99.41823,99.37161,99.39161,1000
2026-01-07T13:01:00-05:00,99.45364,99.47364,99.41117,99.43117,1000
2026-01-07T13:02:00-05:00,99.51015,99.53015,99.45430,99.47430,1000
2026-01-07T13:03:00-05:00,99.56694,99.58694,99.50166,99.52166,1000
2026-01-07T13:04:00-05:00,99.62339,99.64339,99.55367,99.57367,1000
2026-01-07T13:05:00-05:00,99.67917,99.69917,99.61048,99.63048,1000
2026-01-07T13:06:00-05:00,99.73425,99.75425,99.67194,99.69194,1000
2026-01-07T13:07:00-05:00,99.78886,99.80886,99.73760,99.75760,1000
2026-01-07T13:08:00-05:00,99.84352,99.86352,99.80674,99.82674,1000
2026-01-07T13:09:00-05:00,99.89890,99.91890,99.87846,99.89846,1000
2026-01-07T13:10:00-05:00,99.95582,99.99176,99.93582,99.97176,1000
2026-01-07T13:11:00-05:00,100.01504,100.06561,99.99504,100.04561,1000
2026-01-07T13:12:00-05:00,100.07725,100.13909,100.05725,100.11909,1000
2026-01-07T13:13:00-05:00,100.14297,100.21146,100.12297,100.19146,1000
2026-01-07T13:14:00-05:00,100.21243,100.28224,100.19243,100.26224,1000
2026-01-07T13:15:00-05:00,100.28558,100.35123,100.26558,100.33123,1000
2026-01-07T13:16:00-05:00,100.36207,100.41853,100.34207,100.39853,1000
2026-01-07T13:17:00-05:00,100.44127,100.48452,100.42127,100.46452,1000
2026-01-07T13:18:00-05:00,100.52231,100.54981,100.50231,100.52981,1000
2026-01-07T13:19:00-05:00,100.60421,100.62421,100.57511,100.59511,1000
2026-01-07T13:20:00-05:00,100.68592,100.70592,100.64123,100.66123,1000
2026-01-07T13:21:00-05:00,100.76644,100.78644,100.70889,100.72889,1000
2026-01-07T13:22:00-05:00,100.84495,100.86495,100.77866,100.79866,1000
2026-01-07T13:23:00-05:00,100.92082,100.94082,100.85089,100.87089,1000
2026-01-07T13:24:00-05:00,100.99373,101.01373,100.92566,100.94566,1000
2026-01-07T13:25:00-05:00,101.06364,101.08364,101.00272,101.02272,1000
2026-01-07T13:26:00-05:00,101.13083,101.15083,101.08156,101.10156,1000
2026-01-07T13:27:00-05:00,101.19579,101.21579,101.16140,101.18140,1000
2026-01-07T13:28:00-05:00,101.25923,101.28129,101.23923,101.26129,1000
2026-01-07T13:29:00-05:00,101.32191,101.36021,101.30191,101.34021,1000
2026-01-07T13:30:00-05:00,101.38461,101.43713,101.36461,101.41713,1000
2026-01-07T13:31:00-05:00,101.44799,101.51115,101.42799,101.49115,1000
2026-01-07T13:32:00-05:00,101.51251,101.58155,101.49251,101.56155,1000
2026-01-07T13:33:00-05:00,101.57837,101.64790,101.55837,101.62790,1000
2026-01-07T13:34:00-05:00,101.64549,101.71005,101.62549,101.69005,1000
2026-01-07T13:35:00-05:00,101.71347,101.76816,101.69347,101.74816,1000
2026-01-07T13:36:00-05:00,101.78166,101.82267,101.76166,101.80267,1000
2026-01-07T13:37:00-05:00,101.84920,101.87420,101.82920,101.85420,1000
2026-01-07T13:38:00-05:00,101.91510,101.93510,101.88356,101.90356,1000
2026-01-07T13:39:00-05:00,101.97836,101.99836,101.93153,101.95153,1000
2026-01-07T13:40:00-05:00,102.03803,102.05803,101.97887,101.99887,1000
2026-01-07T13:41:00-05:00,102.09333,102.11333,102.02616,102.04616,1000
2026-01-07T13:42:00-05:00,102.14375,102.16375,102.07375,102.09375,1000
2026-01-07T13:43:00-05:00,102.18903,102.20903,102.12171,102.14171,1000
2026-01-07T13:44:00-05:00,102.22925,102.24925,102.16982,102.18982,1000
2026-01-07T13:45:00-05:00,102.26476,102.28476,102.21756,102.23756,1000
2026-01-07T13:46:00-05:00,102.29616,102.31616,102.26419,102.28419,1000
2026-01-07T13:47:00-05:00,102.32423,102.34880,102.30423,102.32880,1000
2026-01-07T13:48:00-05:00,102.34981,102.39042,102.32981,102.37042,1000
2026-01-07T13:49:00-05:00,102.37373,102.42811,102.35373,102.40811,1000
2026-01-07T13:50:00-05:00,102.39670,102.46107,102.37670,102.44107,1000
2026-01-07T13:51:00-05:00,102.41922,102.48869,102.39922,102.46869,1000
2026-01-07T13:52:00-05:00,102.44153,102.51065,102.42153,102.49065,1000
2026-01-07T13:53:00-05:00,102.46357,102.52695,102.44357,102.50695,1000
2026-01-07T13:54:00-05:00,102.48500,102.53785,102.46500,102.51785,1000
2026-01-07T13:55:00-05:00,102.50522,102.54393,102.48522,102.52393,1000
2026-01-07T13:56:00-05:00,102.52343,102.54594,102.50343,102.52594,1000
2026-01-07T13:57:00-05:00,102.53873,102.55873,102.50475,102.52475,1000
2026-01-07T13:58:00-05:00,102.55019,102.57019,102.50128,102.52128,1000
2026-01-07T13:59:00-05:00,102.55700,102.57700,102.49633,102.51633,1000
2026-01-07T14:00:00-05:00,102.55851,102.57851,102.49057,102.51057,1000
2026-01-07T14:01:00-05:00,102.55434,102.57434,102.48439,102.50439,1000
2026-01-07T14:02:00-05:00,102.54439,102.56439,102.47794,102.49794,1000
2026-01-07T14:03:00-05:00,102.52887,102.54887,102.47103,102.49103,1000
2026-01-07T14:04:00-05:00,102.50828,102.52828,102.46322,102.48322,1000
2026-01-07T14:05:00-05:00,102.48336,102.50336,102.45383,102.47383,1000
2026-01-07T14:06:00-05:00,102.45500,102.48206,102.43500,102.46206,1000
2026-01-07T14:07:00-05:00,102.42417,102.46703,102.40417,102.44703,1000
2026-01-07T14:08:00-05:00,102.39177,102.44792,102.37177,102.42792,1000
2026-01-07T14:09:00-05:00,102.35859,102.42406,102.33859,102.40406,1000
2026-01-07T14:10:00-05:00,102.32521,102.39498,102.30521,102.37498,1000
2026-01-07T14:11:00-05:00,102.29193,102.36053,102.27193,102.34053,1000
2026-01-07T14:12:00-05:00,102.25875,102.32082,102.23875,102.30082,1000
2026-01-07T14:13:00-05:00,102.22538,102.27630,102.20538,102.25630,1000
2026-01-07T14:14:00-05:00,102.19129,102.22765,102.17129,102.20765,1000
2026-01-07T14:15:00-05:00,102.15577,102.17577,102.13577,102.15577,1000
2026-01-07T14:16:00-05:00,102.11799,102.13799,102.08163,102.10163,1000
2026-01-07T14:17:00-05:00,102.07716,102.09716,102.02624,102.04624,1000
2026-01-07T14:18:00-05:00,102.03256,102.05256,101.97049,101.99049,1000
2026-01-07T14:19:00-05:00,101.98368,102.00368,101.91509,101.93509,1000
2026-01-07T14:20:00-05:00,101.93027,101.95027,101.86050,101.88050,1000
2026-01-07T14:21:00-05:00,101.87236,101.89236,101.80690,101.82690,1000
2026-01-07T14:22:00-05:00,101.81031,101.83031,101.75415,101.77415,1000
2026-01-07T14:23:00-05:00,101.74473,101.76473,101.70187,101.72187,1000
2026-01-07T14:24:00-05:00,101.67648,101.69648,101.64943,101.66943,1000
2026-01-07T14:25:00-05:00,101.60655,101.63608,101.58655,101.61608,1000
2026-01-07T14:26:00-05:00,101.53596,101.58103,101.51596,101.56103,1000
2026-01-07T14:27:00-05:00,101.46570,101.52354,101.44570,101.50354,1000
2026-01-07T14:28:00-05:00,101.39659,101.46304,101.37659,101.44304,1000
2026-01-07T14:29:00-05:00,101.32924,101.39919,101.30924,101.37919,1000
2026-01-07T14:30:00-05:00,101.26396,101.33191,101.24396,101.31191,1000
2026-01-07T14:31:00-05:00,101.20078,101.26144,101.18078,101.24144,1000
2026-01-07T14:32:00-05:00,101.13941,101.18832,101.11941,101.16832,1000
2026-01-07T14:33:00-05:00,101.07936,101.11333,101.05936,101.09333,1000
2026-01-07T14:34:00-05:00,101.01992,101.03992,100.99741,101.01741,1000
2026-01-07T14:35:00-05:00,100.96031,100.98031,100.92160,100.94160,1000
2026-01-07T14:36:00-05:00,100.89979,100.91979,100.84694,100.86694,1000
2026-01-07T14:37:00-05:00,100.83770,100.85770,100.77432,100.79432,1000
2026-01-07T14:38:00-05:00,100.77359,100.79359,100.70446,100.72446,1000
2026-01-07T14:39:00-05:00,100.70728,100.72728,100.63781,100.65781,1000
2026-01-07T14:40:00-05:00,100.63887,100.65887,100.57451,100.59451,1000
2026-01-07T14:41:00-05:00,100.56878,100.58878,100.51440,100.53440,1000
2026-01-07T14:42:00-05:00,100.49767,100.51767,100.45707,100.47707,1000
2026-01-07T14:43:00-05:00,100.42644,100.44644,100.40188,100.42188,1000
2026-01-07T14:44:00-05:00,100.35609,100.38807,100.33609,100.36807,1000
2026-01-07T14:45:00-05:00,100.28765,100.33485,100.26765,100.31485,1000
2026-01-07T14:46:00-05:00,100.22206,100.28150,100.20206,100.26150,1000
2026-01-07T14:47:00-05:00,100.16013,100.22745,100.14013,100.20745,1000
2026-01-07T14:48:00-05:00,100.10240,100.17240,100.08240,100.15240,1000
2026-01-07T14:49:00-05:00,100.04912,100.11630,100.02912,100.09630,1000
2026-01-07T14:50:00-05:00,100.00025,100.05941,99.98025,100.03941,1000
2026-01-07T14:51:00-05:00,99.95544,100.00227,99.93544,99.98227,1000
2026-01-07T14:52:00-05:00,99.91412,99.94566,99.89412,99.92566,1000
2026-01-07T14:53:00-05:00,99.87553,99.89553,99.85052,99.87052,1000
2026-01-07T14:54:00-05:00,99.83887,99.85887,99.79786,99.81786,1000
2026-01-07T14:55:00-05:00,99.80332,99.82332,99.74862,99.76862,1000
2026-01-07T14:56:00-05:00,99.76823,99.78823,99.70366,99.72366,1000
2026-01-07T14:57:00-05:00,99.73312,99.75312,99.66359,99.68359,1000
2026-01-07T14:58:00-05:00,99.69780,99.71780,99.62876,99.64876,1000
2026-01-07T14:59:00-05:00,99.66236,99.68236,99.59921,99.61921,1000
2026-01-07T15:00:00-05:00,99.62718,99.64718,99.57467,99.59467,1000
2026-01-07T15:01:00-05:00,99.59292,99.61292,99.55462,99.57462,1000
2026-01-07T15:02:00-05:00,99.56040,99.58040,99.53834,99.55834,1000
2026-01-07T15:03:00-05:00,99.53057,99.56497,99.51057,99.54497,1000
2026-01-07T15:04:00-05:00,99.50437,99.55364,99.48437,99.53364,1000
2026-01-07T15:05:00-05:00,99.48266,99.54359,99.46266,99.52359,1000
2026-01-07T15:06:00-05:00,99.46612,99.53419,99.44612,99.51419,1000
2026-01-07T15:07:00-05:00,99.45515,99.52508,99.43515,99.50508,1000
2026-01-07T15:08:00-05:00,99.44989,99.51618,99.42989,99.49618,1000
2026-01-07T15:09:00-05:00,99.45015,99.50770,99.43015,99.48770,1000
2026-01-07T15:10:00-05:00,99.45545,99.50013,99.43545,99.48013,1000
2026-01-07T15:11:00-05:00,99.46509,99.49418,99.44509,99.47418,1000
2026-01-07T15:12:00-05:00,99.47820,99.49820,99.45071,99.47071,1000
2026-01-07T15:13:00-05:00,99.49387,99.51387,99.45061,99.47061,1000
2026-01-07T15:14:00-05:00,99.51122,99.53122,99.45476,99.47476,1000
2026-01-07T15:15:00-05:00,99.52949,99.54949,99.46384,99.48384,1000
2026-01-07T15:16:00-05:00,99.54816,99.56816,99.47835,99.49835,1000
2026-01-07T15:17:00-05:00,99.56696,99.58696,99.49847,99.51847,1000
2026-01-07T15:18:00-05:00,99.58593,99.60593,99.52410,99.54410,1000
2026-01-07T15:19:00-05:00,99.60540,99.62540,99.55484,99.57484,1000
2026-01-07T15:20:00-05:00,99.62594,99.64594,99.59000,99.61000,1000
2026-01-07T15:21:00-05:00,99.64830,99.66874,99.62830,99.64874,1000
2026-01-07T15:22:00-05:00,99.67332,99.71010,99.65332,99.69010,1000
2026-01-07T15:23:00-05:00,99.70184,99.75311,99.68184,99.73311,1000
2026-01-07T15:24:00-05:00,99.73459,99.79691,99.71459,99.77691,1000
2026-01-07T15:25:00-05:00,99.77211,99.84081,99.75211,99.82081,1000
2026-01-07T15:26:00-05:00,99.81466,99.88439,99.79466,99.86439,1000
2026-01-07T15:27:00-05:00,99.86223,99.92751,99.84223,99.90751,1000
2026-01-07T15:28:00-05:00,99.91448,99.97032,99.89448,99.95032,1000
2026-01-07T15:29:00-05:00,99.97080,100.01326,99.95080,99.99326,1000
2026-01-07T15:30:00-05:00,100.03036,100.05697,100.01036,100.03697,1000
2026-01-07T15:31:00-05:00,100.09218,100.11218,100.06222,100.08222,1000
2026-01-07T15:32:00-05:00,100.15527,100.17527,100.10982,100.12982,1000
2026-01-07T15:33:00-05:00,100.21865,100.23865,100.16052,100.18052,1000
2026-01-07T15:34:00-05:00,100.28152,100.30152,100.21490,100.23490,1000
2026-01-07T15:35:00-05:00,100.34330,100.36330,100.27333,100.29333,1000
2026-01-07T15:36:00-05:00,100.40369,100.42369,100.33587,100.35587,1000
2026-01-07T15:37:00-05:00,100.46269,100.48269,100.40228,100.42228,1000
2026-01-07T15:38:00-05:00,100.52058,100.54058,100.47204,100.49204,1000
2026-01-07T15:39:00-05:00,100.57791,100.59791,100.54437,100.56437,1000
2026-01-07T15:40:00-05:00,100.63537,100.65832,100.61537,100.63832,1000
2026-01-07T15:41:00-05:00,100.69374,100.73286,100.67374,100.71286,1000
2026-01-07T15:42:00-05:00,100.75379,100.80697,100.73379,100.78697,1000
2026-01-07T15:43:00-05:00,100.81616,100.87975,100.79616,100.85975,1000
2026-01-07T15:44:00-05:00,100.88129,100.95049,100.86129,100.93049,1000
2026-01-07T15:45:00-05:00,100.94936,101.01876,100.92936,100.99876,1000
2026-01-07T15:46:00-05:00,101.02025,101.08441,101.00025,101.06441,1000
2026-01-07T15:47:00-05:00,101.09355,101.14760,101.07355,101.12760,1000
2026-01-07T15:48:00-05:00,101.16856,101.20876,101.14856,101.18876,1000
2026-01-07T15:49:00-05:00,101.24439,101.26851,101.22439,101.24851,1000
2026-01-07T15:50:00-05:00,101.32003,101.34003,101.28762,101.30762,1000
2026-01-07T15:51:00-05:00,101.39443,101.41443,101.34685,101.36685,1000
2026-01-07T15:52:00-05:00,101.46663,101.48663,101.40692,101.42692,1000
2026-01-07T15:53:00-05:00,101.53583,101.55583,101.46837,101.48837,1000
2026-01-07T15:54:00-05:00,101.60149,101.62149,101.53150,101.55150,1000
2026-01-07T15:55:00-05:00,101.66334,101.68334,101.59632,101.61632,1000
2026-01-07T15:56:00-05:00,101.72142,101.74142,101.66254,101.68254,1000
2026-01-07T15:57:00-05:00,101.77605,101.79605,101.72960,101.74960,1000
2026-01-07T15:58:00-05:00,101.82781,101.84781,101.79669,101.81669,1000
2026-01-07T15:59:00-05:00,101.87742,101.90286,101.85742,101.88286,1000
2026-01-08T09:30:00-05:00,101.92567,101.96708,101.90567,101.94708,1000
2026-01-08T09:31:00-05:00,101.97335,102.02837,101.95335,102.00837,1000
2026-01-08T09:32:00-05:00,102.02109,102.08586,102.00109,102.06586,1000
2026-01-08T09:33:00-05:00,102.06932,102.13891,102.04932,102.11891,1000
2026-01-08T09:34:00-05:00,102.11822,102.18717,102.09822,102.16717,1000
2026-01-08T09:35:00-05:00,102.16764,102.23057,102.14764,102.21057,1000
2026-01-08T09:36:00-05:00,102.21718,102.26935,102.19718,102.24935,1000
2026-01-08T09:37:00-05:00,102.26614,102.30402,102.24614,102.28402,1000
2026-01-08T09:38:00-05:00,102.31366,102.33528,102.29366,102.31528,1000
2026-01-08T09:39:00-05:00,102.35876,102.37876,102.32394,102.34394,1000
2026-01-08T09:40:00-05:00,102.40048,102.42048,102.35085,102.37085,1000
2026-01-08T09:41:00-05:00,102.43791,102.45791,102.37674,102.39674,1000
2026-01-08T09:42:00-05:00,102.47037,102.49037,102.40218,102.42218,1000
2026-01-08T09:43:00-05:00,102.49740,102.51740,102.42750,102.44750,1000
2026-01-08T09:44:00-05:00,102.51887,102.53887,102.45275,102.47275,1000
2026-01-08T09:45:00-05:00,102.53492,102.55492,102.47767,102.49767,1000
2026-01-08T09:46:00-05:00,102.54601,102.56601,102.50172,102.52172,1000
2026-01-08T09:47:00-05:00,102.55280,102.57280,102.52415,102.54415,1000
2026-01-08T09:48:00-05:00,102.55614,102.58407,102.53614,102.56407,1000
2026-01-08T09:49:00-05:00,102.55690,102.60055,102.53690,102.58055,1000
2026-01-08T09:50:00-05:00,102.55592,102.61268,102.53592,102.59268,1000
2026-01-08T09:51:00-05:00,102.55392,102.61975,102.53392,102.59975,1000
2026-01-08T09:52:00-05:00,102.55139,102.62124,102.53139,102.60124,1000
2026-01-08T09:53:00-05:00,102.54853,102.61691,102.52853,102.59691,1000
2026-01-08T09:54:00-05:00,102.54528,102.60687,102.52528,102.58687,1000
2026-01-08T09:55:00-05:00,102.54126,102.59148,102.52126,102.57148,1000
2026-01-08T09:56:00-05:00,102.53587,102.57139,102.51587,102.55139,1000
2026-01-08T09:57:00-05:00,102.52830,102.54830,102.50742,102.52742,1000
2026-01-08T09:58:00-05:00,102.51769,102.53769,102.48050,102.50050,1000
2026-01-08T09:59:00-05:00,102.50317,102.52317,102.45156,102.47156,1000
2026-01-08T10:00:00-05:00,102.48397,102.50397,102.42143,102.44143,1000
2026-01-08T10:01:00-05:00,102.45954,102.47954,102.39075,102.41075,1000
2026-01-08T10:02:00-05:00,102.42958,102.44958,102.35991,102.37991,1000
2026-01-08T10:03:00-05:00,102.39410,102.41410,102.32901,102.34901,1000
2026-01-08T10:04:00-05:00,102.35339,102.37339,102.29785,102.31785,1000
2026-01-08T10:05:00-05:00,102.30805,102.32805,102.26598,102.28598,1000
2026-01-08T10:06:00-05:00,102.25890,102.27890,102.23272,102.25272,1000
2026-01-08T10:07:00-05:00,102.20686,102.23726,102.18686,102.21726,1000
2026-01-08T10:08:00-05:00,102.15294,102.19877,102.13294,102.17877,1000
2026-01-08T10:09:00-05:00,102.09807,102.15648,102.07807,102.13648,1000
2026-01-08T10:10:00-05:00,102.04302,102.10979,102.02302,102.08979,1000
2026-01-08T10:11:00-05:00,101.98834,102.05832,101.96834,102.03832,1000
2026-01-08T10:12:00-05:00,101.93430,102.00199,101.91430,101.98199,1000
2026-01-08T10:13:00-05:00,101.88088,101.94102,101.86088,101.92102,1000
2026-01-08T10:14:00-05:00,101.82775,101.87594,101.80775,101.85594,1000
2026-01-08T10:15:00-05:00,101.77438,101.80750,101.75438,101.78750,1000
2026-01-08T10:16:00-05:00,101.72003,101.74003,101.69664,101.71664,1000
2026-01-08T10:17:00-05:00,101.66392,101.68392,101.62439,101.64439,1000
2026-01-08T10:18:00-05:00,101.60526,101.62526,101.55174,101.57174,1000
2026-01-08T10:19:00-05:00,101.54340,101.56340,101.47959,101.49959,1000
2026-01-08T10:20:00-05:00,101.47790,101.49790,101.40862,101.42862,1000
2026-01-08T10:21:00-05:00,101.40858,101.42858,101.33924,101.35924,1000
2026-01-08T10:22:00-05:00,101.33555,101.35555,101.27160,101.29160,1000
2026-01-08T10:23:00-05:00,101.25925,101.27925,101.20552,101.22552,1000
2026-01-08T10:24:00-05:00,101.18036,101.20036,101.14056,101.16056,1000
2026-01-08T10:25:00-05:00,101.09977,101.11977,101.07609,101.09609,1000
2026-01-08T10:26:00-05:00,101.01851,101.05135,100.99851,101.03135,1000
2026-01-08T10:27:00-05:00,100.93761,100.98555,100.91761,100.96555,1000
2026-01-08T10:28:00-05:00,100.85804,100.91801,100.83804,100.89801,1000
2026-01-08T10:29:00-05:00,100.78059,100.84819,100.76059,100.82819,1000
2026-01-08T10:30:00-05:00,100.70581,100.77580,100.68581,100.75580,1000
2026-01-08T10:31:00-05:00,100.63396,100.70083,100.61396,100.68083,1000
2026-01-08T10:32:00-05:00,100.56501,100.62361,100.54501,100.60361,1000
2026-01-08T10:33:00-05:00,100.49862,100.54470,100.47862,100.52470,1000
2026-01-08T10:34:00-05:00,100.43425,100.46493,100.41425,100.44493,1000
2026-01-08T10:35:00-05:00,100.37117,100.39117,100.34528,100.36528,1000
2026-01-08T10:36:00-05:00,100.30859,100.32859,100.26678,100.28678,1000
2026-01-08T10:37:00-05:00,100.24576,100.26576,100.19043,100.21043,1000
2026-01-08T10:38:00-05:00,100.18207,100.20207,100.11711,100.13711,1000
2026-01-08T10:39:00-05:00,100.11710,100.13710,100.04746,100.06746,1000
2026-01-08T10:40:00-05:00,100.05073,100.07073,99.98186,100.00186,1000
2026-01-08T10:41:00-05:00,99.98309,100.00309,99.92039,99.94039,1000
2026-01-08T10:42:00-05:00,99.91466,99.93466,99.86282,99.88282,1000
2026-01-08T10:43:00-05:00,99.84613,99.86613,99.80866,99.82866,1000
2026-01-08T10:44:00-05:00,99.77841,99.79841,99.75723,99.77723,1000
2026-01-08T10:45:00-05:00,99.71250,99.74774,99.69250,99.72774,1000
2026-01-08T10:46:00-05:00,99.64940,99.69938,99.62940,99.67938,1000
2026-01-08T10:47:00-05:00,99.59002,99.65144,99.57002,99.63144,1000
2026-01-08T10:48:00-05:00,99.53508,99.60338,99.51508,99.58338,1000
2026-01-08T10:49:00-05:00,99.48505,99.55492,99.46505,99.53492,1000
2026-01-08T10:50:00-05:00,99.44010,99.50604,99.42010,99.48604,1000
2026-01-08T10:51:00-05:00,99.40010,99.45706,99.38010,99.43706,1000
2026-01-08T10:52:00-05:00,99.36462,99.40852,99.34462,99.38852,1000
2026-01-08T10:53:00-05:00,99.33302,99.36124,99.31302,99.34124,1000
2026-01-08T10:54:00-05:00,99.30450,99.32450,99.27613,99.29613,1000
2026-01-08T10:55:00-05:00,99.27820,99.29820,99.23417,99.25417,1000
2026-01-08T10:56:00-05:00,99.25333,99.27333,99.19627,99.21627,1000
2026-01-08T10:57:00-05:00,99.22921,99.24921,99.16321,99.18321,1000
2026-01-08T10:58:00-05:00,99.20540,99.22540,99.13552,99.15552,1000
2026-01-08T10:59:00-05:00,99.18172,99.20172,99.11346,99.13346,1000
2026-01-08T11:00:00-05:00,99.15830,99.17830,99.09696,99.11696,1000
2026-01-08T11:01:00-05:00,99.13554,99.15554,99.08568,99.10568,1000
2026-01-08T11:02:00-05:00,99.11411,99.13411,99.07901,99.09901,1000
2026-01-08T11:03:00-05:00,99.09482,99.11615,99.07482,99.09615,1000
2026-01-08T11:04:00-05:00,99.07860,99.11621,99.05860,99.09621,1000
2026-01-08T11:05:00-05:00,99.06635,99.11830,99.04635,99.09830,1000
2026-01-08T11:06:00-05:00,99.05886,99.12163,99.03886,99.10163,1000
2026-01-08T11:07:00-05:00,99.05671,99.12561,99.03671,99.10561,1000
2026-01-08T11:08:00-05:00,99.06024,99.12987,99.04024,99.10987,1000
2026-01-08T11:09:00-05:00,99.06947,99.13436,99.04947,99.11436,1000
2026-01-08T11:10:00-05:00,99.08411,99.13933,99.06411,99.11933,1000
2026-01-08T11:11:00-05:00,99.10360,99.14528,99.08360,99.12528,1000
2026-01-08T11:12:00-05:00,99.12717,99.15291,99.10717,99.13291,1000
2026-01-08T11:13:00-05:00,99.15390,99.17390,99.12307,99.14307,1000
2026-01-08T11:14:00-05:00,99.18283,99.20283,99.13662,99.15662,1000
2026-01-08T11:15:00-05:00,99.21306,99.23306,99.15436,99.17436,1000
2026-01-08T11:16:00-05:00,99.24386,99.26386,99.17693,99.19693,1000
2026-01-08T11:17:00-05:00,99.27470,99.29470,99.20471,99.22471,1000
2026-01-08T11:18:00-05:00,99.30536,99.32536,99.23781,99.25781,1000
2026-01-08T11:19:00-05:00,99.33590,99.35590,99.27602,99.29602,1000
2026-01-08T11:20:00-05:00,99.36667,99.38667,99.31885,99.33885,1000
2026-01-08T11:21:00-05:00,99.39824,99.41824,99.36555,99.38555,1000
2026-01-08T11:22:00-05:00,99.43138,99.45521,99.41138,99.43521,1000
2026-01-08T11:23:00-05:00,99.46690,99.50683,99.44690,99.48683,1000
2026-01-08T11:24:00-05:00,99.50559,99.55943,99.48559,99.53943,1000
2026-01-08T11:25:00-05:00,99.54813,99.61215,99.52813,99.59215,1000
2026-01-08T11:26:00-05:00,99.59497,99.66432,99.57497,99.64432,1000
2026-01-08T11:27:00-05:00,99.64630,99.71556,99.62630,99.69556,1000
2026-01-08T11:28:00-05:00,99.70201,99.76575,99.68201,99.74575,1000
2026-01-08T11:29:00-05:00,99.76169,99.81509,99.74169,99.79509,1000
2026-01-08T11:30:00-05:00,99.82466,99.86405,99.80466,99.84405,1000
2026-01-08T11:31:00-05:00,99.89002,99.91326,99.87002,99.89326,1000
2026-01-08T11:32:00-05:00,99.95677,99.97677,99.92351,99.94351,1000
2026-01-08T11:33:00-05:00,100.02389,100.04389,99.97558,99.99558,1000
2026-01-08T11:34:00-05:00,100.09041,100.11041,100.03017,100.05017,1000
2026-01-08T11:35:00-05:00,100.15556,100.17556,100.08782,100.10782,1000
2026-01-08T11:36:00-05:00,100.21879,100.23879,100.14882,100.16882,1000
2026-01-08T11:37:00-05:00,100.27987,100.29987,100.21315,100.23315,1000
2026-01-08T11:38:00-05:00,100.33883,100.35883,100.28051,100.30051,1000
2026-01-08T11:39:00-05:00,100.39601,100.41601,100.35031,100.37031,1000
2026-01-08T11:40:00-05:00,100.45197,100.47197,100.42173,100.44173,1000
2026-01-08T11:41:00-05:00,100.50744,100.53377,100.48744,100.51377,1000
2026-01-08T11:42:00-05:00,100.56319,100.60540,100.54319,100.58540,1000
2026-01-08T11:43:00-05:00,100.61997,100.67561,100.59997,100.65561,1000
2026-01-08T11:44:00-05:00,100.67839,100.74354,100.65839,100.72354,1000
2026-01-08T11:45:00-05:00,100.73883,100.80852,100.71883,100.78852,1000
2026-01-08T11:46:00-05:00,100.80142,100.87019,100.78142,100.85019,1000
2026-01-08T11:47:00-05:00,100.86599,100.92845,100.84599,100.90845,1000
2026-01-08T11:48:00-05:00,100.93205,100.98354,100.91205,100.96354,1000
2026-01-08T11:49:00-05:00,100.99888,101.03593,100.97888,101.01593,1000
2026-01-08T11:50:00-05:00,101.06555,101.08629,101.04555,101.06629,1000
2026-01-08T11:51:00-05:00,101.13106,101.15106,101.09540,101.11540,1000
2026-01-08T11:52:00-05:00,101.19437,101.21437,101.14404,101.16404,1000
2026-01-08T11:53:00-05:00,101.25457,101.27457,101.19290,101.21290,1000
2026-01-08T11:54:00-05:00,101.31092,101.33092,101.24250,101.26250,1000
2026-01-08T11:55:00-05:00,101.36292,101.38292,101.29309,101.31309,1000
2026-01-08T11:56:00-05:00,101.41040,101.43040,101.34464,101.36464,1000
2026-01-08T11:57:00-05:00,101.45348,101.47348,101.39683,101.41683,1000
2026-01-08T11:58:00-05:00,101.49256,101.51256,101.44904,101.46904,1000
2026-01-08T11:59:00-05:00,101.52826,101.54826,101.50048,101.52048,1000
2026-01-08T12:00:00-05:00,101.56135,101.59016,101.54135,101.57016,1000
2026-01-08T12:01:00-05:00,101.59267,101.63709,101.57267,101.61709,1000
2026-01-08T12:02:00-05:00,101.62297,101.68033,101.60297,101.66033,1000
2026-01-08T12:03:00-05:00,101.65290,101.71908,101.63290,101.69908,1000
2026-01-08T12:04:00-05:00,101.68287,101.75278,101.66287,101.73278,1000
2026-01-08T12:05:00-05:00,101.71300,101.78115,101.69300,101.76115,1000
2026-01-08T12:06:00-05:00,101.74314,101.80423,101.72314,101.78423,1000
2026-01-08T12:07:00-05:00,101.77284,101.82234,101.75284,101.80234,1000
2026-01-08T12:08:00-05:00,101.80139,101.83607,101.78139,101.81607,1000
2026-01-08T12:09:00-05:00,101.82794,101.84794,101.80617,101.82617,1000
2026-01-08T12:10:00-05:00,101.85153,101.87153,101.81351,101.83351,1000
2026-01-08T12:11:00-05:00,101.87123,101.89123,101.81894,101.83894,1000
2026-01-08T12:12:00-05:00,101.88622,101.90622,101.82321,101.84321,1000
2026-01-08T12:13:00-05:00,101.89587,101.91587,101.82689,101.84689,1000
2026-01-08T12:14:00-05:00,101.89984,101.91984,101.83027,101.85027,1000
2026-01-08T12:15:00-05:00,101.89808,101.91808,101.83338,101.85338,1000
2026-01-08T12:16:00-05:00,101.89083,101.91083,101.83593,101.85593,1000
2026-01-08T12:17:00-05:00,101.87864,101.89864,101.83737,101.85737,1000
2026-01-08T12:18:00-05:00,101.86225,101.88225,101.83695,101.85695,1000
2026-01-08T12:19:00-05:00,101.84255,101.87381,101.82255,101.85381,1000
2026-01-08T12:20:00-05:00,101.82045,101.86703,101.80045,101.84703,1000
2026-01-08T12:21:00-05:00,101.79682,101.85579,101.77682,101.83579,1000
2026-01-08T12:22:00-05:00,101.77236,101.83944,101.75236,101.81944,1000
2026-01-08T12:23:00-05:00,101.74754,101.81754,101.72754,101.79754,1000
2026-01-08T12:24:00-05:00,101.72257,101.78998,101.70257,101.76998,1000
2026-01-08T12:25:00-05:00,101.69732,101.75693,101.67732,101.73693,1000
2026-01-08T12:26:00-05:00,101.67142,101.71887,101.65142,101.69887,1000
2026-01-08T12:27:00-05:00,101.64426,101.67652,101.62426,101.65652,1000
2026-01-08T12:28:00-05:00,101.61503,101.63503,101.59076,101.61076,1000
2026-01-08T12:29:00-05:00,101.58290,101.60290,101.54257,101.56257,1000
2026-01-08T12:30:00-05:00,101.54705,101.56705,101.49289,101.51289,1000
2026-01-08T12:31:00-05:00,101.50678,101.52678,101.44256,101.46256,1000
2026-01-08T12:32:00-05:00,101.46162,101.48162,101.39220,101.41220,1000
2026-01-08T12:33:00-05:00,101.41136,101.43136,101.34218,101.36218,1000
2026-01-08T12:34:00-05:00,101.35609,101.37609,101.29257,101.31257,1000
2026-01-08T12:35:00-05:00,101.29621,101.31621,101.24314,101.26314,1000
2026-01-08T12:36:00-05:00,101.23239,101.25239,101.19342,101.21342,1000
2026-01-08T12:37:00-05:00,101.16551,101.18551,101.14271,101.16271,1000
2026-01-08T12:38:00-05:00,101.09655,101.13024,101.07655,101.11024,1000
2026-01-08T12:39:00-05:00,101.02653,101.07520,101.00653,101.05520,1000
2026-01-08T12:40:00-05:00,100.95637,101.01686,100.93637,100.99686,1000
2026-01-08T12:41:00-05:00,100.88684,100.95470,100.86684,100.93470,1000
2026-01-08T12:42:00-05:00,100.81845,100.88841,100.79845,100.86841,1000
2026-01-08T12:43:00-05:00,100.75144,100.81800,100.73144,100.79800,1000
2026-01-08T12:44:00-05:00,100.68574,100.74377,100.66574,100.72377,1000
2026-01-08T12:45:00-05:00,100.62100,100.66631,100.60100,100.64631,1000
2026-01-08T12:46:00-05:00,100.55664,100.58645,100.53664,100.56645,1000
2026-01-08T12:47:00-05:00,100.49193,100.51193,100.46517,100.48517,1000
2026-01-08T12:48:00-05:00,100.42610,100.44610,100.38350,100.40350,1000
2026-01-08T12:49:00-05:00,100.35839,100.37839,100.30244,100.32244,1000
2026-01-08T12:50:00-05:00,100.28821,100.30821,100.22286,100.24286,1000
2026-01-08T12:51:00-05:00,100.21515,100.23515,100.14541,100.16541,1000
2026-01-08T12:52:00-05:00,100.13912,100.15912,100.07046,100.09046,1000
2026-01-08T12:53:00-05:00,100.06031,100.08031,99.99807,100.01807,1000
2026-01-08T12:54:00-05:00,99.97919,99.99919,99.92804,99.94804,1000
2026-01-08T12:55:00-05:00,99.89651,99.91651,99.85988,99.87988,1000
2026-01-08T12:56:00-05:00,99.81321,99.83321,99.79291,99.81291,1000
2026-01-08T12:57:00-05:00,99.73030,99.76639,99.71030,99.74639,1000
2026-01-08T12:58:00-05:00,99.64884,99.69952,99.62884,99.67952,1000
2026-01-08T12:59:00-05:00,99.56973,99.63165,99.54973,99.61165,1000
2026-01-08T13:00:00-05:00,99.49374,99.56227,99.47374,99.54227,1000
2026-01-08T13:01:00-05:00,99.42135,99.49115,99.40135,99.47115,1000
2026-01-08T13:02:00-05:00,99.35276,99.41835,99.33276,99.39835,1000
2026-01-08T13:03:00-05:00,99.28786,99.34422,99.26786,99.32422,1000
2026-01-08T13:04:00-05:00,99.22626,99.26938,99.20626,99.24938,1000
2026-01-08T13:05:00-05:00,99.16735,99.19469,99.14735,99.17469,1000
2026-01-08T13:06:00-05:00,99.11037,99.13037,99.08113,99.10113,1000
2026-01-08T13:07:00-05:00,99.05454,99.07454,99.00973,99.02973,1000
2026-01-08T13:08:00-05:00,98.99909,99.01909,98.94144,98.96144,1000
2026-01-08T13:09:00-05:00,98.94342,98.96342,98.87708,98.89708,1000
2026-01-08T13:10:00-05:00,98.88718,98.90718,98.81724,98.83724,1000
2026-01-08T13:11:00-05:00,98.83024,98.85024,98.76221,98.78221,1000
2026-01-08T13:12:00-05:00,98.77282,98.79282,98.71198,98.73198,1000
2026-01-08T13:13:00-05:00,98.71540,98.73540,98.66625,98.68625,1000
2026-01-08T13:14:00-05:00,98.65871,98.67871,98.62445,98.64445,1000
2026-01-08T13:15:00-05:00,98.60365,98.62586,98.58365,98.60586,1000
2026-01-08T13:16:00-05:00,98.55121,98.58964,98.53121,98.56964,1000
2026-01-08T13:17:00-05:00,98.50235,98.55497,98.48235,98.53497,1000
2026-01-08T13:18:00-05:00,98.45792,98.52115,98.43792,98.50115,1000
2026-01-08T13:19:00-05:00,98.41857,98.48764,98.39857,98.46764,1000
2026-01-08T13:20:00-05:00,98.38468,98.45419,98.36468,98.43419,1000
2026-01-08T13:21:00-05:00,98.35633,98.42083,98.33633,98.40083,1000
2026-01-08T13:22:00-05:00,98.33328,98.38787,98.31328,98.36787,1000
2026-01-08T13:23:00-05:00,98.31505,98.35592,98.29505,98.33592,1000
2026-01-08T13:24:00-05:00,98.30089,98.32575,98.28089,98.30575,1000
2026-01-08T13:25:00-05:00,98.28998,98.30998,98.25829,98.27829,1000
2026-01-08T13:26:00-05:00,98.28141,98.30141,98.23446,98.25446,1000
2026-01-08T13:27:00-05:00,98.27438,98.29438,98.21513,98.23513,1000
2026-01-08T13:28:00-05:00,98.26822,98.28822,98.20100,98.22100,1000
2026-01-08T13:29:00-05:00,98.26250,98.28250,98.19250,98.21250,1000
2026-01-08T13:30:00-05:00,98.25707,98.27707,98.18980,98.20980,1000
2026-01-08T13:31:00-05:00,98.25208,98.27208,98.19274,98.21274,1000
2026-01-08T13:32:00-05:00,98.24795,98.26795,98.20087,98.22087,1000
2026-01-08T13:33:00-05:00,98.24535,98.26535,98.21352,98.23352,1000
2026-01-08T13:34:00-05:00,98.24510,98.26981,98.22510,98.24981,1000
2026-01-08T13:35:00-05:00,98.24808,98.28882,98.22808,98.26882,1000
2026-01-08T13:36:00-05:00,98.25514,98.30962,98.23514,98.28962,1000
2026-01-08T13:37:00-05:00,98.26701,98.33144,98.24701,98.31144,1000
2026-01-08T13:38:00-05:00,98.28418,98.35367,98.26418,98.33367,1000
2026-01-08T13:39:00-05:00,98.30690,98.37600,98.28690,98.35600,1000
2026-01-08T13:40:00-05:00,98.33508,98.39838,98.31508,98.37838,1000
2026-01-08T13:41:00-05:00,98.36835,98.42109,98.34835,98.40109,1000
2026-01-08T13:42:00-05:00,98.40607,98.44464,98.38607,98.42464,1000
2026-01-08T13:43:00-05:00,98.44739,98.46974,98.42739,98.44974,1000
2026-01-08T13:44:00-05:00,98.49134,98.51134,98.45722,98.47722,1000
2026-01-08T13:45:00-05:00,98.53694,98.55694,98.48790,98.50790,1000
2026-01-08T13:46:00-05:00,98.58328,98.60328,98.52253,98.54253,1000
2026-01-08T13:47:00-05:00,98.62964,98.64964,98.56165,98.58165,1000
2026-01-08T13:48:00-05:00,98.67553,98.69553,98.60559,98.62559,1000
2026-01-08T13:49:00-05:00,98.72074,98.74074,98.65434,98.67434,1000
2026-01-08T13:50:00-05:00,98.76537,98.78537,98.70763,98.72763,1000
2026-01-08T13:51:00-05:00,98.80980,98.82980,98.76486,98.78486,1000
2026-01-08T13:52:00-05:00,98.85462,98.87462,98.82524,98.84524,1000
2026-01-08T13:53:00-05:00,98.90059,98.92779,98.88059,98.90779,1000
2026-01-08T13:54:00-05:00,98.94850,98.99149,98.92850,98.97149,1000
2026-01-08T13:55:00-05:00,98.99911,99.05536,98.97911,99.03536,1000
2026-01-08T13:56:00-05:00,99.05302,99.11855,99.03302,99.09855,1000
2026-01-08T13:57:00-05:00,99.11064,99.18043,99.09064,99.16043,1000
2026-01-08T13:58:00-05:00,99.17207,99.24064,99.15207,99.22064,1000
2026-01-08T13:59:00-05:00,99.23713,99.29912,99.21713,99.27912,1000
2026-01-08T14:00:00-05:00,99.30532,99.35612,99.28532,99.33612,1000
2026-01-08T14:01:00-05:00,99.37590,99.41211,99.35590,99.39211,1000
2026-01-08T14:02:00-05:00,99.44793,99.46793,99.42778,99.44778,1000
2026-01-08T14:03:00-05:00,99.52040,99.54040,99.48390,99.50390,1000
2026-01-08T14:04:00-05:00,99.59227,99.61227,99.54123,99.56123,1000
2026-01-08T14:05:00-05:00,99.66261,99.68261,99.60045,99.62045,1000
2026-01-08T14:06:00-05:00,99.73067,99.75067,99.66203,99.68203,1000
2026-01-08T14:07:00-05:00,99.79596,99.81596,99.72621,99.74621,1000
2026-01-08T14:08:00-05:00,99.85830,99.87830,99.79290,99.81290,1000
2026-01-08T14:09:00-05:00,99.91780,99.93780,99.86175,99.88175,1000
2026-01-08T14:10:00-05:00,99.97483,99.99483,99.93210,99.95210,1000
2026-01-08T14:11:00-05:00,100.03001,100.05001,100.00310,100.02310,1000
2026-01-08T14:12:00-05:00,100.08407,100.11374,100.06407,100.09374,1000
2026-01-08T14:13:00-05:00,100.13780,100.18300,100.11780,100.16300,1000
2026-01-08T14:14:00-05:00,100.19194,100.24988,100.17194,100.22988,1000
2026-01-08T14:15:00-05:00,100.24705,100.31356,100.22705,100.29356,1000
2026-01-08T14:16:00-05:00,100.30350,100.37346,100.28350,100.35346,1000
2026-01-08T14:17:00-05:00,100.36135,100.42926,100.34135,100.40926,1000
2026-01-08T14:18:00-05:00,100.42038,100.48096,100.40038,100.46096,1000
2026-01-08T14:19:00-05:00,100.48007,100.52885,100.46007,100.50885,1000
2026-01-08T14:20:00-05:00,100.53965,100.57348,100.51965,100.55348,1000
2026-01-08T14:21:00-05:00,100.59821,100.61821,100.57555,100.59555,1000
2026-01-08T14:22:00-05:00,100.65473,100.67473,100.61588,100.63588,1000
2026-01-08T14:23:00-05:00,100.70822,100.72822,100.65525,100.67525,1000
2026-01-08T14:24:00-05:00,100.75780,100.77780,100.69435,100.71435,1000
2026-01-08T14:25:00-05:00,100.80281,100.82281,100.73366,100.75366,1000
2026-01-08T14:26:00-05:00,100.84286,100.86286,100.77341,100.79341,1000
2026-01-08T14:27:00-05:00,100.87783,100.89783,100.81353,100.83353,1000
2026-01-08T14:28:00-05:00,100.90793,100.92793,100.85366,100.87366,1000
2026-01-08T14:29:00-05:00,100.93364,100.95364,100.89317,100.91317,1000
2026-01-08T14:30:00-05:00,100.95566,100.97566,100.93124,100.95124,1000
2026-01-08T14:31:00-05:00,100.97480,101.00692,100.95480,100.98692,1000
2026-01-08T14:32:00-05:00,100.99190,101.03923,100.97190,101.01923,1000
2026-01-08T14:33:00-05:00,101.00777,101.06729,100.98777,101.04729,1000
2026-01-08T14:34:00-05:00,101.02301,101.09038,101.00301,101.07038,1000
2026-01-08T14:35:00-05:00,101.03802,101.10802,101.01802,101.08802,1000
2026-01-08T14:36:00-05:00,101.05291,101.12003,101.03291,101.10003,1000
2026-01-08T14:37:00-05:00,101.06747,101.12654,101.04747,101.10654,1000
2026-01-08T14:38:00-05:00,101.08125,101.12795,101.06125,101.10795,1000
2026-01-08T14:39:00-05:00,101.09354,101.12494,101.07354,101.10494,1000
2026-01-08T14:40:00-05:00,101.10348,101.12348,101.07833,101.09833,1000
2026-01-08T14:41:00-05:00,101.11016,101.13016,101.06901,101.08901,1000
2026-01-08T14:42:00-05:00,101.11268,101.13268,101.05788,101.07788,1000
2026-01-08T14:43:00-05:00,101.11030,101.13030,101.04567,101.06567,1000
2026-01-08T14:44:00-05:00,101.10248,101.12248,101.03293,101.05293,1000
2026-01-08T14:45:00-05:00,101.08897,101.10897,101.01996,101.03996,1000
2026-01-08T14:46:00-05:00,101.06981,101.08981,101.00674,101.02674,1000
2026-01-08T14:47:00-05:00,101.04536,101.06536,100.99296,101.01296,1000
2026-01-08T14:48:00-05:00,101.01623,101.03623,100.97807,100.99807,1000
2026-01-08T14:49:00-05:00,100.98324,101.00324,100.96133,100.98133,1000
2026-01-08T14:50:00-05:00,100.94733,100.98187,100.92733,100.96187,1000
2026-01-08T14:51:00-05:00,100.90945,100.95884,100.88945,100.93884,1000
2026-01-08T14:52:00-05:00,100.87047,100.93147,100.85047,100.91147,1000
2026-01-08T14:53:00-05:00,100.83107,100.89919,100.81107,100.87919,1000
2026-01-08T14:54:00-05:00,100.79173,100.86165,100.77173,100.84165,1000
2026-01-08T14:55:00-05:00,100.75260,100.81883,100.73260,100.79883,1000
2026-01-08T14:56:00-05:00,100.71355,100.77100,100.69355,100.75100,1000
2026-01-08T14:57:00-05:00,100.67418,100.71873,100.65418,100.69873,1000
2026-01-08T14:58:00-05:00,100.63385,100.66280,100.61385,100.64280,1000
2026-01-08T14:59:00-05:00,100.59180,100.61180,100.56415,100.58415,1000
2026-01-08T15:00:00-05:00,100.54719,100.56719,100.50380,100.52380,1000
2026-01-08T15:01:00-05:00,100.49926,100.51926,100.44270,100.46270,1000
2026-01-08T15:02:00-05:00,100.44738,100.46738,100.38167,100.40167,1000
2026-01-08T15:03:00-05:00,100.39115,100.41115,100.32133,100.34133,1000
2026-01-08T15:04:00-05:00,100.33044,100.35044,100.26199,100.28199,1000
2026-01-08T15:05:00-05:00,100.26544,100.28544,100.20369,100.22369,1000
2026-01-08T15:06:00-05:00,100.19664,100.21664,100.14619,100.16619,1000
2026-01-08T15:07:00-05:00,100.12475,100.14475,100.08896,100.10896,1000
2026-01-08T15:08:00-05:00,100.05072,100.07131,100.03072,100.05131,1000
2026-01-08T15:09:00-05:00,99.97556,100.01248,99.95556,99.99248,1000
2026-01-08T15:10:00-05:00,99.90029,99.95168,99.88029,99.93168,1000
2026-01-08T15:11:00-05:00,99.82584,99.88823,99.80584,99.86823,1000
2026-01-08T15:12:00-05:00,99.75293,99.82166,99.73293,99.80166,1000
2026-01-08T15:13:00-05:00,99.68204,99.75175,99.66204,99.73175,1000
2026-01-08T15:14:00-05:00,99.61335,99.67856,99.59335,99.65856,1000
2026-01-08T15:15:00-05:00,99.54674,99.60249,99.52674,99.58249,1000
2026-01-08T15:16:00-05:00,99.48183,99.52417,99.46183,99.50417,1000
2026-01-08T15:17:00-05:00,99.41801,99.44448,99.39801,99.42448,1000
2026-01-08T15:18:00-05:00,99.35454,99.37454,99.32443,99.34443,1000
2026-01-08T15:19:00-05:00,99.29063,99.31063,99.24505,99.26505,1000
2026-01-08T15:20:00-05:00,99.22556,99.24556,99.16734,99.18734,1000
2026-01-08T15:21:00-05:00,99.15877,99.17877,99.09211,99.11211,1000
2026-01-08T15:22:00-05:00,99.08993,99.10993,99.01996,99.03996,1000
2026-01-08T15:23:00-05:00,99.01898,99.03898,98.95121,98.97121,1000
2026-01-08T15:24:00-05:00,98.94618,98.96618,98.88586,98.90586,1000
2026-01-08T15:25:00-05:00,98.87205,98.89205,98.82363,98.84363,1000
2026-01-08T15:26:00-05:00,98.79739,98.81739,98.76398,98.78398,1000
2026-01-08T15:27:00-05:00,98.72313,98.74623,98.70313,98.72623,1000
2026-01-08T15:28:00-05:00,98.65031,98.68957,98.63031,98.66957,1000
2026-01-08T15:29:00-05:00,98.57994,98.63323,98.55994,98.61323,1000
2026-01-08T15:30:00-05:00,98.51291,98.57657,98.49291,98.55657,1000
2026-01-08T15:31:00-05:00,98.44990,98.51913,98.42990,98.49913,1000
2026-01-08T15:32:00-05:00,98.39133,98.46070,98.37133,98.44070,1000
2026-01-08T15:33:00-05:00,98.33731,98.40140,98.31731,98.38140,1000
2026-01-08T15:34:00-05:00,98.28766,98.34161,98.26766,98.32161,1000
2026-01-08T15:35:00-05:00,98.24192,98.28199,98.22192,98.26199,1000
2026-01-08T15:36:00-05:00,98.19942,98.22340,98.17942,98.20340,1000
2026-01-08T15:37:00-05:00,98.15938,98.17938,98.12683,98.14683,1000
2026-01-08T15:38:00-05:00,98.12096,98.14096,98.07326,98.09326,1000
2026-01-08T15:39:00-05:00,98.08342,98.10342,98.02363,98.04363,1000
2026-01-08T15:40:00-05:00,98.04618,98.06618,97.97867,97.99867,1000
2026-01-08T15:41:00-05:00,98.00888,98.02888,97.93889,97.95889,1000
2026-01-08T15:42:00-05:00,97.97146,97.99146,97.90448,97.92448,1000
2026-01-08T15:43:00-05:00,97.93415,97.95415,97.87536,97.89536,1000
2026-01-08T15:44:00-05:00,97.89746,97.91746,97.85113,97.87113,1000
2026-01-08T15:45:00-05:00,97.86213,97.88213,97.83116,97.85116,1000
2026-01-08T15:46:00-05:00,97.82907,97.85466,97.80907,97.83466,1000
2026-01-08T15:47:00-05:00,97.79921,97.84076,97.77921,97.82076,1000
2026-01-08T15:48:00-05:00,97.77349,97.82861,97.75349,97.80861,1000
2026-01-08T15:49:00-05:00,97.75269,97.81752,97.73269,97.79752,1000
2026-01-08T15:50:00-05:00,97.73736,97.80697,97.71736,97.78697,1000
2026-01-08T15:51:00-05:00,97.72779,97.79671,97.70779,97.77671,1000
2026-01-08T15:52:00-05:00,97.72397,97.78682,97.70397,97.76682,1000
2026-01-08T15:53:00-05:00,97.72557,97.77763,97.70557,97.75763,1000
2026-01-08T15:54:00-05:00,97.73199,97.76974,97.71199,97.74974,1000
2026-01-08T15:55:00-05:00,97.74247,97.76394,97.72247,97.74394,1000
2026-01-08T15:56:00-05:00,97.75608,97.77608,97.72112,97.74112,1000
2026-01-08T15:57:00-05:00,97.77192,97.79192,97.72217,97.74217,1000
2026-01-08T15:58:00-05:00,97.78916,97.80916,97.72790,97.74790,1000
2026-01-08T15:59:00-05:00,97.80713,97.82713,97.73890,97.75890,1000
2026-01-09T09:30:00-05:00,97.82544,97.84544,97.75555,97.77555,1000
2026-01-09T09:31:00-05:00,97.84394,97.86394,97.77789,97.79789,1000
2026-01-09T09:32:00-05:00,97.86283,97.88283,97.80567,97.82567,1000
2026-01-09T09:33:00-05:00,97.88253,97.90253,97.83836,97.85836,1000
2026-01-09T09:34:00-05:00,97.90371,97.92371,97.87520,97.89520,1000
2026-01-09T09:35:00-05:00,97.92719,97.95527,97.90719,97.93527,1000
2026-01-09T09:36:00-05:00,97.95381,97.99759,97.93381,97.97759,1000
2026-01-09T09:37:00-05:00,97.98437,98.04123,97.96437,98.02123,1000
2026-01-09T09:38:00-05:00,98.01952,98.08541,97.99952,98.06541,1000
2026-01-09T09:39:00-05:00,98.05969,98.12955,98.03969,98.10955,1000
2026-01-09T09:40:00-05:00,98.10501,98.17335,98.08501,98.15335,1000
2026-01-09T09:41:00-05:00,98.15532,98.21682,98.13532,98.19682,1000
2026-01-09T09:42:00-05:00,98.21014,98.26024,98.19014,98.24024,1000
2026-01-09T09:43:00-05:00,98.26877,98.30415,98.24877,98.28415,1000
2026-01-09T09:44:00-05:00,98.33029,98.35029,98.30925,98.32925,1000
2026-01-09T09:45:00-05:00,98.39370,98.41370,98.35636,98.37636,1000
2026-01-09T09:46:00-05:00,98.45799,98.47799,98.40627,98.42627,1000
2026-01-09T09:47:00-05:00,98.52228,98.54228,98.45966,98.47966,1000
2026-01-09T09:48:00-05:00,98.58584,98.60584,98.51701,98.53701,1000
2026-01-09T09:49:00-05:00,98.64823,98.66823,98.57857,98.59857,1000
2026-01-09T09:50:00-05:00,98.70927,98.72927,98.64425,98.66425,1000
2026-01-09T09:51:00-05:00,98.76912,98.78912,98.71369,98.73369,1000
2026-01-09T09:52:00-05:00,98.82817,98.84817,98.78623,98.80623,1000
2026-01-09T09:53:00-05:00,98.88704,98.90704,98.86101,98.88101,1000
2026-01-09T09:54:00-05:00,98.94648,98.97702,98.92648,98.95702,1000
2026-01-09T09:55:00-05:00,99.00728,99.05324,98.98728,99.03324,1000
2026-01-09T09:56:00-05:00,99.07017,99.12868,99.05017,99.10868,1000
2026-01-09T09:57:00-05:00,99.13569,99.20251,99.11569,99.18251,1000
2026-01-09T09:58:00-05:00,99.20418,99.27417,99.18418,99.25417,1000
2026-01-09T09:59:00-05:00,99.27568,99.34333,99.25568,99.32333,1000
2026-01-09T10:00:00-05:00,99.34994,99.40999,99.32994,99.38999,1000
2026-01-09T10:01:00-05:00,99.42639,99.47445,99.40639,99.45445,1000
2026-01-09T10:02:00-05:00,99.50426,99.53723,99.48426,99.51723,1000
2026-01-09T10:03:00-05:00,99.58258,99.60258,99.55904,99.57904,1000
2026-01-09T10:04:00-05:00,99.66030,99.68030,99.62064,99.64064,1000
2026-01-09T10:05:00-05:00,99.73642,99.75642,99.68279,99.70279,1000
2026-01-09T10:06:00-05:00,99.81003,99.83003,99.74615,99.76615,1000
2026-01-09T10:07:00-05:00,99.88044,99.90044,99.81113,99.83113,1000
2026-01-09T10:08:00-05:00,99.94723,99.96723,99.87793,99.89793,1000
2026-01-09T10:09:00-05:00,100.01028,100.03028,99.94641,99.96641,1000
2026-01-09T10:10:00-05:00,100.06976,100.08976,100.01614,100.03614,1000
2026-01-09T10:11:00-05:00,100.12612,100.14612,100.08646,100.10646,1000
2026-01-09T10:12:00-05:00,100.18001,100.20001,100.15647,100.17647,1000
2026-01-09T10:13:00-05:00,100.23219,100.26517,100.21219,100.24517,1000
2026-01-09T10:14:00-05:00,100.28348,100.33154,100.26348,100.31154,1000
2026-01-09T10:15:00-05:00,100.33458,100.39464,100.31458,100.37464,1000
2026-01-09T10:16:00-05:00,100.38606,100.45371,100.36606,100.43371,1000
2026-01-09T10:17:00-05:00,100.43823,100.50822,100.41823,100.48822,1000
2026-01-09T10:18:00-05:00,100.49113,100.55795,100.47113,100.53795,1000
2026-01-09T10:19:00-05:00,100.54448,100.60298,100.52448,100.58298,1000
2026-01-09T10:20:00-05:00,100.59774,100.64369,100.57774,100.62369,1000
2026-01-09T10:21:00-05:00,100.65012,100.68066,100.63012,100.66066,1000
2026-01-09T10:22:00-05:00,100.70071,100.72071,100.67468,100.69468,1000
2026-01-09T10:23:00-05:00,100.74851,100.76851,100.70657,100.72657,1000
2026-01-09T10:24:00-05:00,100.79258,100.81258,100.73714,100.75714,1000
2026-01-09T10:25:00-05:00,100.83210,100.85210,100.76707,100.78707,1000
2026-01-09T10:26:00-05:00,100.86649,100.88649,100.79683,100.81683,1000
2026-01-09T10:27:00-05:00,100.89543,100.91543,100.82660,100.84660,1000
2026-01-09T10:28:00-05:00,100.91891,100.93891,100.85629,100.87629,1000
2026-01-09T10:29:00-05:00,100.93724,100.95724,100.88552,100.90552,1000
2026-01-09T10:30:00-05:00,100.95098,100.97098,100.91365,100.93365,1000
2026-01-09T10:31:00-05:00,100.96087,100.98087,100.93984,100.95984,1000
2026-01-09T10:32:00-05:00,100.96778,101.00317,100.94778,100.98317,1000
2026-01-09T10:33:00-05:00,100.97260,101.02271,100.95260,101.00271,1000
2026-01-09T10:34:00-05:00,100.97612,101.03763,100.95612,101.01763,1000
2026-01-09T10:35:00-05:00,100.97895,101.04729,100.95895,101.02729,1000
2026-01-09T10:36:00-05:00,100.98145,101.05131,100.96145,101.03131,1000
2026-01-09T10:37:00-05:00,100.98372,101.04961,100.96372,101.02961,1000
2026-01-09T10:38:00-05:00,100.98554,101.04240,100.96554,101.02240,1000
2026-01-09T10:39:00-05:00,100.98641,101.03019,100.96641,101.01019,1000
2026-01-09T10:40:00-05:00,100.98564,101.01372,100.96564,100.99372,1000
2026-01-09T10:41:00-05:00,100.98238,101.00238,100.95387,100.97387,1000
2026-01-09T10:42:00-05:00,100.97575,100.99575,100.93158,100.95158,1000
2026-01-09T10:43:00-05:00,100.96491,100.98491,100.90775,100.92775,1000
2026-01-09T10:44:00-05:00,100.94919,100.96919,100.88314,100.90314,1000
2026-01-09T10:45:00-05:00,100.92815,100.94815,100.85826,100.87826,1000
2026-01-09T10:46:00-05:00,100.90161,100.92161,100.83338,100.85338,1000
2026-01-09T10:47:00-05:00,100.86973,100.88973,100.80847,100.82847,1000
2026-01-09T10:48:00-05:00,100.83294,100.85294,100.78320,100.80320,1000
2026-01-09T10:49:00-05:00,100.79196,100.81196,100.75700,100.77700,1000
2026-01-09T10:50:00-05:00,100.74765,100.76912,100.72765,100.74912,1000
2026-01-09T10:51:00-05:00,100.70099,100.73874,100.68099,100.71874,1000
2026-01-09T10:52:00-05:00,100.65297,100.70503,100.63297,100.68503,1000
2026-01-09T10:53:00-05:00,100.60445,100.66730,100.58445,100.64730,1000
2026-01-09T10:54:00-05:00,100.55611,100.62503,100.53611,100.60503,1000
2026-01-09T10:55:00-05:00,100.50838,100.57798,100.48838,100.55798,1000
2026-01-09T10:56:00-05:00,100.46139,100.52622,100.44139,100.50622,1000
2026-01-09T10:57:00-05:00,100.41497,100.47009,100.39497,100.45009,1000
2026-01-09T10:58:00-05:00,100.36871,100.41025,100.34871,100.39025,1000
2026-01-09T10:59:00-05:00,100.32195,100.34754,100.30195,100.32754,1000
2026-01-09T11:00:00-05:00,100.27392,100.29392,100.24295,100.26295,1000
2026-01-09T11:01:00-05:00,100.22384,100.24384,100.17751,100.19751,1000
2026-01-09T11:02:00-05:00,100.17096,100.19096,100.11217,100.13217,1000
2026-01-09T11:03:00-05:00,100.11472,100.13472,100.04774,100.06774,1000
2026-01-09T11:04:00-05:00,100.05479,100.07479,99.98480,100.00480,1000
2026-01-09T11:05:00-05:00,99.99113,100.01113,99.92362,99.94362,1000
2026-01-09T11:06:00-05:00,99.92399,99.94399,99.86420,99.88420,1000
2026-01-09T11:07:00-05:00,99.85394,99.87394,99.80625,99.82625,1000
2026-01-09T11:08:00-05:00,99.78176,99.80176,99.74921,99.76921,1000
2026-01-09T11:09:00-05:00,99.70841,99.73239,99.68841,99.71239,1000
2026-01-09T11:10:00-05:00,99.63494,99.67500,99.61494,99.65500,1000
2026-01-09T11:11:00-05:00,99.56235,99.61630,99.54235,99.59630,1000
2026-01-09T11:12:00-05:00,99.49156,99.55565,99.47156,99.53565,1000
2026-01-09T11:13:00-05:00,99.42324,99.49262,99.40324,99.47262,1000
2026-01-09T11:14:00-05:00,99.35781,99.42704,99.33781,99.40704,1000
2026-01-09T11:15:00-05:00,99.29541,99.35907,99.27541,99.33907,1000
2026-01-09T11:16:00-05:00,99.23585,99.28914,99.21585,99.26914,1000
2026-01-09T11:17:00-05:00,99.17870,99.21795,99.15870,99.19795,1000
2026-01-09T11:18:00-05:00,99.12330,99.14639,99.10330,99.12639,1000
2026-01-09T11:19:00-05:00,99.06890,99.08890,99.03550,99.05550,1000
2026-01-09T11:20:00-05:00,99.01472,99.03472,98.96629,98.98629,1000
2026-01-09T11:21:00-05:00,98.96005,98.98005,98.89972,98.91972,1000
2026-01-09T11:22:00-05:00,98.90435,98.92435,98.83658,98.85658,1000
2026-01-09T11:23:00-05:00,98.84735,98.86735,98.77738,98.79738,1000
2026-01-09T11:24:00-05:00,98.78903,98.80903,98.72237,98.74237,1000
2026-01-09T11:25:00-05:00,98.72970,98.74970,98.67148,98.69148,1000
2026-01-09T11:26:00-05:00,98.66993,98.68993,98.62436,98.64436,1000
2026-01-09T11:27:00-05:00,98.61052,98.63052,98.58042,98.60042,1000
2026-01-09T11:28:00-05:00,98.55243,98.57891,98.53243,98.55891,1000
2026-01-09T11:29:00-05:00,98.49668,98.53902,98.47668,98.51902,1000
2026-01-09T11:30:00-05:00,98.44424,98.49999,98.42424,98.47999,1000
2026-01-09T11:31:00-05:00,98.39594,98.46116,98.37594,98.44116,1000
2026-01-09T11:32:00-05:00,98.35240,98.42211,98.33240,98.40211,1000
2026-01-09T11:33:00-05:00,98.31394,98.38267,98.29394,98.36267,1000
2026-01-09T11:34:00-05:00,98.28059,98.34298,98.26059,98.32298,1000
2026-01-09T11:35:00-05:00,98.25209,98.30347,98.23209,98.28347,1000
2026-01-09T11:36:00-05:00,98.22790,98.26481,98.20790,98.24481,1000
2026-01-09T11:37:00-05:00,98.20729,98.22787,98.18729,98.20787,1000
2026-01-09T11:38:00-05:00,98.18942,98.20942,98.15362,98.17362,1000
2026-01-09T11:39:00-05:00,98.17346,98.19346,98.12300,98.14300,1000
2026-01-09T11:40:00-05:00,98.15864,98.17864,98.09689,98.11689,1000
2026-01-09T11:41:00-05:00,98.14440,98.16440,98.07594,98.09594,1000
2026-01-09T11:42:00-05:00,98.13040,98.15040,98.06058,98.08058,1000
2026-01-09T11:43:00-05:00,98.11662,98.13662,98.05091,98.07091,1000
2026-01-09T11:44:00-05:00,98.10329,98.12329,98.04674,98.06674,1000
2026-01-09T11:45:00-05:00,98.09097,98.11097,98.04758,98.06758,1000
2026-01-09T11:46:00-05:00,98.08038,98.10038,98.05274,98.07274,1000
2026-01-09T11:47:00-05:00,98.07241,98.10136,98.05241,98.08136,1000
2026-01-09T11:48:00-05:00,98.06798,98.11254,98.04798,98.09254,1000
2026-01-09T11:49:00-05:00,98.06796,98.12542,98.04796,98.10542,1000
2026-01-09T11:50:00-05:00,98.07305,98.13928,98.05305,98.11928,1000
2026-01-09T11:51:00-05:00,98.08373,98.15364,98.06373,98.13364,1000
2026-01-09T11:52:00-05:00,98.10017,98.16828,98.08017,98.14828,1000
2026-01-09T11:53:00-05:00,98.12228,98.18328,98.10228,98.16328,1000
2026-01-09T11:54:00-05:00,98.14962,98.19900,98.12962,98.17900,1000
2026-01-09T11:55:00-05:00,98.18152,98.21606,98.16152,98.19606,1000
2026-01-09T11:56:00-05:00,98.21714,98.23714,98.19522,98.21522,1000
2026-01-09T11:57:00-05:00,98.25553,98.27553,98.21737,98.23737,1000
2026-01-09T11:58:00-05:00,98.29574,98.31574,98.24333,98.26333,1000
2026-01-09T11:59:00-05:00,98.33693,98.35693,98.27385,98.29385,1000
2026-01-09T12:00:00-05:00,98.37847,98.39847,98.30945,98.32945,1000
2026-01-09T12:01:00-05:00,98.41995,98.43995,98.35040,98.37040,1000
2026-01-09T12:02:00-05:00,98.46129,98.48129,98.39666,98.41666,1000
2026-01-09T12:03:00-05:00,98.50268,98.52268,98.44788,98.46788,1000
2026-01-09T12:04:00-05:00,98.54459,98.56459,98.50345,98.52345,1000
2026-01-09T12:05:00-05:00,98.58768,98.60768,98.56253,98.58253,1000
2026-01-09T12:06:00-05:00,98.63275,98.66415,98.61275,98.64415,1000
2026-01-09T12:07:00-05:00,98.68062,98.72732,98.66062,98.70732,1000
2026-01-09T12:08:00-05:00,98.73203,98.79109,98.71203,98.77109,1000
2026-01-09T12:09:00-05:00,98.78757,98.85470,98.76757,98.83470,1000
2026-01-09T12:10:00-05:00,98.84758,98.91758,98.82758,98.89758,1000
2026-01-09T12:11:00-05:00,98.91211,98.97947,98.89211,98.95947,1000
2026-01-09T12:12:00-05:00,98.98091,99.04043,98.96091,99.02043,1000
2026-01-09T12:13:00-05:00,99.05343,99.10075,99.03343,99.08075,1000
2026-01-09T12:14:00-05:00,99.12888,99.16100,99.10888,99.14100,1000
2026-01-09T12:15:00-05:00,99.20632,99.22632,99.18190,99.20190,1000
2026-01-09T12:16:00-05:00,99.28471,99.30471,99.24423,99.26423,1000
2026-01-09T12:17:00-05:00,99.36304,99.38304,99.30877,99.32877,1000
2026-01-09T12:18:00-05:00,99.44043,99.46043,99.37613,99.39613,1000
2026-01-09T12:19:00-05:00,99.51620,99.53620,99.44676,99.46676,1000
2026-01-09T12:20:00-05:00,99.58995,99.60995,99.52080,99.54080,1000
2026-01-09T12:21:00-05:00,99.66155,99.68155,99.59811,99.61811,1000
2026-01-09T12:22:00-05:00,99.73120,99.75120,99.67824,99.69824,1000
2026-01-09T12:23:00-05:00,99.79934,99.81934,99.76049,99.78049,1000
2026-01-09T12:24:00-05:00,99.86660,99.88660,99.84395,99.86395,1000
2026-01-09T12:25:00-05:00,99.93377,99.96760,99.91377,99.94760,1000
2026-01-09T12:26:00-05:00,100.00160,100.05039,99.98160,100.03039,1000
2026-01-09T12:27:00-05:00,100.07079,100.13138,100.05079,100.11138,1000
2026-01-09T12:28:00-05:00,100.14187,100.20977,100.12187,100.18977,1000
2026-01-09T12:29:00-05:00,100.21509,100.28504,100.19509,100.26504,1000
2026-01-09T12:30:00-05:00,100.29045,100.35695,100.27045,100.33695,1000
2026-01-09T12:31:00-05:00,100.36763,100.42556,100.34763,100.40556,1000
2026-01-09T12:32:00-05:00,100.44602,100.49121,100.42602,100.47121,1000
2026-01-09T12:33:00-05:00,100.52481,100.55448,100.50481,100.53448,1000
2026-01-09T12:34:00-05:00,100.60301,100.62301,100.57610,100.59610,1000
2026-01-09T12:35:00-05:00,100.67959,100.69959,100.63686,100.65686,1000
2026-01-09T12:36:00-05:00,100.75357,100.77357,100.69751,100.71751,1000
2026-01-09T12:37:00-05:00,100.82408,100.84408,100.75868,100.77868,1000
2026-01-09T12:38:00-05:00,100.89051,100.91051,100.82076,100.84076,1000
2026-01-09T12:39:00-05:00,100.95251,100.97251,100.88387,100.90387,1000
2026-01-09T12:40:00-05:00,101.01002,101.03002,100.94787,100.96787,1000
2026-01-09T12:41:00-05:00,101.06330,101.08330,101.01227,101.03227,1000
2026-01-09T12:42:00-05:00,101.11287,101.13287,101.07637,101.09637,1000
2026-01-09T12:43:00-05:00,101.15943,101.17943,101.13928,101.15928,1000
2026-01-09T12:44:00-05:00,101.20378,101.24000,101.18378,101.22000,1000
2026-01-09T12:45:00-05:00,101.24674,101.29755,101.22674,101.27755,1000
2026-01-09T12:46:00-05:00,101.28903,101.35103,101.26903,101.33103,1000
2026-01-09T12:47:00-05:00,101.33118,101.39975,101.31118,101.37975,1000
2026-01-09T12:48:00-05:00,101.37349,101.44328,101.35349,101.42328,1000
2026-01-09T12:49:00-05:00,101.41595,101.48147,101.39595,101.46147,1000
2026-01-09T12:50:00-05:00,101.45825,101.51451,101.43825,101.49451,1000
2026-01-09T12:51:00-05:00,101.49984,101.54283,101.47984,101.52283,1000
2026-01-09T12:52:00-05:00,101.53992,101.56712,101.51992,101.54712,1000
2026-01-09T12:53:00-05:00,101.57758,101.59758,101.54819,101.56819,1000
2026-01-09T12:54:00-05:00,101.61186,101.63186,101.56692,101.58692,1000
2026-01-09T12:55:00-05:00,101.64186,101.66186,101.58412,101.60412,1000
2026-01-09T12:56:00-05:00,101.66685,101.68685,101.60046,101.62046,1000
2026-01-09T12:57:00-05:00,101.68633,101.70633,101.61639,101.63639,1000
2026-01-09T12:58:00-05:00,101.70007,101.72007,101.63209,101.65209,1000
2026-01-09T12:59:00-05:00,101.70817,101.72817,101.64742,101.66742,1000
2026-01-09T13:00:00-05:00,101.71102,101.73102,101.66199,101.68199,1000
2026-01-09T13:01:00-05:00,101.70926,101.72926,101.67515,101.69515,1000
2026-01-09T13:02:00-05:00,101.70370,101.72606,101.68370,101.70606,1000
2026-01-09T13:03:00-05:00,101.69526,101.73384,101.67526,101.71384,1000
2026-01-09T13:04:00-05:00,101.68486,101.73760,101.66486,101.71760,1000
2026-01-09T13:05:00-05:00,101.67327,101.73657,101.65327,101.71657,1000
2026-01-09T13:06:00-05:00,101.66112,101.73021,101.64112,101.71021,1000
2026-01-09T13:07:00-05:00,101.64874,101.71823,101.62874,101.69823,1000
2026-01-09T13:08:00-05:00,101.63620,101.70063,101.61620,101.68063,1000
2026-01-09T13:09:00-05:00,101.62325,101.67773,101.60325,101.65773,1000
2026-01-09T13:10:00-05:00,101.60939,101.65013,101.58939,101.63013,1000
2026-01-09T13:11:00-05:00,101.59393,101.61864,101.57393,101.59864,1000
2026-01-09T13:12:00-05:00,101.57603,101.59603,101.54419,101.56419,1000
2026-01-09T13:13:00-05:00,101.55484,101.57484,101.50776,101.52776,1000
2026-01-09T13:14:00-05:00,101.52958,101.54958,101.47024,101.49024,1000
2026-01-09T13:15:00-05:00,101.49967,101.51967,101.43240,101.45240,1000
2026-01-09T13:16:00-05:00,101.46473,101.48473,101.39473,101.41473,1000
2026-01-09T13:17:00-05:00,101.42470,101.44470,101.35748,101.37748,1000
2026-01-09T13:18:00-05:00,101.37981,101.39981,101.32056,101.34056,1000
2026-01-09T13:19:00-05:00,101.33059,101.35059,101.28364,101.30364,1000
2026-01-09T13:20:00-05:00,101.27781,101.29781,101.24613,101.26613,1000
2026-01-09T13:21:00-05:00,101.22242,101.24728,101.20242,101.22728,1000
2026-01-09T13:22:00-05:00,101.16541,101.20629,101.14541,101.18629,1000
2026-01-09T13:23:00-05:00,101.10778,101.16237,101.08778,101.14237,1000
2026-01-09T13:24:00-05:00,101.05039,101.11489,101.03039,101.09489,1000
2026-01-09T13:25:00-05:00,100.99390,101.06341,100.97390,101.04341,1000
2026-01-09T13:26:00-05:00,100.93869,101.00776,100.91869,100.98776,1000
2026-01-09T13:27:00-05:00,100.88486,100.94809,100.86486,100.92809,1000
2026-01-09T13:28:00-05:00,100.83221,100.88483,100.81221,100.86483,1000
2026-01-09T13:29:00-05:00,100.78027,100.81870,100.76027,100.79870,1000
2026-01-09T13:30:00-05:00,100.72838,100.75059,100.70838,100.73059,1000
2026-01-09T13:31:00-05:00,100.67578,100.69578,100.64153,100.66153,1000
2026-01-09T13:32:00-05:00,100.62170,100.64170,100.57254,100.59254,1000
2026-01-09T13:33:00-05:00,100.56542,100.58542,100.50459,100.52459,1000
2026-01-09T13:34:00-05:00,100.50645,100.52645,100.43843,100.45843,1000
2026-01-09T13:35:00-05:00,100.44452,100.46452,100.37459,100.39459,1000
2026-01-09T13:36:00-05:00,100.37965,100.39965,100.31331,100.33331,1000
2026-01-09T13:37:00-05:00,100.31218,100.33218,100.25453,100.27453,1000
2026-01-09T13:38:00-05:00,100.24270,100.26270,100.19790,100.21790,1000
2026-01-09T13:39:00-05:00,100.17207,100.19207,100.14283,100.16283,1000
2026-01-09T13:40:00-05:00,100.10126,100.12861,100.08126,100.10861,1000
2026-01-09T13:41:00-05:00,100.03132,100.07445,100.01132,100.05445,1000
2026-01-09T13:42:00-05:00,99.96325,100.01961,99.94325,99.99961,1000
2026-01-09T13:43:00-05:00,99.89790,99.96349,99.87790,99.94349,1000
2026-01-09T13:44:00-05:00,99.83591,99.90571,99.81591,99.88571,1000
2026-01-09T13:45:00-05:00,99.77764,99.84616,99.75764,99.82616,1000
2026-01-09T13:46:00-05:00,99.72313,99.78504,99.70313,99.76504,1000
2026-01-09T13:47:00-05:00,99.67215,99.72283,99.65215,99.70283,1000
2026-01-09T13:48:00-05:00,99.62419,99.66027,99.60419,99.64027,1000
2026-01-09T13:49:00-05:00,99.57858,99.59858,99.55828,99.57828,1000
2026-01-09T13:50:00-05:00,99.53451,99.55451,99.49787,99.51787,1000
2026-01-09T13:51:00-05:00,99.49120,99.51120,99.44005,99.46005,1000
2026-01-09T13:52:00-05:00,99.44797,99.46797,99.38573,99.40573,1000
2026-01-09T13:53:00-05:00,99.40429,99.42429,99.33563,99.35563,1000
2026-01-09T13:54:00-05:00,99.35993,99.37993,99.29019,99.31019,1000
2026-01-09T13:55:00-05:00,99.31491,99.33491,99.24957,99.26957,1000
2026-01-09T13:56:00-05:00,99.26958,99.28958,99.21363,99.23363,1000
2026-01-09T13:57:00-05:00,99.22453,99.24453,99.18193,99.20193,1000
2026-01-09T13:58:00-05:00,99.18059,99.20059,99.15383,99.17383,1000
2026-01-09T13:59:00-05:00,99.13871,99.16853,99.11871,99.14853,1000
2026-01-09T14:00:00-05:00,99.09987,99.14519,99.07987,99.12519,1000
2026-01-09T14:01:00-05:00,99.06500,99.12304,99.04500,99.10304,1000
2026-01-09T14:02:00-05:00,99.03487,99.10143,99.01487,99.08143,1000
2026-01-09T14:03:00-05:00,99.01000,99.07996,98.99000,99.05996,1000
2026-01-09T14:04:00-05:00,98.99064,99.05850,98.97064,99.03850,1000
2026-01-09T14:05:00-05:00,98.97671,99.03721,98.95671,99.01721,1000
2026-01-09T14:06:00-05:00,98.96787,99.01654,98.94787,98.99654,1000
2026-01-09T14:07:00-05:00,98.96350,98.99718,98.94350,98.97718,1000
2026-01-09T14:08:00-05:00,98.96280,98.98280,98.94000,98.96000,1000
2026-01-09T14:09:00-05:00,98.96491,98.98491,98.92592,98.94592,1000
2026-01-09T14:10:00-05:00,98.96894,98.98894,98.91587,98.93587,1000
2026-01-09T14:11:00-05:00,98.97414,98.99414,98.91062,98.93062,1000
2026-01-09T14:12:00-05:00,98.97996,98.99996,98.91078,98.93078,1000
2026-01-09T14:13:00-05:00,98.98607,99.00607,98.91665,98.93665,1000
2026-01-09T14:14:00-05:00,98.99248,99.01248,98.92825,98.94825,1000
2026-01-09T14:15:00-05:00,98.99945,99.01945,98.94529,98.96529,1000
2026-01-09T14:16:00-05:00,99.00754,99.02754,98.96721,98.98721,1000
2026-01-09T14:17:00-05:00,99.01748,99.03748,98.99321,99.01321,1000
2026-01-09T14:18:00-05:00,99.03014,99.06241,99.01014,99.04241,1000
2026-01-09T14:19:00-05:00,99.04640,99.09385,99.02640,99.07385,1000
2026-01-09T14:20:00-05:00,99.06706,99.12668,99.04706,99.10668,1000
2026-01-09T14:21:00-05:00,99.09276,99.16017,99.07276,99.14017,1000
2026-01-09T14:22:00-05:00,99.12386,99.19386,99.10386,99.17386,1000
2026-01-09T14:23:00-05:00,99.16048,99.22755,99.14048,99.20755,1000
2026-01-09T14:24:00-05:00,99.20238,99.26135,99.18238,99.24135,1000
2026-01-09T14:25:00-05:00,99.24907,99.29565,99.22907,99.27565,1000
2026-01-09T14:26:00-05:00,99.29980,99.33106,99.27980,99.31106,1000
2026-01-09T14:27:00-05:00,99.35365,99.37365,99.32835,99.34835,1000
2026-01-09T14:28:00-05:00,99.40964,99.42964,99.36836,99.38836,1000
2026-01-09T14:29:00-05:00,99.46680,99.48680,99.41189,99.43189,1000
2026-01-09T14:30:00-05:00,99.52431,99.54431,99.45961,99.47961,1000
2026-01-09T14:31:00-05:00,99.58153,99.60153,99.51196,99.53196,1000
2026-01-09T14:32:00-05:00,99.63811,99.65811,99.56913,99.58913,1000
2026-01-09T14:33:00-05:00,99.69397,99.71397,99.63097,99.65097,1000
2026-01-09T14:34:00-05:00,99.74936,99.76936,99.69707,99.71707,1000
2026-01-09T14:35:00-05:00,99.80475,99.82475,99.76673,99.78673,1000
2026-01-09T14:36:00-05:00,99.86082,99.88082,99.83905,99.85905,1000
2026-01-09T14:37:00-05:00,99.91835,99.95303,99.89835,99.93303,1000
2026-01-09T14:38:00-05:00,99.97814,100.02765,99.95814,100.00765,1000
2026-01-09T14:39:00-05:00,100.04089,100.10198,100.02089,100.08198,1000
2026-01-09T14:40:00-05:00,100.10711,100.17527,100.08711,100.15527,1000
2026-01-09T14:41:00-05:00,100.17708,100.24699,100.15708,100.22699,1000
2026-01-09T14:42:00-05:00,100.25076,100.31693,100.23076,100.29693,1000
2026-01-09T14:43:00-05:00,100.32783,100.38518,100.30783,100.36518,1000
2026-01-09T14:44:00-05:00,100.40767,100.45209,100.38767,100.43209,1000
2026-01-09T14:45:00-05:00,100.48944,100.51824,100.46944,100.49824,1000
2026-01-09T14:46:00-05:00,100.57215,100.59215,100.54436,100.56436,1000
2026-01-09T14:47:00-05:00,100.65476,100.67476,100.61124,100.63124,1000
2026-01-09T14:48:00-05:00,100.73627,100.75627,100.67961,100.69961,1000
2026-01-09T14:49:00-05:00,100.81583,100.83583,100.75006,100.77006,1000
2026-01-09T14:50:00-05:00,100.89281,100.91281,100.82297,100.84297,1000
2026-01-09T14:51:00-05:00,100.96684,100.98684,100.89842,100.91842,1000
2026-01-09T14:52:00-05:00,101.03787,101.05787,100.97621,100.99621,1000
2026-01-09T14:53:00-05:00,101.10616,101.12616,101.05582,101.07582,1000
2026-01-09T14:54:00-05:00,101.17218,101.19218,101.13652,101.15652,1000
2026-01-09T14:55:00-05:00,101.23662,101.25736,101.21662,101.23736,1000
2026-01-09T14:56:00-05:00,101.30026,101.33731,101.28026,101.31731,1000
2026-01-09T14:57:00-05:00,101.36386,101.41535,101.34386,101.39535,1000
2026-01-09T14:58:00-05:00,101.42809,101.49056,101.40809,101.47056,1000
2026-01-09T14:59:00-05:00,101.49345,101.56222,101.47345,101.54222,1000
2026-01-09T15:00:00-05:00,101.56015,101.62984,101.54015,101.60984,1000
2026-01-09T15:01:00-05:00,101.62813,101.69328,101.60813,101.67328,1000
2026-01-09T15:02:00-05:00,101.69702,101.75266,101.67702,101.73266,1000
2026-01-09T15:03:00-05:00,101.76620,101.80840,101.74620,101.78840,1000
2026-01-09T15:04:00-05:00,101.83480,101.86112,101.81480,101.84112,1000
2026-01-09T15:05:00-05:00,101.90185,101.92185,101.87160,101.89160,1000
2026-01-09T15:06:00-05:00,101.96634,101.98634,101.92064,101.94064,1000
2026-01-09T15:07:00-05:00,102.02732,102.04732,101.96900,101.98900,1000
2026-01-09T15:08:00-05:00,102.08400,102.10400,102.01728,102.03728,1000
2026-01-09T15:09:00-05:00,102.13583,102.15583,102.06585,102.08585,1000
2026-01-09T15:10:00-05:00,102.18254,102.20254,102.11480,102.13480,1000
2026-01-09T15:11:00-05:00,102.22417,102.24417,102.16394,102.18394,1000
2026-01-09T15:12:00-05:00,102.26106,102.28106,102.21276,102.23276,1000
2026-01-09T15:13:00-05:00,102.29380,102.31380,102.26054,102.28054,1000
2026-01-09T15:14:00-05:00,102.32314,102.34639,102.30314,102.32639,1000
2026-01-09T15:15:00-05:00,102.34994,102.38933,102.32994,102.36933,1000
2026-01-09T15:16:00-05:00,102.37502,102.42842,102.35502,102.40842,1000
2026-01-09T15:17:00-05:00,102.39910,102.46284,102.37910,102.44284,1000
2026-01-09T15:18:00-05:00,102.42271,102.49197,102.40271,102.47197,1000
2026-01-09T15:19:00-05:00,102.44610,102.51546,102.42610,102.49546,1000
2026-01-09T15:20:00-05:00,102.46925,102.53327,102.44925,102.51327,1000
2026-01-09T15:21:00-05:00,102.49184,102.54568,102.47184,102.52568,1000
2026-01-09T15:22:00-05:00,102.51327,102.55320,102.49327,102.53320,1000
2026-01-09T15:23:00-05:00,102.53277,102.55660,102.51277,102.53660,1000
2026-01-09T15:24:00-05:00,102.54943,102.56943,102.51674,102.53674,1000
2026-01-09T15:25:00-05:00,102.56234,102.58234,102.51452,102.53452,1000
2026-01-09T15:26:00-05:00,102.57066,102.59066,102.51078,102.53078,1000
2026-01-09T15:27:00-05:00,102.57373,102.59373,102.50618,102.52618,1000
2026-01-09T15:28:00-05:00,102.57114,102.59114,102.50115,102.52115,1000
2026-01-09T15:29:00-05:00,102.56277,102.58277,102.49585,102.51585,1000
2026-01-09T15:30:00-05:00,102.54882,102.56882,102.49012,102.51012,1000
2026-01-09T15:31:00-05:00,102.52975,102.54975,102.48355,102.50355,1000
2026-01-09T15:32:00-05:00,102.50629,102.52629,102.47546,102.49546,1000
2026-01-09T15:33:00-05:00,102.47932,102.50507,102.45932,102.48507,1000
2026-01-09T15:34:00-05:00,102.44981,102.49149,102.42981,102.47149,1000
2026-01-09T15:35:00-05:00,102.41866,102.47389,102.39866,102.45389,1000
2026-01-09T15:36:00-05:00,102.38669,102.45159,102.36669,102.43159,1000
2026-01-09T15:37:00-05:00,102.35449,102.42411,102.33449,102.40411,1000
2026-01-09T15:38:00-05:00,102.32237,102.39126,102.30237,102.37126,1000
2026-01-09T15:39:00-05:00,102.29037,102.35314,102.27037,102.33314,1000
2026-01-09T15:40:00-05:00,102.25822,102.31017,102.23822,102.29017,1000
2026-01-09T15:41:00-05:00,102.22541,102.26301,102.20541,102.24301,1000
2026-01-09T15:42:00-05:00,102.19122,102.21255,102.17122,102.19255,1000
2026-01-09T15:43:00-05:00,102.15486,102.17486,102.11976,102.13976,1000
2026-01-09T15:44:00-05:00,102.11551,102.13551,102.06564,102.08564,1000
2026-01-09T15:45:00-05:00,102.07244,102.09244,102.01110,102.03110,1000
2026-01-09T15:46:00-05:00,102.02513,102.04513,101.95686,101.97686,1000
2026-01-09T15:47:00-05:00,101.97330,101.99330,101.90342,101.92342,1000
2026-01-09T15:48:00-05:00,101.91697,101.93697,101.85097,101.87097,1000
2026-01-09T15:49:00-05:00,101.85645,101.87645,101.79940,101.81940,1000
2026-01-09T15:50:00-05:00,101.79236,101.81236,101.74833,101.76833,1000
2026-01-09T15:51:00-05:00,101.72553,101.74553,101.69716,101.71716,1000
2026-01-09T15:52:00-05:00,101.65693,101.68516,101.63693,101.66516,1000
2026-01-09T15:53:00-05:00,101.58761,101.63152,101.56761,101.61152,1000
2026-01-09T15:54:00-05:00,101.51854,101.57550,101.49854,101.55550,1000
2026-01-09T15:55:00-05:00,101.45057,101.51651,101.43057,101.49651,1000
2026-01-09T15:56:00-05:00,101.38432,101.45419,101.36432,101.43419,1000
2026-01-09T15:57:00-05:00,101.32013,101.38844,101.30013,101.36844,1000
2026-01-09T15:58:00-05:00,101.25805,101.31948,101.23805,101.29948,1000
2026-01-09T15:59:00-05:00,101.19783,101.24781,101.17783,101.22781,1000
2026-01-12T09:30:00-05:00,101.13897,101.17421,101.11897,101.15421,1000
2026-01-12T09:31:00-05:00,101.08078,101.10078,101.05960,101.07960,1000
2026-01-12T09:32:00-05:00,101.02251,101.04251,100.98503,101.00503,1000
2026-01-12T09:33:00-05:00,100.96337,100.98337,100.91153,100.93153,1000
2026-01-12T09:34:00-05:00,100.90271,100.92271,100.84001,100.86001,1000
2026-01-12T09:35:00-05:00,100.84006,100.86006,100.77120,100.79120,1000
2026-01-12T09:36:00-05:00,100.77522,100.79522,100.70557,100.72557,1000
2026-01-12T09:37:00-05:00,100.70827,100.72827,100.64331,100.66331,1000
2026-01-12T09:38:00-05:00,100.63959,100.65959,100.58426,100.60426,1000
2026-01-12T09:39:00-05:00,100.56984,100.58984,100.52803,100.54803,1000
2026-01-12T09:40:00-05:00,100.49989,100.51989,100.47401,100.49401,1000
2026-01-12T09:41:00-05:00,100.43074,100.46143,100.41074,100.44143,1000
2026-01-12T09:42:00-05:00,100.36342,100.40950,100.34342,100.38950,1000
2026-01-12T09:43:00-05:00,100.29890,100.35750,100.27890,100.33750,1000
2026-01-12T09:44:00-05:00,100.23797,100.30485,100.21797,100.28485,1000
2026-01-12T09:45:00-05:00,100.18122,100.25120,100.16122,100.23120,1000
2026-01-12T09:46:00-05:00,100.12891,100.19650,100.10891,100.17650,1000
2026-01-12T09:47:00-05:00,100.08102,100.14099,100.06102,100.12099,1000
2026-01-12T09:48:00-05:00,100.03724,100.08517,100.01724,100.06517,1000
2026-01-12T09:49:00-05:00,99.99699,100.02982,99.97699,100.00982,1000
2026-01-12T09:50:00-05:00,99.95956,99.97956,99.93587,99.95587,1000
2026-01-12T09:51:00-05:00,99.92410,99.94410,99.88430,99.90430,1000
2026-01-12T09:52:00-05:00,99.88984,99.90984,99.83610,99.85610,1000
2026-01-12T09:53:00-05:00,99.85607,99.87607,99.79212,99.81212,1000
2026-01-12T09:54:00-05:00,99.82232,99.84232,99.75299,99.77299,1000
2026-01-12T09:55:00-05:00,99.78836,99.80836,99.71908,99.73908,1000
2026-01-12T09:56:00-05:00,99.75427,99.77427,99.69046,99.71046,1000
2026-01-12T09:57:00-05:00,99.72040,99.74040,99.66689,99.68689,1000
2026-01-12T09:58:00-05:00,99.68739,99.70739,99.64787,99.66787,1000
2026-01-12T09:59:00-05:00,99.65605,99.67605,99.63267,99.65267,1000
2026-01-12T10:00:00-05:00,99.62733,99.66045,99.60733,99.64045,1000
2026-01-12T10:01:00-05:00,99.60217,99.65035,99.58217,99.63035,1000
2026-01-12T10:02:00-05:00,99.58144,99.64158,99.56144,99.62158,1000
2026-01-12T10:03:00-05:00,99.56582,99.63351,99.54582,99.61351,1000
2026-01-12T10:04:00-05:00,99.55577,99.62575,99.53577,99.60575,1000
2026-01-12T10:05:00-05:00,99.55142,99.61819,99.53142,99.59819,1000
2026-01-12T10:06:00-05:00,99.55262,99.61103,99.53262,99.59103,1000
2026-01-12T10:07:00-05:00,99.55890,99.60473,99.53890,99.58473,1000
2026-01-12T10:08:00-05:00,99.56960,99.59999,99.54960,99.57999,1000
2026-01-12T10:09:00-05:00,99.58384,99.60384,99.55766,99.57766,1000
2026-01-12T10:10:00-05:00,99.60071,99.62071,99.55863,99.57863,1000
2026-01-12T10:11:00-05:00,99.61932,99.63932,99.56378,99.58378,1000
2026-01-12T10:12:00-05:00,99.63892,99.65892,99.57383,99.59383,1000
2026-01-12T10:13:00-05:00,99.65894,99.67894,99.58926,99.60926,1000
2026-01-12T10:14:00-05:00,99.67911,99.69911,99.61031,99.63031,1000
2026-01-12T10:15:00-05:00,99.69944,99.71944,99.63689,99.65689,1000
2026-01-12T10:16:00-05:00,99.72023,99.74023,99.66862,99.68862,1000
2026-01-12T10:17:00-05:00,99.74203,99.76203,99.70484,99.72484,1000
2026-01-12T10:18:00-05:00,99.76559,99.78559,99.74471,99.76471,1000
2026-01-12T10:19:00-05:00,99.79175,99.82727,99.77175,99.80727,1000
2026-01-12T10:20:00-05:00,99.82134,99.87156,99.80134,99.85156,1000
2026-01-12T10:21:00-05:00,99.85511,99.91670,99.83511,99.89670,1000
2026-01-12T10:22:00-05:00,99.89361,99.96199,99.87361,99.94199,1000
2026-01-12T10:23:00-05:00,99.93714,100.00699,99.91714,99.98699,1000
2026-01-12T10:24:00-05:00,99.98570,100.05152,99.96570,100.03152,1000
2026-01-12T10:25:00-05:00,100.03897,100.09573,100.01897,100.07573,1000
2026-01-12T10:26:00-05:00,100.09637,100.14002,100.07637,100.12002,1000
2026-01-12T10:27:00-05:00,100.15709,100.18502,100.13709,100.16502,1000
2026-01-12T10:28:00-05:00,100.22016,100.24016,100.19149,100.21149,1000
2026-01-12T10:29:00-05:00,100.28456,100.30456,100.24026,100.26026,1000
2026-01-12T10:30:00-05:00,100.34932,100.36932,100.29207,100.31207,1000
2026-01-12T10:31:00-05:00,100.41364,100.43364,100.34752,100.36752,1000
2026-01-12T10:32:00-05:00,100.47690,100.49690,100.40700,100.42700,1000
2026-01-12T10:33:00-05:00,100.53878,100.55878,100.47059,100.49059,1000
2026-01-12T10:34:00-05:00,100.59926,100.61926,100.53809,100.55809,1000
2026-01-12T10:35:00-05:00,100.65861,100.67861,100.60898,100.62898,1000
2026-01-12T10:36:00-05:00,100.71733,100.73733,100.68252,100.70252,1000
2026-01-12T10:37:00-05:00,100.77613,100.79776,100.75613,100.77776,1000
2026-01-12T10:38:00-05:00,100.83578,100.87366,100.81578,100.85366,1000
2026-01-12T10:39:00-05:00,100.89704,100.94922,100.87704,100.92922,1000
2026-01-12T10:40:00-05:00,100.96057,101.02350,100.94057,101.00350,1000
2026-01-12T10:41:00-05:00,101.02685,101.09580,101.00685,101.07580,1000
2026-01-12T10:42:00-05:00,101.09606,101.16565,101.07606,101.14565,1000
2026-01-12T10:43:00-05:00,101.16811,101.23287,101.14811,101.21287,1000
2026-01-12T10:44:00-05:00,101.24261,101.29762,101.22261,101.27762,1000
2026-01-12T10:45:00-05:00,101.31888,101.36028,101.29888,101.34028,1000
2026-01-12T10:46:00-05:00,101.39605,101.42149,101.37605,101.40149,1000
2026-01-12T10:47:00-05:00,101.47310,101.49310,101.44198,101.46198,1000
2026-01-12T10:48:00-05:00,101.54900,101.56900,101.50254,101.52254,1000
2026-01-12T10:49:00-05:00,101.62277,101.64277,101.56389,101.58389,1000
2026-01-12T10:50:00-05:00,101.69360,101.71360,101.62658,101.64658,1000
2026-01-12T10:51:00-05:00,101.76092,101.78092,101.69092,101.71092,1000
2026-01-12T10:52:00-05:00,101.82443,101.84443,101.75697,101.77697,1000
2026-01-12T10:53:00-05:00,101.88415,101.90415,101.82445,101.84445,1000
2026-01-12T10:54:00-05:00,101.94040,101.96040,101.89283,101.91283,1000
2026-01-12T10:55:00-05:00,101.99371,102.01371,101.96131,101.98131,1000
2026-01-12T10:56:00-05:00,102.04481,102.06894,102.02481,102.04894,1000
2026-01-12T10:57:00-05:00,102.09449,102.13470,102.07449,102.11470,1000
2026-01-12T10:58:00-05:00,102.14354,102.19760,102.12354,102.17760,1000
2026-01-12T10:59:00-05:00,102.19260,102.25676,102.17260,102.23676,1000
2026-01-12T11:00:00-05:00,102.24212,102.31153,102.22212,102.29153,1000
2026-01-12T11:01:00-05:00,102.29231,102.36151,102.27231,102.34151,1000
2026-01-12T11:02:00-05:00,102.34304,102.40663,102.32304,102.38663,1000
2026-01-12T11:03:00-05:00,102.39392,102.44710,102.37392,102.42710,1000
2026-01-12T11:04:00-05:00,102.44429,102.48340,102.42429,102.46340,1000
2026-01-12T11:05:00-05:00,102.49329,102.51624,102.47329,102.49624,1000
2026-01-12T11:06:00-05:00,102.53995,102.55995,102.50640,102.52640,1000
2026-01-12T11:07:00-05:00,102.58329,102.60329,102.53474,102.55474,1000
2026-01-12T11:08:00-05:00,102.62242,102.64242,102.56201,102.58201,1000
2026-01-12T11:09:00-05:00,102.65661,102.67661,102.58879,102.60879,1000
2026-01-12T11:10:00-05:00,102.68540,102.70540,102.61544,102.63544,1000
2026-01-12T11:11:00-05:00,102.70862,102.72862,102.64201,102.66201,1000
2026-01-12T11:12:00-05:00,102.72640,102.74640,102.66828,102.68828,1000
2026-01-12T11:13:00-05:00,102.73917,102.75917,102.69373,102.71373,1000
2026-01-12T11:14:00-05:00,102.74758,102.76758,102.71762,102.73762,1000
2026-01-12T11:15:00-05:00,102.75246,102.77908,102.73246,102.75908,1000
2026-01-12T11:16:00-05:00,102.75469,102.79716,102.73469,102.77716,1000
2026-01-12T11:17:00-05:00,102.75512,102.81097,102.73512,102.79097,1000
2026-01-12T11:18:00-05:00,102.75447,102.81975,102.73447,102.79975,1000
2026-01-12T11:19:00-05:00,102.75326,102.82298,102.73326,102.80298,1000
2026-01-12T11:20:00-05:00,102.75171,102.82041,102.73171,102.80041,1000
2026-01-12T11:21:00-05:00,102.74978,102.81209,102.72978,102.79209,1000
2026-01-12T11:22:00-05:00,102.74712,102.79838,102.72712,102.77838,1000
2026-01-12T11:23:00-05:00,102.74313,102.77991,102.72313,102.75991,1000
2026-01-12T11:24:00-05:00,102.73704,102.75748,102.71704,102.73748,1000
2026-01-12T11:25:00-05:00,102.72797,102.74797,102.69203,102.71203,1000
2026-01-12T11:26:00-05:00,102.71505,102.73505,102.66448,102.68448,1000
2026-01-12T11:27:00-05:00,102.69751,102.71751,102.63567,102.65567,1000
2026-01-12T11:28:00-05:00,102.67476,102.69476,102.60627,102.62627,1000
2026-01-12T11:29:00-05:00,102.64650,102.66650,102.57669,102.59669,1000
2026-01-12T11:30:00-05:00,102.61269,102.63269,102.54704,102.56704,1000
2026-01-12T11:31:00-05:00,102.57362,102.59362,102.51717,102.53717,1000
2026-01-12T11:32:00-05:00,102.52986,102.54986,102.48661,102.50661,1000
2026-01-12T11:33:00-05:00,102.48221,102.50221,102.45472,102.47472,1000
2026-01-12T11:34:00-05:00,102.43160,102.46070,102.41160,102.44070,1000
2026-01-12T11:35:00-05:00,102.37902,102.42370,102.35902,102.40370,1000
2026-01-12T11:36:00-05:00,102.32541,102.38296,102.30541,102.36296,1000
2026-01-12T11:37:00-05:00,102.27156,102.33785,102.25156,102.31785,1000
2026-01-12T11:38:00-05:00,102.21805,102.28797,102.19805,102.26797,1000
2026-01-12T11:39:00-05:00,102.16516,102.23323,102.14516,102.21323,1000
2026-01-12T11:40:00-05:00,102.11290,102.17382,102.09290,102.15382,1000
2026-01-12T11:41:00-05:00,102.06097,102.11023,102.04097,102.09023,1000
2026-01-12T11:42:00-05:00,102.00883,102.04322,101.98883,102.02322,1000
2026-01-12T11:43:00-05:00,101.95578,101.97578,101.93371,101.95371,1000
2026-01-12T11:44:00-05:00,101.90101,101.92101,101.86271,101.88271,1000
2026-01-12T11:45:00-05:00,101.84375,101.86375,101.79124,101.81124,1000
2026-01-12T11:46:00-05:00,101.78334,101.80334,101.72019,101.74019,1000
2026-01-12T11:47:00-05:00,101.71931,101.73931,101.65027,101.67027,1000
2026-01-12T11:48:00-05:00,101.65145,101.67145,101.58192,101.60192,1000
2026-01-12T11:49:00-05:00,101.57987,101.59987,101.51530,101.53530,1000
2026-01-12T11:50:00-05:00,101.50495,101.52495,101.45026,101.47026,1000
2026-01-12T11:51:00-05:00,101.42738,101.44738,101.38638,101.40638,1000
2026-01-12T11:52:00-05:00,101.34804,101.36804,101.32303,101.34303,1000
2026-01-12T11:53:00-05:00,101.26793,101.29948,101.24793,101.27948,1000
2026-01-12T11:54:00-05:00,101.18809,101.23492,101.16809,101.21492,1000
2026-01-12T11:55:00-05:00,101.10951,101.16866,101.08951,101.14866,1000
2026-01-12T11:56:00-05:00,101.03298,101.10015,101.01298,101.08015,1000
2026-01-12T11:57:00-05:00,100.95908,101.02908,100.93908,101.00908,1000
2026-01-12T11:58:00-05:00,100.88811,100.95543,100.86811,100.93543,1000
2026-01-12T11:59:00-05:00,100.82003,100.87946,100.80003,100.85946,1000
2026-01-12T12:00:00-05:00,100.75456,100.80175,100.73456,100.78175,1000
2026-01-12T12:01:00-05:00,100.69114,100.72311,100.67114,100.70311,1000
2026-01-12T12:02:00-05:00,100.62906,100.64906,100.60449,100.62449,1000
2026-01-12T12:03:00-05:00,100.56755,100.58755,100.52694,100.54694,1000
2026-01-12T12:04:00-05:00,100.50584,100.52584,100.45146,100.47146,1000
2026-01-12T12:05:00-05:00,100.44330,100.46330,100.37893,100.39893,1000
2026-01-12T12:06:00-05:00,100.37950,100.39950,100.31003,100.33003,1000
2026-01-12T12:07:00-05:00,100.31428,100.33428,100.24516,100.26516,1000
2026-01-12T12:08:00-05:00,100.24778,100.26778,100.18441,100.20441,1000
2026-01-12T12:09:00-05:00,100.18043,100.20043,100.12758,100.14758,1000
2026-01-12T12:10:00-05:00,100.11291,100.13291,100.07421,100.09421,1000
2026-01-12T12:11:00-05:00,100.04612,100.06612,100.02362,100.04362,1000
2026-01-12T12:12:00-05:00,99.98105,100.01502,99.96105,99.99502,1000
2026-01-12T12:13:00-05:00,99.91870,99.96761,99.89870,99.94761,1000
2026-01-12T12:14:00-05:00,99.86000,99.92067,99.84000,99.90067,1000
2026-01-12T12:15:00-05:00,99.80569,99.87364,99.78569,99.85364,1000
2026-01-12T12:16:00-05:00,99.75625,99.82620,99.73625,99.80620,1000
2026-01-12T12:17:00-05:00,99.71189,99.77834,99.69189,99.75834,1000
2026-01-12T12:18:00-05:00,99.67249,99.73032,99.65249,99.71032,1000
2026-01-12T12:19:00-05:00,99.63764,99.68270,99.61764,99.66270,1000
2026-01-12T12:20:00-05:00,99.60673,99.63625,99.58673,99.61625,1000
2026-01-12T12:21:00-05:00,99.57895,99.59895,99.55189,99.57189,1000
2026-01-12T12:22:00-05:00,99.55347,99.57347,99.51060,99.53060,1000
2026-01-12T12:23:00-05:00,99.52945,99.54945,99.47330,99.49330,1000
2026-01-12T12:24:00-05:00,99.50623,99.52623,99.44077,99.46077,1000
2026-01-12T12:25:00-05:00,99.48334,99.50334,99.41357,99.43357,1000
2026-01-12T12:26:00-05:00,99.46058,99.48058,99.39198,99.41198,1000
2026-01-12T12:27:00-05:00,99.43804,99.45804,99.37597,99.39597,1000
2026-01-12T12:28:00-05:00,99.41612,99.43612,99.36520,99.38520,1000
2026-01-12T12:29:00-05:00,99.39545,99.41545,99.35909,99.37909,1000
2026-01-12T12:30:00-05:00,99.37686,99.39686,99.35686,99.37686,1000
2026-01-12T12:31:00-05:00,99.36125,99.39761,99.34125,99.37761,1000
2026-01-12T12:32:00-05:00,99.34953,99.40045,99.32953,99.38045,1000
2026-01-12T12:33:00-05:00,99.34251,99.40458,99.32251,99.38458,1000
2026-01-12T12:34:00-05:00,99.34079,99.40939,99.32079,99.38939,1000
2026-01-12T12:35:00-05:00,99.34472,99.41449,99.32472,99.39449,1000
2026-01-12T12:36:00-05:00,99.35435,99.41981,99.33435,99.39981,1000
2026-01-12T12:37:00-05:00,99.36942,99.42557,99.34942,99.40557,1000
2026-01-12T12:38:00-05:00,99.38939,99.43225,99.36939,99.41225,1000
2026-01-12T12:39:00-05:00,99.41350,99.44055,99.39350,99.42055,1000
2026-01-12T12:40:00-05:00,99.44083,99.46083,99.41129,99.43129,1000
2026-01-12T12:41:00-05:00,99.47043,99.49043,99.42536,99.44536,1000
2026-01-12T12:42:00-05:00,99.50139,99.52139,99.44355,99.46355,1000
2026-01-12T12:43:00-05:00,99.53296,99.55296,99.46651,99.48651,1000
2026-01-12T12:44:00-05:00,99.56460,99.58460,99.49465,99.51465,1000
2026-01-12T12:45:00-05:00,99.59606,99.61606,99.52811,99.54811,1000
2026-01-12T12:46:00-05:00,99.62737,99.64737,99.56671,99.58671,1000
2026-01-12T12:47:00-05:00,99.65887,99.67887,99.60996,99.62996,1000
2026-01-12T12:48:00-05:00,99.69111,99.71111,99.65714,99.67714,1000
2026-01-12T12:49:00-05:00,99.72484,99.74735,99.70484,99.72735,1000
2026-01-12T12:50:00-05:00,99.76088,99.79959,99.74088,99.77959,1000
2026-01-12T12:51:00-05:00,99.80003,99.85288,99.78003,99.83288,1000
2026-01-12T12:52:00-05:00,99.84296,99.90634,99.82296,99.88634,1000
2026-01-12T12:53:00-05:00,99.89016,99.95929,99.87016,99.93929,1000
2026-01-12T12:54:00-05:00,99.94185,100.01131,99.92185,99.99131,1000
2026-01-12T12:55:00-05:00,99.99792,100.06229,99.97792,100.04229,1000
2026-01-12T12:56:00-05:00,100.05800,100.11238,100.03800,100.09238,1000
2026-01-12T12:57:00-05:00,100.12142,100.16202,100.10142,100.14202,1000
2026-01-12T12:58:00-05:00,100.18730,100.21186,100.16730,100.19186,1000
2026-01-12T12:59:00-05:00,100.25465,100.27465,100.22267,100.24267,1000
2026-01-12T13:00:00-05:00,100.32242,100.34242,100.27522,100.29522,1000
2026-01-12T13:01:00-05:00,100.38967,100.40967,100.33024,100.35024,1000
2026-01-12T13:02:00-05:00,100.45560,100.47560,100.38827,100.40827,1000
2026-01-12T13:03:00-05:00,100.51963,100.53963,100.44963,100.46963,1000
2026-01-12T13:04:00-05:00,100.58150,100.60150,100.51433,100.53433,1000
2026-01-12T13:05:00-05:00,100.64124,100.66124,100.58208,100.60208,1000
2026-01-12T13:06:00-05:00,100.69915,100.71915,100.65232,100.67232,1000
2026-01-12T13:07:00-05:00,100.75578,100.77578,100.72424,100.74424,1000
2026-01-12T13:08:00-05:00,100.81185,100.83686,100.79185,100.81686,1000
2026-01-12T13:09:00-05:00,100.86813,100.90914,100.84813,100.88914,1000
2026-01-12T13:10:00-05:00,100.92537,100.98007,100.90537,100.96007,1000
2026-01-12T13:11:00-05:00,100.98420,101.04877,100.96420,101.02877,1000
2026-01-12T13:12:00-05:00,101.04503,101.11456,101.02503,101.09456,1000
2026-01-12T13:13:00-05:00,101.10800,101.17704,101.08800,101.15704,1000
2026-01-12T13:14:00-05:00,101.17295,101.23611,101.15295,101.21611,1000
2026-01-12T13:15:00-05:00,101.23945,101.29196,101.21945,101.27196,1000
2026-01-12T13:16:00-05:00,101.30676,101.34506,101.28676,101.32506,1000
2026-01-12T13:17:00-05:00,101.37400,101.39606,101.35400,101.37606,1000
2026-01-12T13:18:00-05:00,101.44014,101.46014,101.40574,101.42574,1000
2026-01-12T13:19:00-05:00,101.50415,101.52415,101.45488,101.47488,1000
2026-01-12T13:20:00-05:00,101.56511,101.58511,101.50419,101.52419,1000
2026-01-12T13:21:00-05:00,101.62226,101.64226,101.55418,101.57418,1000
2026-01-12T13:22:00-05:00,101.67508,101.69508,101.60516,101.62516,1000
2026-01-12T13:23:00-05:00,101.72338,101.74338,101.65709,101.67709,1000
2026-01-12T13:24:00-05:00,101.76724,101.78724,101.70970,101.72970,1000
2026-01-12T13:25:00-05:00,101.80705,101.82705,101.76238,101.78238,1000
2026-01-12T13:26:00-05:00,101.84342,101.86342,101.81433,101.83433,1000
2026-01-12T13:27:00-05:00,101.87711,101.90461,101.85711,101.88461,1000
2026-01-12T13:28:00-05:00,101.90894,101.95220,101.88894,101.93220,1000
2026-01-12T13:29:00-05:00,101.93970,101.99617,101.91970,101.97617,1000
2026-01-12T13:30:00-05:00,101.97004,102.03569,101.95004,102.01569,1000
2026-01-12T13:31:00-05:00,102.00037,102.07018,101.98037,102.05018,1000
2026-01-12T13:32:00-05:00,102.03087,102.09936,102.01087,102.07936,1000
2026-01-12T13:33:00-05:00,102.06138,102.12321,102.04138,102.10321,1000
2026-01-12T13:34:00-05:00,102.09149,102.14205,102.07149,102.12205,1000
2026-01-12T13:35:00-05:00,102.12051,102.15645,102.10051,102.13645,1000
2026-01-12T13:36:00-05:00,102.14759,102.16759,102.12714,102.14714,1000
2026-01-12T13:37:00-05:00,102.17177,102.19177,102.13499,102.15499,1000
2026-01-12T13:38:00-05:00,102.19213,102.21213,102.14086,102.16086,1000
2026-01-12T13:39:00-05:00,102.20782,102.22782,102.14551,102.16551,1000
2026-01-12T13:40:00-05:00,102.21822,102.23822,102.14952,102.16952,1000
2026-01-12T13:41:00-05:00,102.22293,102.24293,102.15321,102.17321,1000
2026-01-12T13:42:00-05:00,102.22190,102.24190,102.15662,102.17662,1000
2026-01-12T13:43:00-05:00,102.21534,102.23534,102.15950,102.17950,1000
2026-01-12T13:44:00-05:00,102.20378,102.22378,102.16131,102.18131,1000
2026-01-12T13:45:00-05:00,102.18794,102.20794,102.16133,102.18133,1000
2026-01-12T13:46:00-05:00,102.16871,102.19867,102.14871,102.17867,1000
2026-01-12T13:47:00-05:00,102.14700,102.19244,102.12700,102.17244,1000
2026-01-12T13:48:00-05:00,102.12368,102.18181,102.10368,102.16181,1000
2026-01-12T13:49:00-05:00,102.09948,102.16609,102.07948,102.14609,1000
2026-01-12T13:50:00-05:00,102.07488,102.14485,102.05488,102.12485,1000
2026-01-12T13:51:00-05:00,102.05011,102.11793,102.03011,102.09793,1000
2026-01-12T13:52:00-05:00,102.02508,102.08549,102.00508,102.06549,1000
2026-01-12T13:53:00-05:00,101.99943,102.04797,101.97943,102.02797,1000
2026-01-12T13:54:00-05:00,101.97255,102.00609,101.95255,101.98609,1000
2026-01-12T13:55:00-05:00,101.94368,101.96368,101.92073,101.94073,1000
2026-01-12T13:56:00-05:00,101.91196,101.93196,101.87284,101.89284,1000
2026-01-12T13:57:00-05:00,101.87656,101.89656,101.82338,101.84338,1000
2026-01-12T13:58:00-05:00,101.83679,101.85679,101.77320,101.79320,1000
2026-01-12T13:59:00-05:00,101.79215,101.81215,101.72294,101.74294,1000
2026-01-12T14:00:00-05:00,101.74240,101.76240,101.67299,101.69299,1000
2026-01-12T14:01:00-05:00,101.68761,101.70761,101.62345,101.64345,1000
2026-01-12T14:02:00-05:00,101.62816,101.64816,101.57411,101.59411,1000
2026-01-12T14:03:00-05:00,101.56471,101.58471,101.52451,101.54451,1000
2026-01-12T14:04:00-05:00,101.49810,101.51810,101.47398,101.49398,1000
2026-01-12T14:05:00-05:00,101.42933,101.46174,101.40933,101.44174,1000
2026-01-12T14:06:00-05:00,101.35940,101.40698,101.33940,101.38698,1000
2026-01-12T14:07:00-05:00,101.28926,101.34897,101.26926,101.32897,1000
2026-01-12T14:08:00-05:00,101.21969,101.28715,101.19969,101.26715,1000
2026-01-12T14:09:00-05:00,101.15122,101.22121,101.13122,101.20121,1000
2026-01-12T14:10:00-05:00,101.08411,101.15113,101.06411,101.13113,1000
2026-01-12T14:11:00-05:00,101.01831,101.07719,100.99831,101.05719,1000
2026-01-12T14:12:00-05:00,100.95350,100.99995,100.93350,100.97995,1000
2026-01-12T14:13:00-05:00,100.88912,100.92023,100.86912,100.90023,1000
2026-01-12T14:14:00-05:00,100.82444,100.84444,100.79899,100.81899,1000
2026-01-12T14:15:00-05:00,100.75869,100.77869,100.71728,100.73728,1000
2026-01-12T14:16:00-05:00,100.69111,100.71111,100.63609,100.65609,1000
2026-01-12T14:17:00-05:00,100.62108,100.64108,100.55631,100.57631,1000
2026-01-12T14:18:00-05:00,100.54819,100.56819,100.47860,100.49860,1000
2026-01-12T14:19:00-05:00,100.47232,100.49232,100.40337,100.42337,1000
2026-01-12T14:20:00-05:00,100.39362,100.41362,100.33070,100.35070,1000
2026-01-12T14:21:00-05:00,100.31257,100.33257,100.26039,100.28039,1000
2026-01-12T14:22:00-05:00,100.22988,100.24988,100.19200,100.21200,1000
2026-01-12T14:23:00-05:00,100.14647,100.16647,100.12485,100.14485,1000
2026-01-12T14:24:00-05:00,100.06337,100.09820,100.04337,100.07820,1000
2026-01-12T14:25:00-05:00,99.98162,100.03125,99.96162,100.01125,1000
2026-01-12T14:26:00-05:00,99.90215,99.96333,99.88215,99.94333,1000
2026-01-12T14:27:00-05:00,99.82574,99.89393,99.80574,99.87393,1000
2026-01-12T14:28:00-05:00,99.75289,99.82279,99.73289,99.80279,1000
2026-01-12T14:29:00-05:00,99.68383,99.74994,99.66383,99.72994,1000
2026-01-12T14:30:00-05:00,99.61846,99.67571,99.59846,99.65571,1000
2026-01-12T14:31:00-05:00,99.55642,99.60071,99.53642,99.58071,1000
2026-01-12T14:32:00-05:00,99.49712,99.52578,99.47712,99.50578,1000
2026-01-12T14:33:00-05:00,99.43981,99.45981,99.41188,99.43188,1000
2026-01-12T14:34:00-05:00,99.38369,99.40369,99.34004,99.36004,1000
2026-01-12T14:35:00-05:00,99.32800,99.34800,99.27124,99.29124,1000
2026-01-12T14:36:00-05:00,99.27214,99.29214,99.20631,99.22631,1000
2026-01-12T14:37:00-05:00,99.21569,99.23569,99.14585,99.16585,1000
2026-01-12T14:38:00-05:00,99.15855,99.17855,99.09017,99.11017,1000
2026-01-12T14:39:00-05:00,99.10089,99.12089,99.03930,99.05930,1000
2026-01-12T14:40:00-05:00,99.04316,99.06316,98.99295,99.01295,1000
2026-01-12T14:41:00-05:00,98.98609,99.00609,98.95058,98.97058,1000
2026-01-12T14:42:00-05:00,98.93057,98.95146,98.91057,98.93146,1000
2026-01-12T14:43:00-05:00,98.87758,98.91478,98.85758,98.89478,1000
2026-01-12T14:44:00-05:00,98.82809,98.87970,98.80809,98.85970,1000
2026-01-12T14:45:00-05:00,98.78296,98.84550,98.76296,98.82550,1000
2026-01-12T14:46:00-05:00,98.74285,98.81165,98.72285,98.79165,1000
2026-01-12T14:47:00-05:00,98.70818,98.77786,98.68818,98.75786,1000
2026-01-12T14:48:00-05:00,98.67904,98.74413,98.65904,98.72413,1000
2026-01-12T14:49:00-05:00,98.65522,98.71076,98.63522,98.69076,1000
2026-01-12T14:50:00-05:00,98.63626,98.67833,98.61626,98.65833,1000
2026-01-12T14:51:00-05:00,98.62143,98.64760,98.60143,98.62760,1000
2026-01-12T14:52:00-05:00,98.60990,98.62990,98.57950,98.59950,1000
2026-01-12T14:53:00-05:00,98.60078,98.62078,98.55495,98.57495,1000
2026-01-12T14:54:00-05:00,98.59324,98.61324,98.53483,98.55483,1000
2026-01-12T14:55:00-05:00,98.58662,98.60662,98.51984,98.53984,1000
2026-01-12T14:56:00-05:00,98.58044,98.60044,98.51046,98.53046,1000
2026-01-12T14:57:00-05:00,98.57455,98.59455,98.50686,98.52686,1000
2026-01-12T14:58:00-05:00,98.56906,98.58906,98.50892,98.52892,1000
2026-01-12T14:59:00-05:00,98.56439,98.58439,98.51621,98.53621,1000
2026-01-12T15:00:00-05:00,98.56118,98.58118,98.52806,98.54806,1000
2026-01-12T15:01:00-05:00,98.56024,98.58363,98.54024,98.56363,1000
2026-01-12T15:02:00-05:00,98.56244,98.60197,98.54244,98.58197,1000
2026-01-12T15:03:00-05:00,98.56866,98.62218,98.54866,98.60218,1000
2026-01-12T15:04:00-05:00,98.57962,98.64343,98.55962,98.62343,1000
2026-01-12T15:05:00-05:00,98.59586,98.66514,98.57586,98.64514,1000
2026-01-12T15:06:00-05:00,98.61761,98.68695,98.59761,98.66695,1000
2026-01-12T15:07:00-05:00,98.64485,98.70879,98.62485,98.68879,1000
2026-01-12T15:08:00-05:00,98.67720,98.73093,98.65720,98.71093,1000
2026-01-12T15:09:00-05:00,98.71405,98.75384,98.69405,98.73384,1000
2026-01-12T15:10:00-05:00,98.75456,98.77824,98.73456,98.75824,1000
2026-01-12T15:11:00-05:00,98.79777,98.81777,98.76494,98.78494,1000
2026-01-12T15:12:00-05:00,98.84270,98.86270,98.79476,98.81476,1000
2026-01-12T15:13:00-05:00,98.88844,98.90844,98.82847,98.84847,1000
2026-01-12T15:14:00-05:00,98.93423,98.95423,98.86663,98.88663,1000
2026-01-12T15:15:00-05:00,98.97957,98.99957,98.90958,98.92958,1000
2026-01-12T15:16:00-05:00,99.02423,99.04423,98.95736,98.97736,1000
2026-01-12T15:17:00-05:00,99.06828,99.08828,99.00969,99.02969,1000
2026-01-12T15:18:00-05:00,99.11209,99.13209,99.06601,99.08601,1000
2026-01-12T15:19:00-05:00,99.15622,99.17622,99.12554,99.14554,1000
2026-01-12T15:20:00-05:00,99.20143,99.22732,99.18143,99.20732,1000
2026-01-12T15:21:00-05:00,99.24850,99.29032,99.22850,99.27032,1000
2026-01-12T15:22:00-05:00,99.29822,99.35355,99.27822,99.33355,1000
2026-01-12T15:23:00-05:00,99.35119,99.41615,99.33119,99.39615,1000
2026-01-12T15:24:00-05:00,99.40783,99.47747,99.38783,99.45747,1000
2026-01-12T15:25:00-05:00,99.46828,99.53714,99.44828,99.51714,1000
2026-01-12T15:26:00-05:00,99.53237,99.59506,99.51237,99.57506,1000
2026-01-12T15:27:00-05:00,99.59963,99.65147,99.57963,99.63147,1000
2026-01-12T15:28:00-05:00,99.66934,99.70681,99.64934,99.68681,1000
2026-01-12T15:29:00-05:00,99.74059,99.76177,99.72059,99.74177,1000
2026-01-12T15:30:00-05:00,99.81234,99.83234,99.77709,99.79709,1000
2026-01-12T15:31:00-05:00,99.88356,99.90356,99.83357,99.85357,1000
2026-01-12T15:32:00-05:00,99.95330,99.97330,99.89188,99.91188,1000
2026-01-12T15:33:00-05:00,100.02082,100.04082,99.95251,99.97251,1000
2026-01-12T15:34:00-05:00,100.08559,100.10559,100.01572,100.03572,1000
2026-01-12T15:35:00-05:00,100.14740,100.16740,100.08146,100.10146,1000
2026-01-12T15:36:00-05:00,100.20634,100.22634,100.14938,100.16938,1000
2026-01-12T15:37:00-05:00,100.26277,100.28277,100.21887,100.23887,1000
2026-01-12T15:38:00-05:00,100.31728,100.33728,100.28906,100.30906,1000
2026-01-12T15:39:00-05:00,100.37060,100.39897,100.35060,100.37897,1000
2026-01-12T15:40:00-05:00,100.42353,100.46757,100.40353,100.44757,1000
2026-01-12T15:41:00-05:00,100.47680,100.53386,100.45680,100.51386,1000
2026-01-12T15:42:00-05:00,100.53100,100.59700,100.51100,100.57700,1000
2026-01-12T15:43:00-05:00,100.58651,100.65639,100.56651,100.63639,1000
2026-01-12T15:44:00-05:00,100.64342,100.71168,100.62342,100.69168,1000
2026-01-12T15:45:00-05:00,100.70152,100.76286,100.68152,100.74286,1000
2026-01-12T15:46:00-05:00,100.76033,100.81019,100.74033,100.79019,1000
2026-01-12T15:47:00-05:00,100.81910,100.85420,100.79910,100.83420,1000
2026-01-12T15:48:00-05:00,100.87691,100.89691,100.85558,100.87558,1000
2026-01-12T15:49:00-05:00,100.93275,100.95275,100.89514,100.91514,1000
2026-01-12T15:50:00-05:00,100.98564,101.00564,100.93368,100.95368,1000
2026-01-12T15:51:00-05:00,101.03467,101.05467,100.97189,100.99189,1000
2026-01-12T15:52:00-05:00,101.07917,101.09917,101.01028,101.03028,1000
2026-01-12T15:53:00-05:00,101.11871,101.13871,101.04909,101.06909,1000
2026-01-12T15:54:00-05:00,101.15317,101.17317,101.08828,101.10828,1000
2026-01-12T15:55:00-05:00,101.18273,101.20273,101.12751,101.14751,1000
2026-01-12T15:56:00-05:00,101.20785,101.22785,101.16618,101.18618,1000
2026-01-12T15:57:00-05:00,101.22920,101.24920,101.20346,101.22346,1000
2026-01-12T15:58:00-05:00,101.24759,101.27843,101.22759,101.25843,1000
2026-01-12T15:59:00-05:00,101.26389,101.31010,101.24389,101.29010,1000
2026-01-13T09:30:00-05:00,101.27888,101.33757,101.25888,101.31757,1000
2026-01-13T09:31:00-05:00,101.29319,101.36012,101.27319,101.34012,1000
2026-01-13T09:32:00-05:00,101.30724,101.37724,101.28724,101.35724,1000
2026-01-13T09:33:00-05:00,101.32117,101.38872,101.30117,101.36872,1000
2026-01-13T09:34:00-05:00,101.33479,101.39467,101.31479,101.37467,1000
2026-01-13T09:35:00-05:00,101.34767,101.39548,101.32767,101.37548,1000
2026-01-13T09:36:00-05:00,101.35912,101.39180,101.33912,101.37180,1000
2026-01-13T09:37:00-05:00,101.36828,101.38828,101.34444,101.36444,1000
2026-01-13T09:38:00-05:00,101.37424,101.39424,101.33430,101.35430,1000
2026-01-13T09:39:00-05:00,101.37611,101.39611,101.32227,101.34227,1000
2026-01-13T09:40:00-05:00,101.37312,101.39312,101.30910,101.32910,1000
2026-01-13T09:41:00-05:00,101.36472,101.38472,101.29537,101.31537,1000
2026-01-13T09:42:00-05:00,101.35063,101.37063,101.28138,101.30138,1000
2026-01-13T09:43:00-05:00,101.33088,101.35088,101.26714,101.28714,1000
2026-01-13T09:44:00-05:00,101.30578,101.32578,101.25238,101.27238,1000
2026-01-13T09:45:00-05:00,101.27594,101.29594,101.23656,101.25656,1000
2026-01-13T09:46:00-05:00,101.24217,101.26217,101.21893,101.23893,1000
2026-01-13T09:47:00-05:00,101.20539,101.23866,101.18539,101.21866,1000
2026-01-13T09:48:00-05:00,101.16656,101.21487,101.14656,101.19487,1000
2026-01-13T09:49:00-05:00,101.12656,101.18680,101.10656,101.16680,1000
2026-01-13T09:50:00-05:00,101.08610,101.15383,101.06610,101.13383,1000
2026-01-13T09:51:00-05:00,101.04565,101.11563,101.02565,101.09563,1000
2026-01-13T09:52:00-05:00,101.00541,101.07213,100.98541,101.05213,1000
2026-01-13T09:53:00-05:00,100.96527,101.02358,100.94527,101.00358,1000
2026-01-13T09:54:00-05:00,100.92484,100.97053,100.90484,100.95053,1000
2026-01-13T09:55:00-05:00,100.88350,100.91375,100.86350,100.89375,1000
2026-01-13T09:56:00-05:00,100.84049,100.86049,100.81417,100.83417,1000
2026-01-13T09:57:00-05:00,100.79500,100.81500,100.75279,100.77279,1000
2026-01-13T09:58:00-05:00,100.74623,100.76623,100.69059,100.71059,1000
2026-01-13T09:59:00-05:00,100.69355,100.71355,100.62840,100.64840,1000
2026-01-13T10:00:00-05:00,100.63653,100.65653,100.56684,100.58684,1000
2026-01-13T10:01:00-05:00,100.57503,100.59503,100.50627,100.52627,1000
2026-01-13T10:02:00-05:00,100.50921,100.52921,100.44675,100.46675,1000
2026-01-13T10:03:00-05:00,100.43953,100.45953,100.38804,100.40804,1000
2026-01-13T10:04:00-05:00,100.36670,100.38670,100.32965,100.34965,1000
2026-01-13T10:05:00-05:00,100.29163,100.31163,100.27090,100.29090,1000
2026-01-13T10:06:00-05:00,100.21535,100.25102,100.19535,100.23102,1000
2026-01-13T10:07:00-05:00,100.13888,100.18922,100.11888,100.16922,1000
2026-01-13T10:08:00-05:00,100.06315,100.12482,100.04315,100.10482,1000
2026-01-13T10:09:00-05:00,99.98891,100.05733,99.96891,100.03733,1000
2026-01-13T10:10:00-05:00,99.91666,99.98649,99.89666,99.96649,1000
2026-01-13T10:11:00-05:00,99.84660,99.91236,99.82660,99.89236,1000
2026-01-13T10:12:00-05:00,99.77864,99.83529,99.75864,99.81529,1000
2026-01-13T10:13:00-05:00,99.71241,99.75592,99.69241,99.73592,1000
2026-01-13T10:14:00-05:00,99.64732,99.67510,99.62732,99.65510,1000
2026-01-13T10:15:00-05:00,99.58263,99.60263,99.55382,99.57382,1000
2026-01-13T10:16:00-05:00,99.51756,99.53756,99.47313,99.49313,1000
2026-01-13T10:17:00-05:00,99.45138,99.47138,99.39403,99.41403,1000
2026-01-13T10:18:00-05:00,99.38352,99.40352,99.31735,99.33735,1000
2026-01-13T10:19:00-05:00,99.31362,99.33362,99.24371,99.26371,1000
2026-01-13T10:20:00-05:00,99.24159,99.26159,99.17344,99.19344,1000
2026-01-13T10:21:00-05:00,99.16768,99.18768,99.10659,99.12659,1000
2026-01-13T10:22:00-05:00,99.09239,99.11239,99.04288,99.06288,1000
2026-01-13T10:23:00-05:00,99.01648,99.03648,98.98180,99.00180,1000
2026-01-13T10:24:00-05:00,98.94090,98.96267,98.92090,98.94267,1000
2026-01-13T10:25:00-05:00,98.86667,98.90470,98.84667,98.88470,1000
2026-01-13T10:26:00-05:00,98.79481,98.84710,98.77481,98.82710,1000
2026-01-13T10:27:00-05:00,98.72622,98.78922,98.70622,98.76922,1000
2026-01-13T10:28:00-05:00,98.66160,98.73058,98.64160,98.71058,1000
2026-01-13T10:29:00-05:00,98.60139,98.67096,98.58139,98.65096,1000
2026-01-13T10:30:00-05:00,98.54574,98.61044,98.52574,98.59044,1000
2026-01-13T10:31:00-05:00,98.49448,98.54938,98.47448,98.52938,1000
2026-01-13T10:32:00-05:00,98.44716,98.48844,98.42716,98.46844,1000
2026-01-13T10:33:00-05:00,98.40315,98.42845,98.38315,98.40845,1000
2026-01-13T10:34:00-05:00,98.36165,98.38165,98.33039,98.35039,1000
2026-01-13T10:35:00-05:00,98.32184,98.34184,98.27525,98.29525,1000
2026-01-13T10:36:00-05:00,98.28295,98.30295,98.22398,98.24398,1000
2026-01-13T10:37:00-05:00,98.24440,98.26440,98.17733,98.19733,1000
2026-01-13T10:38:00-05:00,98.20581,98.22581,98.13581,98.15581,1000
2026-01-13T10:39:00-05:00,98.16709,98.18709,98.09967,98.11967,1000
2026-01-13T10:40:00-05:00,98.12844,98.14844,98.06883,98.08883,1000
2026-01-13T10:41:00-05:00,98.09037,98.11037,98.04292,98.06292,1000
2026-01-13T10:42:00-05:00,98.05358,98.07358,98.02133,98.04133,1000
2026-01-13T10:43:00-05:00,98.01898,98.04326,97.99898,98.02326,1000
2026-01-13T10:44:00-05:00,97.98752,98.02786,97.96752,98.00786,1000
2026-01-13T10:45:00-05:00,97.96011,98.01428,97.94011,97.99428,1000
2026-01-13T10:46:00-05:00,97.93757,98.00180,97.91757,97.98180,1000
2026-01-13T10:47:00-05:00,97.92046,97.98988,97.90046,97.96988,1000
2026-01-13T10:48:00-05:00,97.90910,97.97828,97.88910,97.95828,1000
2026-01-13T10:49:00-05:00,97.90349,97.96701,97.88349,97.94701,1000
2026-01-13T10:50:00-05:00,97.90334,97.95641,97.88334,97.93641,1000
2026-01-13T10:51:00-05:00,97.90807,97.94705,97.88807,97.92705,1000
2026-01-13T10:52:00-05:00,97.91691,97.93971,97.89691,97.91971,1000
2026-01-13T10:53:00-05:00,97.92896,97.94896,97.89527,97.91527,1000
2026-01-13T10:54:00-05:00,97.94331,97.96331,97.89464,97.91464,1000
2026-01-13T10:55:00-05:00,97.95912,97.97912,97.89862,97.91862,1000
2026-01-13T10:56:00-05:00,97.97570,97.99570,97.90784,97.92784,1000
2026-01-13T10:57:00-05:00,97.99264,98.01264,97.92268,97.94268,1000
2026-01-13T10:58:00-05:00,98.00977,98.02977,97.94321,97.96321,1000
2026-01-13T10:59:00-05:00,98.02725,98.04725,97.96922,97.98922,1000
2026-01-13T11:00:00-05:00,98.04551,98.06551,98.00019,98.02019,1000
2026-01-13T11:01:00-05:00,98.06519,98.08519,98.03537,98.05537,1000
2026-01-13T11:02:00-05:00,98.08709,98.11386,98.06709,98.09386,1000
2026-01-13T11:03:00-05:00,98.11206,98.15467,98.09206,98.13467,1000
2026-01-13T11:04:00-05:00,98.14092,98.19688,98.12092,98.17688,1000
2026-01-13T11:05:00-05:00,98.17433,98.23967,98.15433,98.21967,1000
2026-01-13T11:06:00-05:00,98.21272,98.28246,98.19272,98.26246,1000
2026-01-13T11:07:00-05:00,98.25626,98.32493,98.23626,98.30493,1000
2026-01-13T11:08:00-05:00,98.30482,98.36705,98.28482,98.34705,1000
2026-01-13T11:09:00-05:00,98.35794,98.40908,98.33794,98.38908,1000
2026-01-13T11:10:00-05:00,98.41492,98.45156,98.39492,98.43156,1000
2026-01-13T11:11:00-05:00,98.47487,98.49516,98.45487,98.47516,1000
2026-01-13T11:12:00-05:00,98.53679,98.55679,98.50071,98.52071,1000
2026-01-13T11:13:00-05:00,98.59968,98.61968,98.54899,98.56899,1000
2026-01-13T11:14:00-05:00,98.66262,98.68262,98.60071,98.62071,1000
2026-01-13T11:15:00-05:00,98.72489,98.74489,98.65636,98.67636,1000
2026-01-13T11:16:00-05:00,98.78600,98.80600,98.71620,98.73620,1000
2026-01-13T11:17:00-05:00,98.84577,98.86577,98.78019,98.80019,1000
2026-01-13T11:18:00-05:00,98.90432,98.92432,98.84797,98.86797,1000
2026-01-13T11:19:00-05:00,98.96203,98.98203,98.91891,98.93891,1000
2026-01-13T11:20:00-05:00,99.01951,99.03951,98.99217,99.01217,1000
2026-01-13T11:21:00-05:00,99.07751,99.10675,99.05751,99.08675,1000
2026-01-13T11:22:00-05:00,99.13679,99.18160,99.11679,99.16160,1000
2026-01-13T11:23:00-05:00,99.19811,99.25576,99.17811,99.23576,1000
2026-01-13T11:24:00-05:00,99.26203,99.32837,99.24203,99.30837,1000
2026-01-13T11:25:00-05:00,99.32890,99.39883,99.30890,99.37883,1000
2026-01-13T11:26:00-05:00,99.39878,99.46681,99.37878,99.44681,1000
2026-01-13T11:27:00-05:00,99.47146,99.53229,99.45146,99.51229,1000
2026-01-13T11:28:00-05:00,99.54638,99.59553,99.52638,99.57553,1000
2026-01-13T11:29:00-05:00,99.62279,99.65704,99.60279,99.63704,1000
2026-01-13T11:30:00-05:00,99.69973,99.71973,99.67751,99.69751,1000
2026-01-13T11:31:00-05:00,99.77616,99.79616,99.73772,99.75772,1000
2026-01-13T11:32:00-05:00,99.85106,99.87106,99.79843,99.81843,1000
2026-01-13T11:33:00-05:00,99.92352,99.94352,99.86029,99.88029,1000
2026-01-13T11:34:00-05:00,99.99283,100.01283,99.92376,99.94376,1000
2026-01-13T11:35:00-05:00,100.05854,100.07854,99.98904,100.00904,1000
2026-01-13T11:36:00-05:00,100.12051,100.14051,100.05601,100.07601,1000
2026-01-13T11:37:00-05:00,100.17889,100.19889,100.12430,100.14430,1000
2026-01-13T11:38:00-05:00,100.23410,100.25410,100.19323,100.21323,1000
2026-01-13T11:39:00-05:00,100.28678,100.30678,100.26192,100.28192,1000
2026-01-13T11:40:00-05:00,100.33770,100.36939,100.31770,100.34939,1000
2026-01-13T11:41:00-05:00,100.38765,100.43461,100.36765,100.41461,1000
2026-01-13T11:42:00-05:00,100.43738,100.49663,100.41738,100.47663,1000
2026-01-13T11:43:00-05:00,100.48744,100.55467,100.46744,100.53467,1000
2026-01-13T11:44:00-05:00,100.53819,100.60819,100.51819,100.58819,1000
2026-01-13T11:45:00-05:00,100.58966,100.65693,100.56966,100.63693,1000
2026-01-13T11:46:00-05:00,100.64163,100.70097,100.62163,100.68097,1000
2026-01-13T11:47:00-05:00,100.69355,100.74063,100.67355,100.72063,1000
2026-01-13T11:48:00-05:00,100.74468,100.77651,100.72468,100.75651,1000
2026-01-13T11:49:00-05:00,100.79409,100.81409,100.76937,100.78937,1000
2026-01-13T11:50:00-05:00,100.84078,100.86078,100.80004,100.82004,1000
2026-01-13T11:51:00-05:00,100.88382,100.90382,100.82933,100.84933,1000
2026-01-13T11:52:00-05:00,100.92237,100.94237,100.85794,100.87794,1000
2026-01-13T11:53:00-05:00,100.95583,100.97583,100.88634,100.90634,1000
2026-01-13T11:54:00-05:00,100.98385,101.00385,100.91476,100.93476,1000
2026-01-13T11:55:00-05:00,101.00642,101.02642,100.94312,100.96312,1000
2026-01-13T11:56:00-05:00,101.02379,101.04379,100.97106,100.99106,1000
2026-01-13T11:57:00-05:00,101.03652,101.05652,100.99795,101.01795,1000
2026-01-13T11:58:00-05:00,101.04534,101.06534,101.02298,101.04298,1000
2026-01-13T11:59:00-05:00,101.05111,101.08523,101.03111,101.06523,1000
2026-01-13T12:00:00-05:00,101.05473,101.10376,101.03473,101.08376,1000
2026-01-13T12:01:00-05:00,101.05699,101.11774,101.03699,101.09774,1000
2026-01-13T12:02:00-05:00,101.05852,101.12651,101.03852,101.10651,1000
2026-01-13T12:03:00-05:00,101.05971,101.12965,101.03971,101.10965,1000
2026-01-13T12:04:00-05:00,101.06067,101.12707,101.04067,101.10707,1000
2026-01-13T12:05:00-05:00,101.06121,101.11895,101.04121,101.09895,1000
2026-01-13T12:06:00-05:00,101.06086,101.10579,101.04086,101.08579,1000
2026-01-13T12:07:00-05:00,101.05892,101.08830,101.03892,101.06830,1000
2026-01-13T12:08:00-05:00,101.05458,101.07458,101.02737,101.04737,1000
2026-01-13T12:09:00-05:00,101.04693,101.06693,101.00393,101.02393,1000
2026-01-13T12:10:00-05:00,101.03514,101.05514,100.97888,100.99888,1000
2026-01-13T12:11:00-05:00,101.01851,101.03851,100.95299,100.97299,1000
2026-01-13T12:12:00-05:00,100.99659,101.01659,100.92681,100.94681,1000
2026-01-13T12:13:00-05:00,100.96919,100.98919,100.90063,100.92063,1000
2026-01-13T12:14:00-05:00,100.93642,100.95642,100.87442,100.89442,1000
2026-01-13T12:15:00-05:00,100.89870,100.91870,100.84790,100.86790,1000
2026-01-13T12:16:00-05:00,100.85672,100.87672,100.82050,100.84050,1000
2026-01-13T12:17:00-05:00,100.81135,100.83150,100.79135,100.81150,1000
2026-01-13T12:18:00-05:00,100.76356,100.80006,100.74356,100.78006,1000
2026-01-13T12:19:00-05:00,100.71432,100.76536,100.69432,100.74536,1000
2026-01-13T12:20:00-05:00,100.66453,100.72669,100.64453,100.70669,1000
2026-01-13T12:21:00-05:00,100.61488,100.68351,100.59488,100.66351,1000
2026-01-13T12:22:00-05:00,100.56582,100.63557,100.54582,100.61557,1000
2026-01-13T12:23:00-05:00,100.51750,100.58290,100.49750,100.56290,1000
2026-01-13T12:24:00-05:00,100.46979,100.52584,100.44979,100.50584,1000
2026-01-13T12:25:00-05:00,100.42227,100.46500,100.40227,100.44500,1000
2026-01-13T12:26:00-05:00,100.37432,100.40122,100.35432,100.38122,1000
2026-01-13T12:27:00-05:00,100.32517,100.34517,100.29549,100.31549,1000
2026-01-13T12:28:00-05:00,100.27402,100.29402,100.22883,100.24883,1000
2026-01-13T12:29:00-05:00,100.22014,100.24014,100.16220,100.18220,1000
2026-01-13T12:30:00-05:00,100.16294,100.18294,100.09644,100.11644,1000
2026-01-13T12:31:00-05:00,100.10208,100.12208,100.03212,100.05212,1000
2026-01-13T12:32:00-05:00,100.03747,100.05747,99.96957,99.98957,1000
2026-01-13T12:33:00-05:00,99.96937,99.98937,99.90879,99.92879,1000
2026-01-13T12:34:00-05:00,99.89829,99.91829,99.84951,99.86951,1000
2026-01-13T12:35:00-05:00,99.82503,99.84503,99.79120,99.81120,1000
2026-01-13T12:36:00-05:00,99.75052,99.77317,99.73052,99.75317,1000
2026-01-13T12:37:00-05:00,99.67580,99.71465,99.65580,99.69465,1000
2026-01-13T12:38:00-05:00,99.60191,99.65487,99.58191,99.63487,1000
2026-01-13T12:39:00-05:00,99.52974,99.59319,99.50974,99.57319,1000
2026-01-13T12:40:00-05:00,99.46000,99.52916,99.44000,99.50916,1000
2026-01-13T12:41:00-05:00,99.39315,99.46259,99.37315,99.44259,1000
2026-01-13T12:42:00-05:00,99.32932,99.39362,99.30932,99.37362,1000
2026-01-13T12:43:00-05:00,99.26837,99.32263,99.24837,99.30263,1000
2026-01-13T12:44:00-05:00,99.20986,99.25033,99.18986,99.23033,1000
2026-01-13T12:45:00-05:00,99.15318,99.17760,99.13318,99.15760,1000
2026-01-13T12:46:00-05:00,99.09756,99.11756,99.06544,99.08544,1000
2026-01-13T12:47:00-05:00,99.04223,99.06223,98.99490,99.01490,1000
2026-01-13T12:48:00-05:00,98.98646,99.00646,98.92694,98.94694,1000
2026-01-13T12:49:00-05:00,98.92971,98.94971,98.86234,98.88234,1000
2026-01-13T12:50:00-05:00,98.87167,98.89167,98.80167,98.82167,1000
2026-01-13T12:51:00-05:00,98.81231,98.83231,98.74519,98.76519,1000
2026-01-13T12:52:00-05:00,98.75190,98.77190,98.69284,98.71284,1000
2026-01-13T12:53:00-05:00,98.69101,98.71101,98.64431,98.66431,1000
2026-01-13T12:54:00-05:00,98.63041,98.65041,98.59901,98.61901,1000
2026-01-13T12:55:00-05:00,98.57106,98.59622,98.55106,98.57622,1000
2026-01-13T12:56:00-05:00,98.51398,98.55512,98.49398,98.53512,1000
2026-01-13T12:57:00-05:00,98.46013,98.51494,98.44013,98.49494,1000
2026-01-13T12:58:00-05:00,98.41038,98.47501,98.39038,98.45501,1000
2026-01-13T12:59:00-05:00,98.36534,98.43489,98.34534,98.41489,1000
2026-01-13T13:00:00-05:00,98.32538,98.39439,98.30538,98.37439,1000
2026-01-13T13:01:00-05:00,98.29055,98.35363,98.27055,98.33363,1000
2026-01-13T13:02:00-05:00,98.26060,98.31300,98.24060,98.29300,1000
2026-01-13T13:03:00-05:00,98.23502,98.27317,98.21502,98.25317,1000
2026-01-13T13:04:00-05:00,98.21308,98.23500,98.19308,98.21500,1000
2026-01-13T13:05:00-05:00,98.19397,98.21397,98.15943,98.17943,1000
2026-01-13T13:06:00-05:00,98.17683,98.19683,98.12744,98.14744,1000
2026-01-13T13:07:00-05:00,98.16090,98.18090,98.09989,98.11989,1000
2026-01-13T13:08:00-05:00,98.14559,98.16559,98.07748,98.09748,1000
2026-01-13T13:09:00-05:00,98.13054,98.15054,98.06063,98.08063,1000
2026-01-13T13:10:00-05:00,98.11571,98.13571,98.04948,98.06948,1000
2026-01-13T13:11:00-05:00,98.10131,98.12131,98.04386,98.06386,1000
2026-01-13T13:12:00-05:00,98.08786,98.10786,98.04331,98.06331,1000
2026-01-13T13:13:00-05:00,98.07609,98.09609,98.04715,98.06715,1000
2026-01-13T13:14:00-05:00,98.06688,98.09452,98.04688,98.07452,1000
2026-01-13T13:15:00-05:00,98.06115,98.10454,98.04115,98.08454,1000
2026-01-13T13:16:00-05:00,98.05976,98.11632,98.03976,98.09632,1000
2026-01-13T13:17:00-05:00,98.06343,98.12914,98.04343,98.10914,1000
2026-01-13T13:18:00-05:00,98.07268,98.14250,98.05268,98.12250,1000
2026-01-13T13:19:00-05:00,98.08770,98.15615,98.06770,98.13615,1000
2026-01-13T13:20:00-05:00,98.10840,98.17015,98.08840,98.15015,1000
2026-01-13T13:21:00-05:00,98.13439,98.18484,98.11439,98.16484,1000
2026-01-13T13:22:00-05:00,98.16502,98.20081,98.14502,98.18081,1000
2026-01-13T13:23:00-05:00,98.19943,98.21943,98.17884,98.19884,1000
2026-01-13T13:24:00-05:00,98.23670,98.25670,98.19978,98.21978,1000
2026-01-13T13:25:00-05:00,98.27587,98.29587,98.22449,98.24449,1000
2026-01-13T13:26:00-05:00,98.31609,98.33609,98.25370,98.27370,1000
2026-01-13T13:27:00-05:00,98.35671,98.37671,98.28797,98.30797,1000
2026-01-13T13:28:00-05:00,98.39730,98.41730,98.32759,98.34759,1000
2026-01-13T13:29:00-05:00,98.43775,98.45775,98.37253,98.39253,1000
2026-01-13T13:30:00-05:00,98.47823,98.49823,98.42249,98.44249,1000
2026-01-13T13:31:00-05:00,98.51919,98.53919,98.47686,98.49686,1000
2026-01-13T13:32:00-05:00,98.56128,98.58128,98.53482,98.55482,1000
2026-01-13T13:33:00-05:00,98.60530,98.63541,98.58530,98.61541,1000
2026-01-13T13:34:00-05:00,98.65205,98.69763,98.63205,98.67763,1000
2026-01-13T13:35:00-05:00,98.70231,98.76053,98.68231,98.74053,1000
2026-01-13T13:36:00-05:00,98.75666,98.82332,98.73666,98.80332,1000
2026-01-13T13:37:00-05:00,98.81547,98.88544,98.79547,98.86544,1000
2026-01-13T13:38:00-05:00,98.87881,98.94659,98.85881,98.92659,1000
2026-01-13T13:39:00-05:00,98.94647,99.00678,98.92647,98.98678,1000
2026-01-13T13:40:00-05:00,99.01790,99.06632,98.99790,99.04632,1000
2026-01-13T13:41:00-05:00,99.09235,99.12575,99.07235,99.10575,1000
2026-01-13T13:42:00-05:00,99.16887,99.18887,99.14577,99.16577,1000
2026-01-13T13:43:00-05:00,99.24643,99.26643,99.20717,99.22717,1000
2026-01-13T13:44:00-05:00,99.32401,99.34401,99.27072,99.29072,1000
2026-01-13T13:45:00-05:00,99.40073,99.42073,99.33707,99.35707,1000
2026-01-13T13:46:00-05:00,99.47589,99.49589,99.40666,99.42666,1000
2026-01-13T13:47:00-05:00,99.54905,99.56905,99.47967,99.49967,1000
2026-01-13T13:48:00-05:00,99.62007,99.64007,99.55598,99.57598,1000
2026-01-13T13:49:00-05:00,99.68911,99.70911,99.63517,99.65517,1000
2026-01-13T13:50:00-05:00,99.75661,99.77661,99.71655,99.73655,1000
2026-01-13T13:51:00-05:00,99.82320,99.84320,99.79922,99.81922,1000
2026-01-13T13:52:00-05:00,99.88962,99.92217,99.86962,99.90217,1000
2026-01-13T13:53:00-05:00,99.95666,100.00436,99.93666,99.98436,1000
2026-01-13T13:54:00-05:00,100.02502,100.08482,100.00502,100.06482,1000
2026-01-13T13:55:00-05:00,100.09524,100.16275,100.07524,100.14275,1000
2026-01-13T13:56:00-05:00,100.16761,100.23760,100.14761,100.21760,1000
2026-01-13T13:57:00-05:00,100.24213,100.30910,100.22213,100.28910,1000
2026-01-13T13:58:00-05:00,100.31851,100.37729,100.29851,100.35729,1000
2026-01-13T13:59:00-05:00,100.39618,100.44250,100.37618,100.42250,1000
2026-01-13T14:00:00-05:00,100.47431,100.50528,100.45431,100.48528,1000
2026-01-13T14:01:00-05:00,100.55196,100.57196,100.52636,100.54636,1000
2026-01-13T14:02:00-05:00,100.62807,100.64807,100.58653,100.60653,1000
2026-01-13T14:03:00-05:00,100.70166,100.72166,100.64654,100.66654,1000
2026-01-13T14:04:00-05:00,100.77186,100.79186,100.70703,100.72703,1000
2026-01-13T14:05:00-05:00,100.83802,100.85802,100.76842,100.78842,1000
2026-01-13T14:06:00-05:00,100.89978,100.91978,100.83086,100.85086,1000
2026-01-13T14:07:00-05:00,100.95705,100.97705,100.89420,100.91420,1000
2026-01-13T14:08:00-05:00,101.01007,101.03007,100.95801,100.97801,1000
2026-01-13T14:09:00-05:00,101.05934,101.07934,101.02160,101.04160,1000
2026-01-13T14:10:00-05:00,101.10554,101.12554,101.08407,101.10407,1000
2026-01-13T14:11:00-05:00,101.14948,101.18445,101.12948,101.16445,1000
2026-01-13T14:12:00-05:00,101.19198,101.24173,101.17198,101.22173,1000
2026-01-13T14:13:00-05:00,101.23376,101.29502,101.21376,101.27502,1000
2026-01-13T14:14:00-05:00,101.27539,101.34362,101.25539,101.32362,1000
2026-01-13T14:15:00-05:00,101.31716,101.38705,101.29716,101.36705,1000
2026-01-13T14:16:00-05:00,101.35910,101.42515,101.33910,101.40515,1000
2026-01-13T14:17:00-05:00,101.40093,101.45808,101.38093,101.43808,1000
2026-01-13T14:18:00-05:00,101.44210,101.48627,101.42210,101.46627,1000
2026-01-13T14:19:00-05:00,101.48185,101.51036,101.46185,101.49036,1000
2026-01-13T14:20:00-05:00,101.51927,101.53927,101.49119,101.51119,1000
2026-01-13T14:21:00-05:00,101.55338,101.57338,101.50960,101.52960,1000
2026-01-13T14:22:00-05:00,101.58330,101.60330,101.52644,101.54644,1000
2026-01-13T14:23:00-05:00,101.60826,101.62826,101.54238,101.56238,1000
2026-01-13T14:24:00-05:00,101.62775,101.64775,101.55789,101.57789,1000
2026-01-13T14:25:00-05:00,101.64152,101.66152,101.57318,101.59318,1000
2026-01-13T14:26:00-05:00,101.64964,101.66964,101.58814,101.60814,1000
2026-01-13T14:27:00-05:00,101.65248,101.67248,101.60238,101.62238,1000
2026-01-13T14:28:00-05:00,101.65065,101.67065,101.61527,101.63527,1000
2026-01-13T14:29:00-05:00,101.64496,101.66600,101.62496,101.64600,1000
2026-01-13T14:30:00-05:00,101.63634,101.67368,101.61634,101.65368,1000
2026-01-13T14:31:00-05:00,101.62568,101.67741,101.60568,101.65741,1000
2026-01-13T14:32:00-05:00,101.61380,101.67643,101.59380,101.65643,1000
2026-01-13T14:33:00-05:00,101.60132,101.67015,101.58132,101.65015,1000
2026-01-13T14:34:00-05:00,101.58861,101.65827,101.56861,101.63827,1000
2026-01-13T14:35:00-05:00,101.57575,101.64077,101.55575,101.62077,1000
2026-01-13T14:36:00-05:00,101.56252,101.61795,101.54252,101.59795,1000
2026-01-13T14:37:00-05:00,101.54844,101.59038,101.52844,101.57038,1000
2026-01-13T14:38:00-05:00,101.53283,101.55886,101.51283,101.53886,1000
2026-01-13T14:39:00-05:00,101.51485,101.53485,101.48431,101.50431,1000
2026-01-13T14:40:00-05:00,101.49366,101.51366,101.44771,101.46771,1000
2026-01-13T14:41:00-05:00,101.46848,101.48848,101.40997,101.42997,1000
2026-01-13T14:42:00-05:00,101.43868,101.45868,101.37186,101.39186,1000
2026-01-13T14:43:00-05:00,101.40389,101.42389,101.33390,101.35390,1000
2026-01-13T14:44:00-05:00,101.36400,101.38400,101.29636,101.31636,1000
2026-01-13T14:45:00-05:00,101.31924,101.33924,101.25918,101.27918,1000
2026-01-13T14:46:00-05:00,101.27011,101.29011,101.22205,101.24205,1000
2026-01-13T14:47:00-05:00,101.21736,101.23736,101.18438,101.20438,1000
2026-01-13T14:48:00-05:00,101.16192,101.18546,101.14192,101.16546,1000
2026-01-13T14:49:00-05:00,101.10480,101.14446,101.08480,101.12446,1000
2026-01-13T14:50:00-05:00,101.04699,101.10061,101.02699,101.08061,1000
2026-01-13T14:51:00-05:00,100.98937,101.05325,100.96937,101.03325,1000
2026-01-13T14:52:00-05:00,100.93261,101.00192,100.91261,100.98192,1000
2026-01-13T14:53:00-05:00,100.87713,100.94643,100.85713,100.92643,1000
2026-01-13T14:54:00-05:00,100.82303,100.88691,100.80303,100.86691,1000
2026-01-13T14:55:00-05:00,100.77015,100.82377,100.75015,100.80377,1000
2026-01-13T14:56:00-05:00,100.71804,100.75770,100.69804,100.73770,1000
2026-01-13T14:57:00-05:00,100.66605,100.68958,100.64605,100.66958,1000
2026-01-13T14:58:00-05:00,100.61342,100.63342,100.58044,100.60044,1000
2026-01-13T14:59:00-05:00,100.55937,100.57937,100.51130,100.53130,1000
2026-01-13T15:00:00-05:00,100.50319,100.52319,100.44313,100.46313,1000
2026-01-13T15:01:00-05:00,100.44436,100.46436,100.37672,100.39672,1000
2026-01-13T15:02:00-05:00,100.38259,100.40259,100.31261,100.33261,1000
2026-01-13T15:03:00-05:00,100.31788,100.33788,100.25105,100.27105,1000
2026-01-13T15:04:00-05:00,100.25053,100.27053,100.19202,100.21202,1000
2026-01-13T15:05:00-05:00,100.18113,100.20113,100.13518,100.15518,1000
2026-01-13T15:06:00-05:00,100.11051,100.13051,100.07998,100.09998,1000
2026-01-13T15:07:00-05:00,100.03965,100.06568,100.01965,100.04568,1000
2026-01-13T15:08:00-05:00,99.96958,100.01152,99.94958,99.99152,1000
2026-01-13T15:09:00-05:00,99.90131,99.95675,99.88131,99.93675,1000
2026-01-13T15:10:00-05:00,99.83572,99.90075,99.81572,99.88075,1000
2026-01-13T15:11:00-05:00,99.77345,99.84311,99.75345,99.82311,1000
2026-01-13T15:12:00-05:00,99.71489,99.78372,99.69489,99.76372,1000
2026-01-13T15:13:00-05:00,99.66012,99.72274,99.64012,99.70274,1000
2026-01-13T15:14:00-05:00,99.60891,99.66063,99.58891,99.64063,1000
2026-01-13T15:15:00-05:00,99.56078,99.59811,99.54078,99.57811,1000
2026-01-13T15:16:00-05:00,99.51506,99.53609,99.49506,99.51609,1000
2026-01-13T15:17:00-05:00,99.47097,99.49097,99.43558,99.45558,1000
2026-01-13T15:18:00-05:00,99.42770,99.44770,99.37760,99.39760,1000
2026-01-13T15:19:00-05:00,99.38456,99.40456,99.32306,99.34306,1000
2026-01-13T15:20:00-05:00,99.34103,99.36103,99.27269,99.29269,1000
2026-01-13T15:21:00-05:00,99.29683,99.31683,99.22697,99.24697,1000
2026-01-13T15:22:00-05:00,99.25197,99.27197,99.18609,99.20609,1000
2026-01-13T15:23:00-05:00,99.20677,99.22677,99.14991,99.16991,1000
2026-01-13T15:24:00-05:00,99.16180,99.18180,99.11803,99.13803,1000
2026-01-13T15:25:00-05:00,99.11788,99.13788,99.08981,99.10981,1000
2026-01-13T15:26:00-05:00,99.07595,99.10447,99.05595,99.08447,1000
2026-01-13T15:27:00-05:00,99.03700,99.08116,99.01700,99.06116,1000
2026-01-13T15:28:00-05:00,99.00195,99.05911,98.98195,99.03911,1000
2026-01-13T15:29:00-05:00,98.97160,99.03766,98.95160,99.01766,1000
2026-01-13T15:30:00-05:00,98.94649,99.01638,98.92649,98.99638,1000
2026-01-13T15:31:00-05:00,98.92688,98.99511,98.90688,98.97511,1000
2026-01-13T15:32:00-05:00,98.91274,98.97400,98.89274,98.95400,1000
2026-01-13T15:33:00-05:00,98.90374,98.95348,98.88374,98.93348,1000
2026-01-13T15:34:00-05:00,98.89926,98.93422,98.87926,98.91422,1000
2026-01-13T15:35:00-05:00,98.89854,98.91854,98.87706,98.89706,1000
2026-01-13T15:36:00-05:00,98.90070,98.92070,98.86295,98.88295,1000
2026-01-13T15:37:00-05:00,98.90487,98.92487,98.85280,98.87280,1000
2026-01-13T15:38:00-05:00,98.91027,98.93027,98.84741,98.86741,1000
2026-01-13T15:39:00-05:00,98.91632,98.93632,98.84740,98.86740,1000
2026-01-13T15:40:00-05:00,98.92270,98.94270,98.85310,98.87310,1000
2026-01-13T15:41:00-05:00,98.92937,98.94937,98.86455,98.88455,1000
2026-01-13T15:42:00-05:00,98.93659,98.95659,98.88147,98.90147,1000
2026-01-13T15:43:00-05:00,98.94488,98.96488,98.90334,98.92334,1000
2026-01-13T15:44:00-05:00,98.95496,98.97496,98.92938,98.94938,1000
2026-01-13T15:45:00-05:00,98.96771,98.99868,98.94771,98.97868,1000
2026-01-13T15:46:00-05:00,98.98399,99.03032,98.96399,99.01032,1000
2026-01-13T15:47:00-05:00,99.00463,99.06342,98.98463,99.04342,1000
2026-01-13T15:48:00-05:00,99.03026,99.09724,99.01026,99.07724,1000
2026-01-13T15:49:00-05:00,99.06130,99.13129,99.04130,99.11129,1000
2026-01-13T15:50:00-05:00,99.09786,99.16536,99.07786,99.14536,1000
2026-01-13T15:51:00-05:00,99.13974,99.19953,99.11974,99.17953,1000
2026-01-13T15:52:00-05:00,99.18648,99.23417,99.16648,99.21417,1000
2026-01-13T15:53:00-05:00,99.23732,99.26986,99.21732,99.24986,1000
2026-01-13T15:54:00-05:00,99.29137,99.31137,99.26739,99.28739,1000
2026-01-13T15:55:00-05:00,99.34765,99.36765,99.30758,99.32758,1000
2026-01-13T15:56:00-05:00,99.40519,99.42519,99.35124,99.37124,1000
2026-01-13T15:57:00-05:00,99.46314,99.48314,99.39905,99.41905,1000
2026-01-13T15:58:00-05:00,99.52085,99.54085,99.45147,99.47147,1000
2026-01-13T15:59:00-05:00,99.57795,99.59795,99.50871,99.52871,1000
2026-01-14T09:30:00-05:00,99.63433,99.65433,99.57067,99.59067,1000
2026-01-14T09:31:00-05:00,99.69022,99.71022,99.63693,99.65693,1000
2026-01-14T09:32:00-05:00,99.74607,99.76607,99.70682,99.72682,1000
2026-01-14T09:33:00-05:00,99.80256,99.82256,99.77947,99.79947,1000
2026-01-14T09:34:00-05:00,99.86045,99.89386,99.84045,99.87386,1000
2026-01-14T09:35:00-05:00,99.92055,99.96898,99.90055,99.94898,1000
2026-01-14T09:36:00-05:00,99.98357,100.04389,99.96357,100.02389,1000
2026-01-14T09:37:00-05:00,100.05003,100.11781,100.03003,100.09781,1000
2026-01-14T09:38:00-05:00,100.12024,100.19021,100.10024,100.17021,1000
2026-01-14T09:39:00-05:00,100.19419,100.26085,100.17419,100.24085,1000
2026-01-14T09:40:00-05:00,100.27156,100.32978,100.25156,100.30978,1000
2026-01-14T09:41:00-05:00,100.35178,100.39735,100.33178,100.37735,1000
2026-01-14T09:42:00-05:00,100.43400,100.46411,100.41400,100.44411,1000
2026-01-14T09:43:00-05:00,100.51727,100.53727,100.49079,100.51079,1000
2026-01-14T09:44:00-05:00,100.60052,100.62052,100.55818,100.57818,1000
2026-01-14T09:45:00-05:00,100.68276,100.70276,100.62701,100.64701,1000
2026-01-14T09:46:00-05:00,100.76311,100.78311,100.69789,100.71789,1000
2026-01-14T09:47:00-05:00,100.84093,100.86093,100.77121,100.79121,1000
2026-01-14T09:48:00-05:00,100.91583,100.93583,100.84710,100.86710,1000
2026-01-14T09:49:00-05:00,100.98773,101.00773,100.92535,100.94535,1000
2026-01-14T09:50:00-05:00,101.05687,101.07687,101.00549,101.02549,1000
2026-01-14T09:51:00-05:00,101.12370,101.14370,101.08679,101.10679,1000
2026-01-14T09:52:00-05:00,101.18890,101.20890,101.16832,101.18832,1000
2026-01-14T09:53:00-05:00,101.25325,101.28905,101.23325,101.26905,1000
2026-01-14T09:54:00-05:00,101.31750,101.36796,101.29750,101.34796,1000
2026-01-14T09:55:00-05:00,101.38236,101.44411,101.36236,101.42411,1000
2026-01-14T09:56:00-05:00,101.44831,101.51677,101.42831,101.49677,1000
2026-01-14T09:57:00-05:00,101.51561,101.58543,101.49561,101.56543,1000
2026-01-14T09:58:00-05:00,101.58421,101.64992,101.56421,101.62992,1000
2026-01-14T09:59:00-05:00,101.65377,101.71033,101.63377,101.69033,1000
2026-01-14T10:00:00-05:00,101.72368,101.76706,101.70368,101.74706,1000
2026-01-14T10:01:00-05:00,101.79310,101.82074,101.77310,101.80074,1000
2026-01-14T10:02:00-05:00,101.86106,101.88106,101.83211,101.85211,1000
2026-01-14T10:03:00-05:00,101.92655,101.94655,101.88199,101.90199,1000
2026-01-14T10:04:00-05:00,101.98860,102.00860,101.93115,101.95115,1000
2026-01-14T10:05:00-05:00,102.04642,102.06642,101.98019,102.00019,1000
2026-01-14T10:06:00-05:00,102.09942,102.11942,102.02950,102.04950,1000
2026-01-14T10:07:00-05:00,102.14732,102.16732,102.07922,102.09922,1000
2026-01-14T10:08:00-05:00,102.19015,102.21015,102.12914,102.14914,1000
2026-01-14T10:09:00-05:00,102.22820,102.24820,102.17882,102.19882,1000
2026-01-14T10:10:00-05:00,102.26205,102.28205,102.22752,102.24752,1000
2026-01-14T10:11:00-05:00,102.29246,102.31438,102.27246,102.29438,1000
2026-01-14T10:12:00-05:00,102.32025,102.35841,102.30025,102.33841,1000
2026-01-14T10:13:00-05:00,102.34627,102.39867,102.32627,102.37867,1000
2026-01-14T10:14:00-05:00,102.37125,102.43433,102.35125,102.41433,1000
2026-01-14T10:15:00-05:00,102.39573,102.46474,102.37573,102.44474,1000
2026-01-14T10:16:00-05:00,102.41999,102.48954,102.39999,102.46954,1000
2026-01-14T10:17:00-05:00,102.44404,102.50867,102.42404,102.48867,1000
2026-01-14T10:18:00-05:00,102.46756,102.52236,102.44756,102.50236,1000
2026-01-14T10:19:00-05:00,102.48999,102.53113,102.46999,102.51113,1000
2026-01-14T10:20:00-05:00,102.51056,102.53571,102.49056,102.51571,1000
2026-01-14T10:21:00-05:00,102.52837,102.54837,102.49696,102.51696,1000
2026-01-14T10:22:00-05:00,102.54251,102.56251,102.49580,102.51580,1000
2026-01-14T10:23:00-05:00,102.55213,102.57213,102.49306,102.51306,1000
2026-01-14T10:24:00-05:00,102.55655,102.57655,102.48943,102.50943,1000
2026-01-14T10:25:00-05:00,102.55535,102.57535,102.48535,102.50535,1000
2026-01-14T10:26:00-05:00,102.54837,102.56837,102.48100,102.50100,1000
2026-01-14T10:27:00-05:00,102.53578,102.55578,102.47626,102.49626,1000
2026-01-14T10:28:00-05:00,102.51804,102.53804,102.47071,102.49071,1000
2026-01-14T10:29:00-05:00,102.49585,102.51585,102.46373,102.48373,1000
2026-01-14T10:30:00-05:00,102.47008,102.49451,102.45008,102.47451,1000
2026-01-14T10:31:00-05:00,102.44170,102.48217,102.42170,102.46217,1000
2026-01-14T10:32:00-05:00,102.41163,102.46590,102.39163,102.44590,1000
2026-01-14T10:33:00-05:00,102.38067,102.44497,102.36067,102.42497,1000
2026-01-14T10:34:00-05:00,102.34946,102.41890,102.32946,102.39890,1000
2026-01-14T10:35:00-05:00,102.31832,102.38747,102.29832,102.36747,1000
2026-01-14T10:36:00-05:00,102.28731,102.35076,102.26731,102.33076,1000
2026-01-14T10:37:00-05:00,102.25620,102.30916,102.23620,102.28916,1000
2026-01-14T10:38:00-05:00,102.22447,102.26331,102.20447,102.24331,1000
2026-01-14T10:39:00-05:00,102.19145,102.21410,102.17145,102.19410,1000
2026-01-14T10:40:00-05:00,102.15631,102.17631,102.12248,102.14248,1000
2026-01-14T10:41:00-05:00,102.11825,102.13825,102.06946,102.08946,1000
2026-01-14T10:42:00-05:00,102.07654,102.09654,102.01596,102.03596,1000
2026-01-14T10:43:00-05:00,102.03063,102.05063,101.96273,101.98273,1000
2026-01-14T10:44:00-05:00,101.98021,102.00021,101.91026,101.93026,1000
2026-01-14T10:45:00-05:00,101.92529,101.94529,101.85878,101.87878,1000
2026-01-14T10:46:00-05:00,101.86615,101.88615,101.80822,101.82822,1000
2026-01-14T10:47:00-05:00,101.80339,101.82339,101.75820,101.77820,1000
2026-01-14T10:48:00-05:00,101.73781,101.75781,101.70814,101.72814,1000
2026-01-14T10:49:00-05:00,101.67040,101.69731,101.65040,101.67731,1000
2026-01-14T10:50:00-05:00,101.60218,101.64492,101.58218,101.62492,1000
2026-01-14T10:51:00-05:00,101.53415,101.59021,101.51415,101.57021,1000
2026-01-14T10:52:00-05:00,101.46717,101.53257,101.44717,101.51257,1000
2026-01-14T10:53:00-05:00,101.40187,101.47162,101.38187,101.45162,1000
2026-01-14T10:54:00-05:00,101.33862,101.40725,101.31862,101.38725,1000
2026-01-14T10:55:00-05:00,101.27750,101.33965,101.25750,101.31965,1000
2026-01-14T10:56:00-05:00,101.21827,101.26930,101.19827,101.24930,1000
2026-01-14T10:57:00-05:00,101.16044,101.19694,101.14044,101.17694,1000
2026-01-14T10:58:00-05:00,101.10337,101.12351,101.08337,101.10351,1000
2026-01-14T10:59:00-05:00,101.04626,101.06626,101.01004,101.03004,1000
2026-01-14T11:00:00-05:00,100.98836,101.00836,100.93755,100.95755,1000
2026-01-14T11:01:00-05:00,100.92899,100.94899,100.86700,100.88700,1000
2026-01-14T11:02:00-05:00,100.86767,100.88767,100.79911,100.81911,1000
2026-01-14T11:03:00-05:00,100.80416,100.82416,100.73438,100.75438,1000
2026-01-14T11:04:00-05:00,100.73853,100.75853,100.67301,100.69301,1000
2026-01-14T11:05:00-05:00,100.67114,100.69114,100.61489,100.63489,1000
2026-01-14T11:06:00-05:00,100.60262,100.62262,100.55963,100.57963,1000
2026-01-14T11:07:00-05:00,100.53384,100.55384,100.50664,100.52664,1000
2026-01-14T11:08:00-05:00,100.46577,100.49516,100.44577,100.47516,1000
2026-01-14T11:09:00-05:00,100.39946,100.44440,100.37946,100.42440,1000
2026-01-14T11:10:00-05:00,100.33587,100.39362,100.31587,100.37362,1000
2026-01-14T11:11:00-05:00,100.27584,100.34224,100.25584,100.32224,1000
2026-01-14T11:12:00-05:00,100.21994,100.28988,100.19994,100.26988,1000
2026-01-14T11:13:00-05:00,100.16848,100.23647,100.14848,100.21647,1000
2026-01-14T11:14:00-05:00,100.12146,100.18221,100.10146,100.16221,1000
2026-01-14T11:15:00-05:00,100.07859,100.12762,100.05859,100.10762,1000
2026-01-14T11:16:00-05:00,100.03931,100.07342,100.01931,100.05342,1000
2026-01-14T11:17:00-05:00,100.00291,100.02291,99.98055,100.00055,1000
2026-01-14T11:18:00-05:00,99.96856,99.98856,99.92999,99.94999,1000
2026-01-14T11:19:00-05:00,99.93546,99.95546,99.88272,99.90272,1000
2026-01-14T11:20:00-05:00,99.90292,99.92292,99.83961,99.85961,1000
2026-01-14T11:21:00-05:00,99.87042,99.89042,99.80132,99.82132,1000
2026-01-14T11:22:00-05:00,99.83773,99.85773,99.76824,99.78824,1000
2026-01-14T11:23:00-05:00,99.80489,99.82489,99.74046,99.76046,1000
2026-01-14T11:24:00-05:00,99.77225,99.79225,99.71776,99.73776,1000
2026-01-14T11:25:00-05:00,99.74040,99.76040,99.69966,99.71966,1000
2026-01-14T11:26:00-05:00,99.71016,99.73016,99.68545,99.70545,1000
2026-01-14T11:27:00-05:00,99.68246,99.71430,99.66246,99.69430,1000
2026-01-14T11:28:00-05:00,99.65825,99.70533,99.63825,99.68533,1000
2026-01-14T11:29:00-05:00,99.63842,99.69776,99.61842,99.67776,1000
2026-01-14T11:30:00-05:00,99.62366,99.69093,99.60366,99.67093,1000
2026-01-14T11:31:00-05:00,99.61443,99.68443,99.59443,99.66443,1000
2026-01-14T11:32:00-05:00,99.61092,99.67814,99.59092,99.65814,1000
2026-01-14T11:33:00-05:00,99.61298,99.67222,99.59298,99.65222,1000
2026-01-14T11:34:00-05:00,99.62018,99.66713,99.60018,99.64713,1000
2026-01-14T11:35:00-05:00,99.63184,99.66353,99.61184,99.64353,1000
2026-01-14T11:36:00-05:00,99.64714,99.66714,99.62227,99.64227,1000
2026-01-14T11:37:00-05:00,99.66513,99.68513,99.62426,99.64426,1000
2026-01-14T11:38:00-05:00,99.68495,99.70495,99.63035,99.65035,1000
2026-01-14T11:39:00-05:00,99.70580,99.72580,99.64129,99.66129,1000
2026-01-14T11:40:00-05:00,99.72711,99.74711,99.65760,99.67760,1000
2026-01-14T11:41:00-05:00,99.74859,99.76859,99.67952,99.69952,1000
2026-01-14T11:42:00-05:00,99.77021,99.79021,99.70699,99.72699,1000
2026-01-14T11:43:00-05:00,99.79227,99.81227,99.73965,99.75965,1000
2026-01-14T11:44:00-05:00,99.81529,99.83529,99.77686,99.79686,1000
2026-01-14T11:45:00-05:00,99.84001,99.86001,99.81780,99.83780,1000
2026-01-14T11:46:00-05:00,99.86726,99.90151,99.84726,99.88151,1000
2026-01-14T11:47:00-05:00,99.89788,99.94703,99.87788,99.92703,1000
2026-01-14T11:48:00-05:00,99.93263,99.99347,99.91263,99.97347,1000
2026-01-14T11:49:00-05:00,99.97207,100.04010,99.95207,100.02010,1000
2026-01-14T11:50:00-05:00,100.01654,100.08647,99.99654,100.06647,1000
2026-01-14T11:51:00-05:00,100.06604,100.13238,100.04604,100.11238,1000
2026-01-14T11:52:00-05:00,100.12030,100.17795,100.10030,100.15795,1000
2026-01-14T11:53:00-05:00,100.17875,100.22356,100.15875,100.20356,1000
2026-01-14T11:54:00-05:00,100.24058,100.26982,100.22058,100.24982,1000
2026-01-14T11:55:00-05:00,100.30485,100.32485,100.27750,100.29750,1000
2026-01-14T11:56:00-05:00,100.37053,100.39053,100.32740,100.34740,1000
2026-01-14T11:57:00-05:00,100.43666,100.45666,100.38030,100.40030,1000
2026-01-14T11:58:00-05:00,100.50239,100.52239,100.43680,100.45680,1000
2026-01-14T11:59:00-05:00,100.56710,100.58710,100.49731,100.51731,1000
2026-01-14T12:00:00-05:00,100.63046,100.65046,100.56193,100.58193,1000
2026-01-14T12:01:00-05:00,100.69241,100.71241,100.63050,100.65050,1000
2026-01-14T12:02:00-05:00,100.75319,100.77319,100.70251,100.72251,1000
2026-01-14T12:03:00-05:00,100.81331,100.83331,100.77723,100.79723,1000
2026-01-14T12:04:00-05:00,100.87344,100.89373,100.85344,100.87373,1000
2026-01-14T12:05:00-05:00,100.93435,100.97099,100.91435,100.95099,1000
2026-01-14T12:06:00-05:00,100.99683,101.04798,100.97683,101.02798,1000
2026-01-14T12:07:00-05:00,101.06153,101.12376,101.04153,101.10376,1000
2026-01-14T12:08:00-05:00,101.12894,101.19761,101.10894,101.17761,1000
2026-01-14T12:09:00-05:00,101.19929,101.26903,101.17929,101.24903,1000
2026-01-14T12:10:00-05:00,101.27250,101.33784,101.25250,101.31784,1000
2026-01-14T12:11:00-05:00,101.34820,101.40414,101.32820,101.38414,1000
2026-01-14T12:12:00-05:00,101.42573,101.46833,101.40573,101.44833,1000
2026-01-14T12:13:00-05:00,101.50424,101.53100,101.48424,101.51100,1000
2026-01-14T12:14:00-05:00,101.58272,101.60272,101.55290,101.57290,1000
2026-01-14T12:15:00-05:00,101.66012,101.68012,101.61480,101.63480,1000
2026-01-14T12:16:00-05:00,101.73547,101.75547,101.67744,101.69744,1000
2026-01-14T12:17:00-05:00,101.80794,101.82794,101.74138,101.76138,1000
2026-01-14T12:18:00-05:00,101.87693,101.89693,101.80697,101.82697,1000
2026-01-14T12:19:00-05:00,101.94213,101.96213,101.87426,101.89426,1000
2026-01-14T12:20:00-05:00,102.00352,102.02352,101.94303,101.96303,1000
2026-01-14T12:21:00-05:00,102.06141,102.08141,102.01274,102.03274,1000
2026-01-14T12:22:00-05:00,102.11631,102.13631,102.08262,102.10262,1000
2026-01-14T12:23:00-05:00,102.16893,102.19174,102.14893,102.17174,1000
2026-01-14T12:24:00-05:00,102.22008,102.25907,102.20008,102.23907,1000
2026-01-14T12:25:00-05:00,102.27053,102.32360,102.25053,102.30360,1000
2026-01-14T12:26:00-05:00,102.32095,102.38447,102.30095,102.36447,1000
2026-01-14T12:27:00-05:00,102.37180,102.44099,102.35180,102.42099,1000
2026-01-14T12:28:00-05:00,102.42331,102.49274,102.40331,102.47274,1000
2026-01-14T12:29:00-05:00,102.47539,102.53962,102.45539,102.51962,1000
2026-01-14T12:30:00-05:00,102.52766,102.58182,102.50766,102.56182,1000
2026-01-14T12:31:00-05:00,102.57948,102.61982,102.55948,102.59982,1000
2026-01-14T12:32:00-05:00,102.63000,102.65427,102.61000,102.63427,1000
2026-01-14T12:33:00-05:00,102.67827,102.69827,102.64600,102.66600,1000
2026-01-14T12:34:00-05:00,102.72328,102.74328,102.67583,102.69583,1000
2026-01-14T12:35:00-05:00,102.76415,102.78415,102.70454,102.72454,1000
2026-01-14T12:36:00-05:00,102.80013,102.82013,102.73272,102.75272,1000
2026-01-14T12:37:00-05:00,102.83074,102.85074,102.76074,102.78074,1000
2026-01-14T12:38:00-05:00,102.85577,102.87577,102.78870,102.80870,1000
2026-01-14T12:39:00-05:00,102.87535,102.89535,102.81638,102.83638,1000
2026-01-14T12:40:00-05:00,102.88987,102.90987,102.84329,102.86329,1000
2026-01-14T12:41:00-05:00,102.89997,102.91997,102.86871,102.88871,1000
2026-01-14T12:42:00-05:00,102.90647,102.93177,102.88647,102.91177,1000
2026-01-14T12:43:00-05:00,102.91024,102.95152,102.89024,102.93152,1000
2026-01-14T12:44:00-05:00,102.91215,102.96707,102.89215,102.94707,1000
2026-01-14T12:45:00-05:00,102.91294,102.97764,102.89294,102.95764,1000
2026-01-14T12:46:00-05:00,102.91312,102.98269,102.89312,102.96269,1000
2026-01-14T12:47:00-05:00,102.91296,102.98194,102.89296,102.96194,1000
2026-01-14T12:48:00-05:00,102.91243,102.97543,102.89243,102.95543,1000
2026-01-14T12:49:00-05:00,102.91121,102.96349,102.89121,102.94349,1000
2026-01-14T12:50:00-05:00,102.90871,102.94673,102.88871,102.92673,1000
2026-01-14T12:51:00-05:00,102.90418,102.92594,102.88418,102.90594,1000
2026-01-14T12:52:00-05:00,102.89673,102.91673,102.86205,102.88205,1000
2026-01-14T12:53:00-05:00,102.88550,102.90550,102.83599,102.85599,1000
2026-01-14T12:54:00-05:00,102.86970,102.88970,102.80861,102.82861,1000
2026-01-14T12:55:00-05:00,102.84874,102.86874,102.78058,102.80058,1000
2026-01-14T12:56:00-05:00,102.82226,102.84226,102.75235,102.77235,1000
2026-01-14T12:57:00-05:00,102.79023,102.81023,102.72406,102.74406,1000
2026-01-14T12:58:00-05:00,102.75291,102.77291,102.69556,102.71556,1000
2026-01-14T12:59:00-05:00,102.71084,102.73084,102.66642,102.68642,1000
2026-01-14T13:00:00-05:00,102.66480,102.68480,102.63600,102.65600,1000
2026-01-14T13:01:00-05:00,102.61572,102.64351,102.59572,102.62351,1000
2026-01-14T13:02:00-05:00,102.56460,102.60812,102.54460,102.58812,1000
2026-01-14T13:03:00-05:00,102.51237,102.56903,102.49237,102.54903,1000
2026-01-14T13:04:00-05:00,102.45985,102.52561,102.43985,102.50561,1000
2026-01-14T13:05:00-05:00,102.40762,102.47745,102.38762,102.45745,1000
2026-01-14T13:06:00-05:00,102.35600,102.42442,102.33600,102.40442,1000
2026-01-14T13:07:00-05:00,102.30502,102.36669,102.28502,102.34669,1000
2026-01-14T13:08:00-05:00,102.25439,102.30473,102.23439,102.28473,1000
2026-01-14T13:09:00-05:00,102.20361,102.23927,102.18361,102.21927,1000
2026-01-14T13:10:00-05:00,102.15197,102.17197,102.13123,102.15123,1000
2026-01-14T13:11:00-05:00,102.09868,102.11868,102.06162,102.08162,1000
2026-01-14T13:12:00-05:00,102.04295,102.06295,101.99146,102.01146,1000
2026-01-14T13:13:00-05:00,101.98412,102.00412,101.92165,101.94165,1000
2026-01-14T13:14:00-05:00,101.92168,101.94168,101.85292,101.87292,1000
2026-01-14T13:15:00-05:00,101.85543,101.87543,101.78573,101.80573,1000
2026-01-14T13:16:00-05:00,101.78542,101.80542,101.72027,101.74027,1000
2026-01-14T13:17:00-05:00,101.71204,101.73204,101.65640,101.67640,1000
2026-01-14T13:18:00-05:00,101.63594,101.65594,101.59373,101.61373,1000
2026-01-14T13:19:00-05:00,101.55798,101.57798,101.53166,101.55166,1000
2026-01-14T13:20:00-05:00,101.47917,101.50942,101.45917,101.48942,1000
2026-01-14T13:21:00-05:00,101.40055,101.44625,101.38055,101.42625,1000
2026-01-14T13:22:00-05:00,101.32310,101.38142,101.30310,101.36142,1000
2026-01-14T13:23:00-05:00,101.24765,101.31437,101.22765,101.29437,1000
2026-01-14T13:24:00-05:00,101.17480,101.24477,101.15480,101.22477,1000
2026-01-14T13:25:00-05:00,101.10485,101.17258,101.08485,101.15258,1000
2026-01-14T13:26:00-05:00,101.03780,101.09803,101.01780,101.07803,1000
2026-01-14T13:27:00-05:00,100.97339,101.02169,100.95339,101.00169,1000
2026-01-14T13:28:00-05:00,100.91108,100.94434,100.89108,100.92434,1000
2026-01-14T13:29:00-05:00,100.85017,100.87017,100.82692,100.84692,1000
2026-01-14T13:30:00-05:00,100.78988,100.80988,100.75048,100.77048,1000
2026-01-14T13:31:00-05:00,100.72944,100.74944,100.67604,100.69604,1000
2026-01-14T13:32:00-05:00,100.66822,100.68822,100.60448,100.62448,1000
2026-01-14T13:33:00-05:00,100.60576,100.62576,100.53650,100.55650,1000
2026-01-14T13:34:00-05:00,100.54188,100.56188,100.47252,100.49252,1000
2026-01-14T13:35:00-05:00,100.47668,100.49668,100.41267,100.43267,1000
2026-01-14T13:36:00-05:00,100.41059,100.43059,100.35675,100.37675,1000
2026-01-14T13:37:00-05:00,100.34426,100.36426,100.30434,100.32434,1000
2026-01-14T13:38:00-05:00,100.27858,100.29858,100.25475,100.27475,1000
2026-01-14T13:39:00-05:00,100.21453,100.24723,100.19453,100.22723,1000
2026-01-14T13:40:00-05:00,100.15313,100.20095,100.13313,100.18095,1000
2026-01-14T13:41:00-05:00,100.09530,100.15518,100.07530,100.13518,1000
2026-01-14T13:42:00-05:00,100.04180,100.10935,100.02180,100.08935,1000
2026-01-14T13:43:00-05:00,99.99314,100.06313,99.97314,100.04313,1000
2026-01-14T13:44:00-05:00,99.94955,100.01647,99.92955,99.99647,1000
2026-01-14T13:45:00-05:00,99.91093,99.96962,99.89093,99.94962,1000
2026-01-14T13:46:00-05:00,99.87691,99.92311,99.85691,99.90311,1000
2026-01-14T13:47:00-05:00,99.84687,99.87769,99.82687,99.85769,1000
2026-01-14T13:48:00-05:00,99.82003,99.84003,99.79428,99.81428,1000
2026-01-14T13:49:00-05:00,99.79554,99.81554,99.75386,99.77386,1000
2026-01-14T13:50:00-05:00,99.77258,99.79258,99.71735,99.73735,1000
2026-01-14T13:51:00-05:00,99.75045,99.77045,99.68555,99.70555,1000
2026-01-14T13:52:00-05:00,99.72868,99.74868,99.65905,99.67905,1000
2026-01-14T13:53:00-05:00,99.70703,99.72703,99.63814,99.65814,1000
2026-01-14T13:54:00-05:00,99.68558,99.70558,99.62281,99.64281,1000
2026-01-14T13:55:00-05:00,99.66471,99.68471,99.61276,99.63276,1000
2026-01-14T13:56:00-05:00,99.64502,99.66502,99.60742,99.62742,1000
2026-01-14T13:57:00-05:00,99.62733,99.64733,99.60601,99.62601,1000
2026-01-14T13:58:00-05:00,99.61255,99.64765,99.59255,99.62765,1000
2026-01-14T13:59:00-05:00,99.60158,99.65145,99.58158,99.63145,1000
2026-01-14T14:00:00-05:00,99.59525,99.65659,99.57525,99.63659,1000
2026-01-14T14:01:00-05:00,99.59417,99.66244,99.57417,99.64244,1000
2026-01-14T14:02:00-05:00,99.59872,99.66860,99.57872,99.64860,1000
2026-01-14T14:03:00-05:00,99.60897,99.67497,99.58897,99.65497,1000
2026-01-14T14:04:00-05:00,99.62468,99.68174,99.60468,99.66174,1000
2026-01-14T14:05:00-05:00,99.64535,99.68938,99.62535,99.66938,1000
2026-01-14T14:06:00-05:00,99.67020,99.69857,99.65020,99.67857,1000
2026-01-14T14:07:00-05:00,99.69835,99.71835,99.67013,99.69013,1000
2026-01-14T14:08:00-05:00,99.72884,99.74884,99.68493,99.70493,1000
2026-01-14T14:09:00-05:00,99.76076,99.78076,99.70380,99.72380,1000
2026-01-14T14:10:00-05:00,99.79333,99.81333,99.72738,99.74738,1000
2026-01-14T14:11:00-05:00,99.82600,99.84600,99.75613,99.77613,1000
2026-01-14T14:12:00-05:00,99.85848,99.87848,99.79018,99.81018,1000
2026-01-14T14:13:00-05:00,99.89080,99.91080,99.82938,99.84938,1000
2026-01-14T14:14:00-05:00,99.92326,99.94326,99.87328,99.89328,1000
2026-01-14T14:15:00-05:00,99.95641,99.97641,99.92117,99.94117,1000
2026-01-14T14:16:00-05:00,99.99098,100.01216,99.97098,99.99216,1000
2026-01-14T14:17:00-05:00,100.02778,100.06525,100.00778,100.04525,1000
2026-01-14T14:18:00-05:00,100.06762,100.11946,100.04762,100.09946,1000
2026-01-14T14:19:00-05:00,100.11120,100.17390,100.09120,100.15390,1000
2026-01-14T14:20:00-05:00,100.15901,100.22787,100.13901,100.20787,1000
2026-01-14T14:21:00-05:00,100.21128,100.28092,100.19128,100.26092,1000
2026-01-14T14:22:00-05:00,100.26796,100.33292,100.24796,100.31292,1000
2026-01-14T14:23:00-05:00,100.32868,100.38400,100.30868,100.36400,1000
2026-01-14T14:24:00-05:00,100.39279,100.43459,100.37279,100.41459,1000
2026-01-14T14:25:00-05:00,100.45943,100.48531,100.43943,100.46531,1000
2026-01-14T14:26:00-05:00,100.52761,100.54761,100.49692,100.51692,1000
2026-01-14T14:27:00-05:00,100.59630,100.61630,100.55022,100.57022,1000
2026-01-14T14:28:00-05:00,100.66452,100.68452,100.60592,100.62592,1000
2026-01-14T14:29:00-05:00,100.73146,100.75146,100.66459,100.68459,1000
2026-01-14T14:30:00-05:00,100.79655,100.81655,100.72656,100.74656,1000
2026-01-14T14:31:00-05:00,100.85947,100.87947,100.79187,100.81187,1000
2026-01-14T14:32:00-05:00,100.92024,100.94024,100.86027,100.88027,1000
2026-01-14T14:33:00-05:00,100.97914,100.99914,100.93120,100.95120,1000
2026-01-14T14:34:00-05:00,101.03670,101.05670,101.00387,101.02387,1000
2026-01-14T14:35:00-05:00,101.09364,101.11732,101.07364,101.09732,1000
2026-01-14T14:36:00-05:00,101.15071,101.19051,101.13071,101.17051,1000
2026-01-14T14:37:00-05:00,101.20868,101.26242,101.18868,101.24242,1000
2026-01-14T14:38:00-05:00,101.26819,101.33214,101.24819,101.31214,1000
2026-01-14T14:39:00-05:00,101.32967,101.39900,101.30967,101.37900,1000
2026-01-14T14:40:00-05:00,101.39328,101.46256,101.37328,101.44256,1000
2026-01-14T14:41:00-05:00,101.45889,101.52270,101.43889,101.50270,1000
2026-01-14T14:42:00-05:00,101.52607,101.57958,101.50607,101.55958,1000
2026-01-14T14:43:00-05:00,101.59414,101.63366,101.57414,101.61366,1000
2026-01-14T14:44:00-05:00,101.66220,101.68558,101.64220,101.66558,1000
2026-01-14T14:45:00-05:00,101.72923,101.74923,101.69611,101.71611,1000
2026-01-14T14:46:00-05:00,101.79421,101.81421,101.74602,101.76602,1000
2026-01-14T14:47:00-05:00,101.85620,101.87620,101.79605,101.81605,1000
2026-01-14T14:48:00-05:00,101.91441,101.93441,101.84672,101.86672,1000
2026-01-14T14:49:00-05:00,101.96833,101.98833,101.89835,101.91835,1000
2026-01-14T14:50:00-05:00,102.01772,102.03772,101.95095,101.97095,1000
2026-01-14T14:51:00-05:00,102.06264,102.08264,102.00423,102.02423,1000
2026-01-14T14:52:00-05:00,102.10347,102.12347,102.05765,102.07765,1000
2026-01-14T14:53:00-05:00,102.14079,102.16079,102.11039,102.13039,1000
2026-01-14T14:54:00-05:00,102.17535,102.20154,102.15535,102.18154,1000
2026-01-14T14:55:00-05:00,102.20799,102.25007,102.18799,102.23007,1000
2026-01-14T14:56:00-05:00,102.23949,102.29503,102.21949,102.27503,1000
2026-01-14T14:57:00-05:00,102.27051,102.33560,102.25051,102.31560,1000
2026-01-14T14:58:00-05:00,102.30150,102.37118,102.28150,102.35118,1000
2026-01-14T14:59:00-05:00,102.33263,102.40143,102.31263,102.38143,1000
2026-01-14T15:00:00-05:00,102.36380,102.42635,102.34380,102.40635,1000
2026-01-14T15:01:00-05:00,102.39460,102.44621,102.37460,102.42621,1000
2026-01-14T15:02:00-05:00,102.42436,102.46155,102.40436,102.44155,1000
2026-01-14T15:03:00-05:00,102.45225,102.47313,102.43225,102.45313,1000
2026-01-14T15:04:00-05:00,102.47731,102.49731,102.44179,102.46179,1000
2026-01-14T15:05:00-05:00,102.49861,102.51861,102.44839,102.46839,1000
2026-01-14T15:06:00-05:00,102.51529,102.53529,102.45370,102.47370,1000
2026-01-14T15:07:00-05:00,102.52671,102.54671,102.45833,102.47833,1000
2026-01-14T15:08:00-05:00,102.53246,102.55246,102.46261,102.48261,1000
2026-01-14T15:09:00-05:00,102.53244,102.55244,102.46662,102.48662,1000
2026-01-14T15:10:00-05:00,102.52687,102.54687,102.47011,102.49011,1000
2026-01-14T15:11:00-05:00,102.51623,102.53623,102.47259,102.49259,1000
2026-01-14T15:12:00-05:00,102.50124,102.52124,102.47331,102.49331,1000
2026-01-14T15:13:00-05:00,102.48277,102.51144,102.46277,102.49144,1000
2026-01-14T15:14:00-05:00,102.46175,102.50605,102.44175,102.48605,1000
2026-01-14T15:15:00-05:00,102.43905,102.49631,102.41905,102.47631,1000
2026-01-14T15:16:00-05:00,102.41540,102.48152,102.39540,102.46152,1000
2026-01-14T15:17:00-05:00,102.39132,102.46122,102.37132,102.44122,1000
2026-01-14T15:18:00-05:00,102.36704,102.43523,102.34704,102.41523,1000
2026-01-14T15:19:00-05:00,102.34252,102.40370,102.32252,102.38370,1000
2026-01-14T15:20:00-05:00,102.31741,102.36703,102.29741,102.34703,1000
2026-01-14T15:21:00-05:00,102.29112,102.32593,102.27112,102.30593,1000
2026-01-14T15:22:00-05:00,102.26288,102.28288,102.24125,102.26125,1000
2026-01-14T15:23:00-05:00,102.23186,102.25186,102.19397,102.21397,1000
2026-01-14T15:24:00-05:00,102.19722,102.21722,102.14504,102.16504,1000
2026-01-14T15:25:00-05:00,102.15824,102.17824,102.09531,102.11531,1000
2026-01-14T15:26:00-05:00,102.11441,102.13441,102.04545,102.06545,1000
2026-01-14T15:27:00-05:00,102.06547,102.08547,101.99588,102.01588,1000
2026-01-14T15:28:00-05:00,102.01147,102.03147,101.94670,101.96670,1000
2026-01-14T15:29:00-05:00,101.95276,101.97276,101.89775,101.91775,1000
2026-01-14T15:30:00-05:00,101.88997,101.90997,101.84857,101.86857,1000
2026-01-14T15:31:00-05:00,101.82395,101.84395,101.79851,101.81851,1000
2026-01-14T15:32:00-05:00,101.75567,101.78679,101.73567,101.76679,1000
2026-01-14T15:33:00-05:00,101.68615,101.73260,101.66615,101.71260,1000
2026-01-14T15:34:00-05:00,101.61633,101.67521,101.59633,101.65521,1000
2026-01-14T15:35:00-05:00,101.54702,101.61404,101.52702,101.59404,1000
2026-01-14T15:36:00-05:00,101.47876,101.54876,101.45876,101.52876,1000
2026-01-14T15:37:00-05:00,101.41185,101.47931,101.39185,101.45931,1000
2026-01-14T15:38:00-05:00,101.34626,101.40596,101.32626,101.38596,1000
2026-01-14T15:39:00-05:00,101.28169,101.32925,101.26169,101.30925,1000
2026-01-14T15:40:00-05:00,101.21758,101.24998,101.19758,101.22998,1000
2026-01-14T15:41:00-05:00,101.15323,101.17323,101.12910,101.14910,1000
2026-01-14T15:42:00-05:00,101.08785,101.10785,101.04765,101.06765,1000
2026-01-14T15:43:00-05:00,101.02070,101.04070,100.96664,100.98664,1000
2026-01-14T15:44:00-05:00,100.95112,100.97112,100.88696,100.90696,1000
2026-01-14T15:45:00-05:00,100.87871,100.89871,100.80931,100.82931,1000
2026-01-14T15:46:00-05:00,100.80330,100.82330,100.73409,100.75409,1000
2026-01-14T15:47:00-05:00,100.72503,100.74503,100.66144,100.68144,1000
2026-01-14T15:48:00-05:00,100.64435,100.66435,100.59117,100.61117,1000
2026-01-14T15:49:00-05:00,100.56195,100.58195,100.52284,100.54284,1000
2026-01-14T15:50:00-05:00,100.47875,100.49875,100.45581,100.47581,1000
2026-01-14T15:51:00-05:00,100.39577,100.42932,100.37577,100.40932,1000
2026-01-14T15:52:00-05:00,100.31404,100.36260,100.29404,100.34260,1000
2026-01-14T15:53:00-05:00,100.23452,100.29493,100.21452,100.27493,1000
2026-01-14T15:54:00-05:00,100.15800,100.22582,100.13800,100.20582,1000
2026-01-14T15:55:00-05:00,100.08499,100.15496,100.06499,100.13496,1000
2026-01-14T15:56:00-05:00,100.01575,100.08236,99.99575,100.06236,1000
2026-01-14T15:57:00-05:00,99.95022,100.00835,99.93022,99.98835,1000
2026-01-14T15:58:00-05:00,99.88805,99.93349,99.86805,99.91349,1000
2026-01-14T15:59:00-05:00,99.82866,99.85862,99.80866,99.83862,1000
2026-01-15T09:30:00-05:00,99.77131,99.79131,99.74469,99.76469,1000
2026-01-15T09:31:00-05:00,99.71521,99.73521,99.67273,99.69273,1000
2026-01-15T09:32:00-05:00,99.65958,99.67958,99.60373,99.62373,1000
2026-01-15T09:33:00-05:00,99.60381,99.62381,99.53853,99.55853,1000
2026-01-15T09:34:00-05:00,99.54748,99.56748,99.47775,99.49775,1000
2026-01-15T09:35:00-05:00,99.49043,99.51043,99.42173,99.44173,1000
2026-01-15T09:36:00-05:00,99.43283,99.45283,99.37052,99.39052,1000
2026-01-15T09:37:00-05:00,99.37511,99.39511,99.32385,99.34385,1000
2026-01-15T09:38:00-05:00,99.31797,99.33797,99.28120,99.30120,1000
2026-01-15T09:39:00-05:00,99.26230,99.28230,99.24186,99.26186,1000
2026-01-15T09:40:00-05:00,99.20906,99.24501,99.18906,99.22501,1000
2026-01-15T09:41:00-05:00,99.15925,99.20982,99.13925,99.18982,1000
2026-01-15T09:42:00-05:00,99.11372,99.17555,99.09372,99.15555,1000
2026-01-15T09:43:00-05:00,99.07316,99.14165,99.05316,99.12165,1000
2026-01-15T09:44:00-05:00,99.03800,99.10781,99.01800,99.08781,1000
2026-01-15T09:45:00-05:00,99.00837,99.07402,98.98837,99.05402,1000
2026-01-15T09:46:00-05:00,98.98409,99.04054,98.96409,99.02054,1000
2026-01-15T09:47:00-05:00,98.96468,99.00794,98.94468,98.98794,1000
2026-01-15T09:48:00-05:00,98.94947,98.97696,98.92947,98.95696,1000
2026-01-15T09:49:00-05:00,98.93762,98.95762,98.90852,98.92852,1000
2026-01-15T09:50:00-05:00,98.92824,98.94824,98.88356,98.90356,1000
2026-01-15T09:51:00-05:00,98.92050,98.94050,98.86295,98.88295,1000
2026-01-15T09:52:00-05:00,98.91370,98.93370,98.84741,98.86741,1000
2026-01-15T09:53:00-05:00,98.90737,98.92737,98.83744,98.85744,1000
2026-01-15T09:54:00-05:00,98.90131,98.92131,98.83325,98.85325,1000
2026-01-15T09:55:00-05:00,98.89564,98.91564,98.83472,98.85472,1000
2026-01-15T09:56:00-05:00,98.89072,98.91072,98.84145,98.86145,1000
2026-01-15T09:57:00-05:00,98.88719,98.90719,98.85280,98.87280,1000
2026-01-15T09:58:00-05:00,98.88586,98.90793,98.86586,98.88793,1000
2026-01-15T09:59:00-05:00,98.88760,98.92590,98.86760,98.90590,1000
2026-01-15T10:00:00-05:00,98.89327,98.94579,98.87327,98.92579,1000
2026-01-15T10:01:00-05:00,98.90363,98.96678,98.88363,98.94678,1000
2026-01-15T10:02:00-05:00,98.91921,98.98825,98.89921,98.96825,1000
2026-01-15T10:03:00-05:00,98.94030,99.00983,98.92030,98.98983,1000
2026-01-15T10:04:00-05:00,98.96687,99.03144,98.94687,99.01144,1000
2026-01-15T10:05:00-05:00,98.99859,99.05329,98.97859,99.03329,1000
2026-01-15T10:06:00-05:00,99.03486,99.07586,99.01486,99.05586,1000
2026-01-15T10:07:00-05:00,99.07485,99.09985,99.05485,99.07985,1000
2026-01-15T10:08:00-05:00,99.11761,99.13761,99.08606,99.10606,1000
2026-01-15T10:09:00-05:00,99.16216,99.18216,99.11532,99.13532,1000
2026-01-15T10:10:00-05:00,99.20757,99.22757,99.14841,99.16841,1000
2026-01-15T10:11:00-05:00,99.25308,99.27308,99.18590,99.20590,1000
2026-01-15T10:12:00-05:00,99.29815,99.31815,99.22815,99.24815,1000
2026-01-15T10:13:00-05:00,99.34255,99.36255,99.27523,99.29523,1000
2026-01-15T10:14:00-05:00,99.38631,99.40631,99.32688,99.34688,1000
2026-01-15T10:15:00-05:00,99.42977,99.44977,99.38258,99.40258,1000
2026-01-15T10:16:00-05:00,99.47351,99.49351,99.44154,99.46154,1000
2026-01-15T10:17:00-05:00,99.51824,99.54281,99.49824,99.52281,1000
2026-01-15T10:18:00-05:00,99.56478,99.60539,99.54478,99.58539,1000
2026-01-15T10:19:00-05:00,99.61388,99.66826,99.59388,99.64826,1000
2026-01-15T10:20:00-05:00,99.66618,99.73055,99.64618,99.71055,1000
2026-01-15T10:21:00-05:00,99.72213,99.79160,99.70213,99.77160,1000
2026-01-15T10:22:00-05:00,99.78187,99.85100,99.76187,99.83100,1000
2026-01-15T10:23:00-05:00,99.84527,99.90865,99.82527,99.88865,1000
2026-01-15T10:24:00-05:00,99.91189,99.96473,99.89189,99.94473,1000
2026-01-15T10:25:00-05:00,99.98101,100.01971,99.96101,99.99971,1000
2026-01-15T10:26:00-05:00,100.05172,100.07423,100.03172,100.05423,1000
2026-01-15T10:27:00-05:00,100.12302,100.14302,100.08905,100.10905,1000
2026-01-15T10:28:00-05:00,100.19386,100.21386,100.14495,100.16495,1000
2026-01-15T10:29:00-05:00,100.26329,100.28329,100.20262,100.22262,1000
2026-01-15T10:30:00-05:00,100.33053,100.35053,100.26258,100.28258,1000
2026-01-15T10:31:00-05:00,100.39504,100.41504,100.32509,100.34509,1000
2026-01-15T10:32:00-05:00,100.45659,100.47659,100.39015,100.41015,1000
2026-01-15T10:33:00-05:00,100.51525,100.53525,100.45741,100.47741,1000
2026-01-15T10:34:00-05:00,100.57134,100.59134,100.52628,100.54628,1000
2026-01-15T10:35:00-05:00,100.62546,100.64546,100.59593,100.61593,1000
2026-01-15T10:36:00-05:00,100.67832,100.70538,100.65832,100.68538,1000
2026-01-15T10:37:00-05:00,100.73071,100.77357,100.71071,100.75357,1000
2026-01-15T10:38:00-05:00,100.78337,100.83953,100.76337,100.81953,1000
2026-01-15T10:39:00-05:00,100.83693,100.90239,100.81693,100.88239,1000
2026-01-15T10:40:00-05:00,100.89176,100.96153,100.87176,100.94153,1000
2026-01-15T10:41:00-05:00,100.94798,101.01658,100.92798,100.99658,1000
2026-01-15T10:42:00-05:00,101.00543,101.06750,100.98543,101.04750,1000
2026-01-15T10:43:00-05:00,101.06361,101.11452,101.04361,101.09452,1000
2026-01-15T10:44:00-05:00,101.12181,101.15817,101.10181,101.13817,1000
2026-01-15T10:45:00-05:00,101.17912,101.19912,101.15912,101.17912,1000
2026-01-15T10:46:00-05:00,101.23454,101.25454,101.19818,101.21818,1000
2026-01-15T10:47:00-05:00,101.28707,101.30707,101.23615,101.25615,1000
2026-01-15T10:48:00-05:00,101.33580,101.35580,101.27373,101.29373,1000
2026-01-15T10:49:00-05:00,101.38004,101.40004,101.31144,101.33144,1000
2026-01-15T10:50:00-05:00,101.41933,101.43933,101.34956,101.36956,1000
2026-01-15T10:51:00-05:00,101.45353,101.47353,101.38807,101.40807,1000
2026-01-15T10:52:00-05:00,101.48280,101.50280,101.42665,101.44665,1000
2026-01-15T10:53:00-05:00,101.50757,101.52757,101.46471,101.48471,1000
2026-01-15T10:54:00-05:00,101.52850,101.54850,101.50145,101.52145,1000
2026-01-15T10:55:00-05:00,101.54641,101.57594,101.52641,101.55594,1000
2026-01-15T10:56:00-05:00,101.56213,101.60720,101.54213,101.58720,1000
2026-01-15T10:57:00-05:00,101.57649,101.63433,101.55649,101.61433,1000
2026-01-15T10:58:00-05:00,101.59012,101.65657,101.57012,101.63657,1000
2026-01-15T10:59:00-05:00,101.60346,101.67340,101.58346,101.65340,1000
2026-01-15T11:00:00-05:00,101.61666,101.68460,101.59666,101.66460,1000
2026-01-15T11:01:00-05:00,101.62957,101.69024,101.60957,101.67024,1000
2026-01-15T11:02:00-05:00,101.64178,101.69069,101.62178,101.67069,1000
2026-01-15T11:03:00-05:00,101.65261,101.68657,101.63261,101.66657,1000
2026-01-15T11:04:00-05:00,101.66122,101.68122,101.63871,101.65871,1000
2026-01-15T11:05:00-05:00,101.66669,101.68669,101.62798,101.64798,1000
2026-01-15T11:06:00-05:00,101.66813,101.68813,101.61528,101.63528,1000
2026-01-15T11:07:00-05:00,101.66476,101.68476,101.60138,101.62138,1000
2026-01-15T11:08:00-05:00,101.65601,101.67601,101.58688,101.60688,1000
2026-01-15T11:09:00-05:00,101.64156,101.66156,101.57210,101.59210,1000
2026-01-15T11:10:00-05:00,101.62143,101.64143,101.55707,101.57707,1000
2026-01-15T11:11:00-05:00,101.59592,101.61592,101.54155,101.56155,1000
2026-01-15T11:12:00-05:00,101.56560,101.58560,101.52500,101.54500,1000
2026-01-15T11:13:00-05:00,101.53127,101.55127,101.50671,101.52671,1000
2026-01-15T11:14:00-05:00,101.49385,101.52583,101.47385,101.50583,1000
2026-01-15T11:15:00-05:00,101.45429,101.50150,101.43429,101.48150,1000
2026-01-15T11:16:00-05:00,101.41350,101.47293,101.39350,101.45293,1000
2026-01-15T11:17:00-05:00,101.37218,101.43950,101.35218,101.41950,1000
2026-01-15T11:18:00-05:00,101.33085,101.40085,101.31085,101.38085,1000
2026-01-15T11:19:00-05:00,101.28970,101.35688,101.26970,101.33688,1000
2026-01-15T11:20:00-05:00,101.24867,101.30783,101.22867,101.28783,1000
2026-01-15T11:21:00-05:00,101.20738,101.25421,101.18738,101.23421,1000
2026-01-15T11:22:00-05:00,101.16524,101.19678,101.14524,101.17678,1000
2026-01-15T11:23:00-05:00,101.12148,101.14148,101.09647,101.11647,1000
2026-01-15T11:24:00-05:00,101.07529,101.09529,101.03428,101.05428,1000
2026-01-15T11:25:00-05:00,101.02589,101.04589,100.97118,100.99118,1000
2026-01-15T11:26:00-05:00,100.97260,100.99260,100.90803,100.92803,1000
2026-01-15T11:27:00-05:00,100.91499,100.93499,100.84546,100.86546,1000
2026-01-15T11:28:00-05:00,100.85290,100.87290,100.78386,100.80386,1000
2026-01-15T11:29:00-05:00,100.78645,100.80645,100.72330,100.74330,1000
2026-01-15T11:30:00-05:00,100.71609,100.73609,100.66358,100.68358,1000
2026-01-15T11:31:00-05:00,100.64251,100.66251,100.60422,100.62422,1000
2026-01-15T11:32:00-05:00,100.56661,100.58661,100.54455,100.56455,1000
2026-01-15T11:33:00-05:00,100.48941,100.52380,100.46941,100.50380,1000
2026-01-15T11:34:00-05:00,100.41192,100.46120,100.39192,100.44120,1000
2026-01-15T11:35:00-05:00,100.33511,100.39603,100.31511,100.37603,1000
2026-01-15T11:36:00-05:00,100.25972,100.32779,100.23972,100.30779,1000
2026-01-15T11:37:00-05:00,100.18628,100.25621,100.16628,100.23621,1000
2026-01-15T11:38:00-05:00,100.11503,100.18132,100.09503,100.16132,1000
2026-01-15T11:39:00-05:00,100.04589,100.10344,100.02589,100.08344,1000
2026-01-15T11:40:00-05:00,99.97852,100.02319,99.95852,100.00319,1000
2026-01-15T11:41:00-05:00,99.91232,99.94141,99.89232,99.92141,1000
2026-01-15T11:42:00-05:00,99.84659,99.86659,99.81909,99.83909,1000
2026-01-15T11:43:00-05:00,99.78053,99.80053,99.73727,99.75727,1000
2026-01-15T11:44:00-05:00,99.71341,99.73341,99.65695,99.67695,1000
2026-01-15T11:45:00-05:00,99.64464,99.66464,99.57899,99.59899,1000
2026-01-15T11:46:00-05:00,99.57384,99.59384,99.50402,99.52402,1000
2026-01-15T11:47:00-05:00,99.50090,99.52090,99.43241,99.45241,1000
2026-01-15T11:48:00-05:00,99.42604,99.44604,99.36421,99.38421,1000
2026-01-15T11:49:00-05:00,99.34975,99.36975,99.29918,99.31918,1000
2026-01-15T11:50:00-05:00,99.27277,99.29277,99.23683,99.25683,1000
2026-01-15T11:51:00-05:00,99.19603,99.21647,99.17603,99.19647,1000
2026-01-15T11:52:00-05:00,99.12055,99.15733,99.10055,99.13733,1000
2026-01-15T11:53:00-05:00,99.04736,99.09863,99.02736,99.07863,1000
2026-01-15T11:54:00-05:00,98.97736,99.03968,98.95736,99.01968,1000
2026-01-15T11:55:00-05:00,98.91129,98.97999,98.89129,98.95999,1000
2026-01-15T11:56:00-05:00,98.84959,98.91932,98.82959,98.89932,1000
2026-01-15T11:57:00-05:00,98.79245,98.85773,98.77245,98.83773,1000
2026-01-15T11:58:00-05:00,98.73971,98.79556,98.71971,98.77556,1000
2026-01-15T11:59:00-05:00,98.69097,98.73343,98.67097,98.71343,1000
2026-01-15T12:00:00-05:00,98.64557,98.67218,98.62557,98.65218,1000
2026-01-15T12:01:00-05:00,98.60274,98.62274,98.57278,98.59278,1000
2026-01-15T12:02:00-05:00,98.56167,98.58167,98.51622,98.53622,1000
2026-01-15T12:03:00-05:00,98.52157,98.54157,98.46344,98.48344,1000
2026-01-15T12:04:00-05:00,98.48184,98.50184,98.41523,98.43523,1000
2026-01-15T12:05:00-05:00,98.44209,98.46209,98.37212,98.39212,1000
2026-01-15T12:06:00-05:00,98.40219,98.42219,98.33438,98.35438,1000
2026-01-15T12:07:00-05:00,98.36234,98.38234,98.30194,98.32194,1000
2026-01-15T12:08:00-05:00,98.32301,98.34301,98.27447,98.29447,1000
2026-01-15T12:09:00-05:00,98.28490,98.30490,98.25136,98.27136,1000
2026-01-15T12:10:00-05:00,98.24889,98.27185,98.22889,98.25185,1000
2026-01-15T12:11:00-05:00,98.21594,98.25506,98.19594,98.23506,1000
2026-01-15T12:12:00-05:00,98.18697,98.24016,98.16697,98.22016,1000
2026-01-15T12:13:00-05:00,98.16280,98.22640,98.14280,98.20640,1000
2026-01-15T12:14:00-05:00,98.14403,98.21323,98.12403,98.19323,1000
2026-01-15T12:15:00-05:00,98.13098,98.20039,98.11098,98.18039,1000
2026-01-15T12:16:00-05:00,98.12370,98.18786,98.10370,98.16786,1000
2026-01-15T12:17:00-05:00,98.12190,98.17595,98.10190,98.15595,1000
2026-01-15T12:18:00-05:00,98.12503,98.16523,98.10503,98.14523,1000
2026-01-15T12:19:00-05:00,98.13234,98.15646,98.11234,98.13646,1000
2026-01-15T12:20:00-05:00,98.14293,98.16293,98.11052,98.13052,1000
2026-01-15T12:21:00-05:00,98.15588,98.17588,98.10830,98.12830,1000
2026-01-15T12:22:00-05:00,98.17034,98.19034,98.11064,98.13064,1000
2026-01-15T12:23:00-05:00,98.18563,98.20563,98.11817,98.13817,1000
2026-01-15T12:24:00-05:00,98.20129,98.22129,98.13129,98.15129,1000
2026-01-15T12:25:00-05:00,98.21714,98.23714,98.15012,98.17012,1000
2026-01-15T12:26:00-05:00,98.23332,98.25332,98.17444,98.19444,1000
2026-01-15T12:27:00-05:00,98.25022,98.27022,98.20377,98.22377,1000
2026-01-15T12:28:00-05:00,98.26848,98.28848,98.23737,98.25737,1000
2026-01-15T12:29:00-05:00,98.28890,98.31435,98.26890,98.29435,1000
2026-01-15T12:30:00-05:00,98.31231,98.35373,98.29231,98.33373,1000
2026-01-15T12:31:00-05:00,98.33955,98.39457,98.31955,98.37457,1000
2026-01-15T12:32:00-05:00,98.37128,98.43605,98.35128,98.41605,1000
2026-01-15T12:33:00-05:00,98.40798,98.47757,98.38798,98.45757,1000
2026-01-15T12:34:00-05:00,98.44982,98.51877,98.42982,98.49877,1000
2026-01-15T12:35:00-05:00,98.49669,98.55961,98.47669,98.53961,1000
2026-01-15T12:36:00-05:00,98.54816,98.60034,98.52816,98.58034,1000
2026-01-15T12:37:00-05:00,98.60356,98.64144,98.58356,98.62144,1000
2026-01-15T12:38:00-05:00,98.66201,98.68362,98.64201,98.66362,1000
2026-01-15T12:39:00-05:00,98.72250,98.74250,98.68767,98.70767,1000
2026-01-15T12:40:00-05:00,98.78403,98.80403,98.73440,98.75440,1000
2026-01-15T12:41:00-05:00,98.84567,98.86567,98.78450,98.80450,1000
2026-01-15T12:42:00-05:00,98.90669,98.92669,98.83850,98.85850,1000
2026-01-15T12:43:00-05:00,98.96659,98.98659,98.89669,98.91669,1000
2026-01-15T12:44:00-05:00,99.02514,99.04514,98.95903,98.97903,1000
2026-01-15T12:45:00-05:00,99.08245,99.10245,99.02520,99.04520,1000
2026-01-15T12:46:00-05:00,99.13888,99.15888,99.09459,99.11459,1000
2026-01-15T12:47:00-05:00,99.19502,99.21502,99.16636,99.18636,1000
2026-01-15T12:48:00-05:00,99.25160,99.27954,99.23160,99.25954,1000
2026-01-15T12:49:00-05:00,99.30942,99.35307,99.28942,99.33307,1000
2026-01-15T12:50:00-05:00,99.36921,99.42597,99.34921,99.40597,1000
2026-01-15T12:51:00-05:00,99.43156,99.49739,99.41156,99.47739,1000
2026-01-15T12:52:00-05:00,99.49684,99.56669,99.47684,99.54669,1000
2026-01-15T12:53:00-05:00,99.56515,99.63353,99.54515,99.61353,1000
2026-01-15T12:54:00-05:00,99.63627,99.69785,99.61627,99.67785,1000
2026-01-15T12:55:00-05:00,99.70969,99.75990,99.68969,99.73990,1000
2026-01-15T12:56:00-05:00,99.78466,99.82017,99.76466,99.80017,1000
2026-01-15T12:57:00-05:00,99.86024,99.88024,99.83935,99.85935,1000
2026-01-15T12:58:00-05:00,99.93539,99.95539,99.89819,99.91819,1000
2026-01-15T12:59:00-05:00,100.00909,100.02909,99.95747,99.97747,1000
2026-01-15T13:00:00-05:00,100.08041,100.10041,100.01786,100.03786,1000
2026-01-15T13:01:00-05:00,100.14863,100.16863,100.07983,100.09983,1000
2026-01-15T13:02:00-05:00,100.21328,100.23328,100.14360,100.16360,1000
2026-01-15T13:03:00-05:00,100.27417,100.29417,100.20909,100.22909,1000
2026-01-15T13:04:00-05:00,100.33146,100.35146,100.27592,100.29592,1000
2026-01-15T13:05:00-05:00,100.38553,100.40553,100.34346,100.36346,1000
2026-01-15T13:06:00-05:00,100.43702,100.45702,100.41084,100.43084,1000
2026-01-15T13:07:00-05:00,100.48668,100.51708,100.46668,100.49708,1000
2026-01-15T13:08:00-05:00,100.53531,100.58114,100.51531,100.56114,1000
2026-01-15T13:09:00-05:00,100.58366,100.64207,100.56366,100.62207,1000
2026-01-15T13:10:00-05:00,100.63231,100.69908,100.61231,100.67908,1000
2026-01-15T13:11:00-05:00,100.68162,100.75160,100.66162,100.73160,1000
2026-01-15T13:12:00-05:00,100.73166,100.79935,100.71166,100.77935,1000
2026-01-15T13:13:00-05:00,100.78223,100.84237,100.76223,100.82237,1000
2026-01-15T13:14:00-05:00,100.83281,100.88099,100.81281,100.86099,1000
2026-01-15T13:15:00-05:00,100.88265,100.91577,100.86265,100.89577,1000
2026-01-15T13:16:00-05:00,100.93085,100.95085,100.90746,100.92746,1000
2026-01-15T13:17:00-05:00,100.97643,100.99643,100.93690,100.95690,1000
2026-01-15T13:18:00-05:00,101.01841,101.03841,100.96489,100.98489,1000
2026-01-15T13:19:00-05:00,101.05596,101.07596,100.99215,101.01215,1000
2026-01-15T13:20:00-05:00,101.08846,101.10846,101.01918,101.03918,1000
2026-01-15T13:21:00-05:00,101.11554,101.13554,101.04621,101.06621,1000
2026-01-15T13:22:00-05:00,101.13716,101.15716,101.07321,101.09321,1000
2026-01-15T13:23:00-05:00,101.15355,101.17355,101.09982,101.11982,1000
2026-01-15T13:24:00-05:00,101.16524,101.18524,101.12544,101.14544,1000
2026-01-15T13:25:00-05:00,101.17296,101.19296,101.14928,101.16928,1000
2026-01-15T13:26:00-05:00,101.17756,101.21040,101.15756,101.19040,1000
2026-01-15T13:27:00-05:00,101.17994,101.22789,101.15994,101.20789,1000
2026-01-15T13:28:00-05:00,101.18090,101.24087,101.16090,101.22087,1000
2026-01-15T13:29:00-05:00,101.18109,101.24869,101.16109,101.22869,1000
2026-01-15T13:30:00-05:00,101.18093,101.25091,101.16093,101.23091,1000
2026-01-15T13:31:00-05:00,101.18053,101.24740,101.16053,101.22740,1000
2026-01-15T13:32:00-05:00,101.17974,101.23834,101.15974,101.21834,1000
2026-01-15T13:33:00-05:00,101.17810,101.22418,101.15810,101.20418,1000
2026-01-15T13:34:00-05:00,101.17495,101.20563,101.15495,101.18563,1000
2026-01-15T13:35:00-05:00,101.16945,101.18945,101.14356,101.16356,1000
2026-01-15T13:36:00-05:00,101.16072,101.18072,101.11891,101.13891,1000
2026-01-15T13:37:00-05:00,101.14791,101.16791,101.09258,101.11258,1000
2026-01-15T13:38:00-05:00,101.13032,101.15032,101.06536,101.08536,1000
2026-01-15T13:39:00-05:00,101.10746,101.12746,101.03782,101.05782,1000
2026-01-15T13:40:00-05:00,101.07912,101.09912,101.01026,101.03026,1000
2026-01-15T13:41:00-05:00,101.04539,101.06539,100.98270,101.00270,1000
2026-01-15T13:42:00-05:00,101.00668,101.02668,100.95485,100.97485,1000
2026-01-15T13:43:00-05:00,100.96364,100.98364,100.92618,100.94618,1000
2026-01-15T13:44:00-05:00,100.91714,100.93714,100.89596,100.91596,1000
2026-01-15T13:45:00-05:00,100.86813,100.90338,100.84813,100.88338,1000
2026-01-15T13:46:00-05:00,100.81762,100.86760,100.79762,100.84760,1000
2026-01-15T13:47:00-05:00,100.76648,100.82791,100.74648,100.80791,1000
2026-01-15T13:48:00-05:00,100.71544,100.78374,100.69544,100.76374,1000
2026-01-15T13:49:00-05:00,100.66496,100.73483,100.64496,100.71483,1000
2026-01-15T13:50:00-05:00,100.61523,100.68117,100.59523,100.66117,1000
2026-01-15T13:51:00-05:00,100.56612,100.62308,100.54612,100.60308,1000
2026-01-15T13:52:00-05:00,100.51726,100.56116,100.49726,100.54116,1000
2026-01-15T13:53:00-05:00,100.46801,100.49623,100.44801,100.47623,1000
2026-01-15T13:54:00-05:00,100.41764,100.43764,100.38927,100.40927,1000
2026-01-15T13:55:00-05:00,100.36533,100.38533,100.32129,100.34129,1000
2026-01-15T13:56:00-05:00,100.31035,100.33035,100.25329,100.27329,1000
2026-01-15T13:57:00-05:00,100.25209,100.27209,100.18608,100.20608,1000
2026-01-15T13:58:00-05:00,100.19018,100.21018,100.12029,100.14029,1000
2026-01-15T13:59:00-05:00,100.12452,100.14452,100.05626,100.07626,1000
2026-01-15T14:00:00-05:00,100.05535,100.07535,99.99401,100.01401,1000
2026-01-15T14:01:00-05:00,99.98315,100.00315,99.93329,99.95329,1000
2026-01-15T14:02:00-05:00,99.90869,99.92869,99.87359,99.89359,1000
2026-01-15T14:03:00-05:00,99.83291,99.85424,99.81291,99.83424,1000
2026-01-15T14:04:00-05:00,99.75685,99.79446,99.73685,99.77446,1000
2026-01-15T14:05:00-05:00,99.68153,99.73349,99.66153,99.71349,1000
2026-01-15T14:06:00-05:00,99.60787,99.67065,99.58787,99.65065,1000
2026-01-15T14:07:00-05:00,99.53661,99.60550,99.51661,99.58550,1000
2026-01-15T14:08:00-05:00,99.46820,99.53782,99.44820,99.51782,1000
2026-01-15T14:09:00-05:00,99.40282,99.46771,99.38282,99.44771,1000
2026-01-15T14:10:00-05:00,99.34034,99.39556,99.32034,99.37556,1000
2026-01-15T14:11:00-05:00,99.28035,99.32202,99.26035,99.30202,1000
2026-01-15T14:12:00-05:00,99.22225,99.24799,99.20225,99.22799,1000
2026-01-15T14:13:00-05:00,99.16528,99.18528,99.13445,99.15445,1000
2026-01-15T14:14:00-05:00,99.10865,99.12865,99.06244,99.08244,1000
2026-01-15T14:15:00-05:00,99.05165,99.07165,98.99295,99.01295,1000
2026-01-15T14:16:00-05:00,98.99370,99.01370,98.92677,98.94677,1000
2026-01-15T14:17:00-05:00,98.93448,98.95448,98.86449,98.88449,1000
2026-01-15T14:18:00-05:00,98.87394,98.89394,98.80638,98.82638,1000
2026-01-15T14:19:00-05:00,98.81232,98.83232,98.75244,98.77244,1000
2026-01-15T14:20:00-05:00,98.75016,98.77016,98.70234,98.72234,1000
2026-01-15T14:21:00-05:00,98.68823,98.70823,98.65554,98.67554,1000
2026-01-15T14:22:00-05:00,98.62748,98.65131,98.60748,98.63131,1000
2026-01-15T14:23:00-05:00,98.56891,98.60885,98.54891,98.58885,1000
2026-01-15T14:24:00-05:00,98.51351,98.56736,98.49351,98.54736,1000
2026-01-15T14:25:00-05:00,98.46215,98.52617,98.44215,98.50617,1000
2026-01-15T14:26:00-05:00,98.41547,98.48482,98.39547,98.46482,1000
2026-01-15T14:27:00-05:00,98.37385,98.44310,98.35385,98.42310,1000
2026-01-15T14:28:00-05:00,98.33737,98.40110,98.31737,98.38110,1000
2026-01-15T14:29:00-05:00,98.30581,98.35921,98.28581,98.33921,1000
2026-01-15T14:30:00-05:00,98.27866,98.31805,98.25866,98.29805,1000
2026-01-15T14:31:00-05:00,98.25524,98.27848,98.23524,98.25848,1000
2026-01-15T14:32:00-05:00,98.23471,98.25471,98.20144,98.22144,1000
2026-01-15T14:33:00-05:00,98.21622,98.23622,98.16791,98.18791,1000
2026-01-15T14:34:00-05:00,98.19900,98.21900,98.13876,98.15876,1000
2026-01-15T14:35:00-05:00,98.18244,98.20244,98.11470,98.13470,1000
2026-01-15T14:36:00-05:00,98.16617,98.18617,98.09619,98.11619,1000
2026-01-15T14:37:00-05:00,98.15010,98.17010,98.08339,98.10339,1000
2026-01-15T14:38:00-05:00,98.13445,98.15445,98.07614,98.09614,1000
2026-01-15T14:39:00-05:00,98.11971,98.13971,98.07402,98.09402,1000
2026-01-15T14:40:00-05:00,98.10659,98.12659,98.07634,98.09634,1000
2026-01-15T14:41:00-05:00,98.09596,98.12229,98.07596,98.10229,1000
2026-01-15T14:42:00-05:00,98.08873,98.13094,98.06873,98.11094,1000
2026-01-15T14:43:00-05:00,98.08579,98.14143,98.06579,98.12143,1000
2026-01-15T14:44:00-05:00,98.08787,98.15303,98.06787,98.13303,1000
2026-01-15T14:45:00-05:00,98.09550,98.16519,98.07550,98.14519,1000
2026-01-15T14:46:00-05:00,98.10890,98.17766,98.08890,98.15766,1000
2026-01-15T14:47:00-05:00,98.12800,98.19047,98.10800,98.17047,1000
2026-01-15T14:48:00-05:00,98.15244,98.20393,98.13244,98.18393,1000
2026-01-15T14:49:00-05:00,98.18158,98.21863,98.16158,98.19863,1000
2026-01-15T14:50:00-05:00,98.21460,98.23533,98.19460,98.21533,1000
2026-01-15T14:51:00-05:00,98.25054,98.27054,98.21487,98.23487,1000
2026-01-15T14:52:00-05:00,98.28846,98.30846,98.23812,98.25812,1000
2026-01-15T14:53:00-05:00,98.32751,98.34751,98.26583,98.28583,1000
2026-01-15T14:54:00-05:00,98.36699,98.38699,98.29857,98.31857,1000
2026-01-15T14:55:00-05:00,98.40648,98.42648,98.33665,98.35665,1000
2026-01-15T14:56:00-05:00,98.44584,98.46584,98.38007,98.40007,1000
2026-01-15T14:57:00-05:00,98.48521,98.50521,98.42855,98.44855,1000
2026-01-15T14:58:00-05:00,98.52501,98.54501,98.48150,98.50150,1000
2026-01-15T14:59:00-05:00,98.56590,98.58590,98.53812,98.55812,1000
2026-01-15T15:00:00-05:00,98.60865,98.63746,98.58865,98.61746,1000
2026-01-15T15:01:00-05:00,98.65408,98.69851,98.63408,98.67851,1000
2026-01-15T15:02:00-05:00,98.70296,98.76032,98.68296,98.74032,1000
2026-01-15T15:03:00-05:00,98.75591,98.82208,98.73591,98.80208,1000
2026-01-15T15:04:00-05:00,98.81330,98.88321,98.79330,98.86321,1000
2026-01-15T15:05:00-05:00,98.87524,98.94339,98.85524,98.92339,1000
2026-01-15T15:06:00-05:00,98.94152,99.00261,98.92152,98.98261,1000
2026-01-15T15:07:00-05:00,99.01164,99.06114,98.99164,99.04114,1000
2026-01-15T15:08:00-05:00,99.08485,99.11952,99.06485,99.09952,1000
2026-01-15T15:09:00-05:00,99.16021,99.18021,99.13844,99.15844,1000
2026-01-15T15:10:00-05:00,99.23671,99.25671,99.19868,99.21868,1000
2026-01-15T15:11:00-05:00,99.31332,99.33332,99.26102,99.28102,1000
2026-01-15T15:12:00-05:00,99.38913,99.40913,99.32612,99.34612,1000
2026-01-15T15:13:00-05:00,99.46343,99.48343,99.39445,99.41445,1000
2026-01-15T15:14:00-05:00,99.53576,99.55576,99.46619,99.48619,1000
2026-01-15T15:15:00-05:00,99.60597,99.62597,99.54127,99.56127,1000
2026-01-15T15:16:00-05:00,99.67418,99.69418,99.61927,99.63927,1000
2026-01-15T15:17:00-05:00,99.74081,99.76081,99.69954,99.71954,1000
2026-01-15T15:18:00-05:00,99.80647,99.82647,99.78118,99.80118,1000
2026-01-15T15:19:00-05:00,99.87192,99.90319,99.85192,99.88319,1000
2026-01-15T15:20:00-05:00,99.93794,99.98452,99.91794,99.96452,1000
2026-01-15T15:21:00-05:00,100.00523,100.06420,99.98523,100.04420,1000
2026-01-15T15:22:00-05:00,100.07434,100.14142,100.05434,100.12142,1000
2026-01-15T15:23:00-05:00,100.14560,100.21560,100.12560,100.19560,1000
2026-01-15T15:24:00-05:00,100.21904,100.28645,100.19904,100.26645,1000
2026-01-15T15:25:00-05:00,100.29437,100.35398,100.27437,100.33398,1000
2026-01-15T15:26:00-05:00,100.37106,100.41850,100.35106,100.39850,1000
2026-01-15T15:27:00-05:00,100.44829,100.48055,100.42829,100.46055,1000
2026-01-15T15:28:00-05:00,100.52512,100.54512,100.50084,100.52084,1000
2026-01-15T15:29:00-05:00,100.60050,100.62050,100.56016,100.58016,1000
2026-01-15T15:30:00-05:00,100.67345,100.69345,100.61928,100.63928,1000
2026-01-15T15:31:00-05:00,100.74307,100.76307,100.67884,100.69884,1000
2026-01-15T15:32:00-05:00,100.80871,100.82871,100.73929,100.75929,1000
2026-01-15T15:33:00-05:00,100.86996,100.88996,100.80079,100.82079,1000
2026-01-15T15:34:00-05:00,100.92674,100.94674,100.86322,100.88322,1000
2026-01-15T15:35:00-05:00,100.97924,100.99924,100.92618,100.94618,1000
2026-01-15T15:36:00-05:00,101.02795,101.04795,100.98898,101.00898,1000
2026-01-15T15:37:00-05:00,101.07355,101.09355,101.05075,101.07075,1000
2026-01-15T15:38:00-05:00,101.11682,101.15051,101.09682,101.13051,1000
2026-01-15T15:39:00-05:00,101.15859,101.20726,101.13859,101.18726,1000
2026-01-15T15:40:00-05:00,101.19960,101.26010,101.17960,101.24010,1000
2026-01-15T15:41:00-05:00,101.24043,101.30829,101.22043,101.28829,1000
2026-01-15T15:42:00-05:00,101.28140,101.35136,101.26140,101.33136,1000
2026-01-15T15:43:00-05:00,101.32255,101.38911,101.30255,101.36911,1000
2026-01-15T15:44:00-05:00,101.36364,101.42167,101.34364,101.40167,1000
2026-01-15T15:45:00-05:00,101.40413,101.44944,101.38413,101.42944,1000
2026-01-15T15:46:00-05:00,101.44327,101.47308,101.42327,101.45308,1000
2026-01-15T15:47:00-05:00,101.48015,101.50015,101.45339,101.47339,1000
2026-01-15T15:48:00-05:00,101.51383,101.53383,101.47122,101.49122,1000
2026-01-15T15:49:00-05:00,101.54338,101.56338,101.48743,101.50743,1000
2026-01-15T15:50:00-05:00,101.56804,101.58804,101.50270,101.52270,1000
2026-01-15T15:51:00-05:00,101.58726,101.60726,101.51752,101.53752,1000
2026-01-15T15:52:00-05:00,101.60078,101.62078,101.53212,101.55212,1000
2026-01-15T15:53:00-05:00,101.60864,101.62864,101.54642,101.56642,1000
2026-01-15T15:54:00-05:00,101.61119,101.63119,101.56004,101.58004,1000
2026-01-15T15:55:00-05:00,101.60902,101.62902,101.57239,101.59239,1000
2026-01-15T15:56:00-05:00,101.60294,101.62294,101.58265,101.60265,1000
2026-01-15T15:57:00-05:00,101.59386,101.62994,101.57386,101.60994,1000
2026-01-15T15:58:00-05:00,101.58267,101.63336,101.56267,101.61336,1000
2026-01-15T15:59:00-05:00,101.57022,101.63213,101.55022,101.61213,1000
2026-01-16T09:30:00-05:00,101.55713,101.62566,101.53713,101.60566,1000
2026-01-16T09:31:00-05:00,101.54380,101.61360,101.52380,101.59360,1000
2026-01-16T09:32:00-05:00,101.53033,101.59592,101.51033,101.57592,1000
2026-01-16T09:33:00-05:00,101.51653,101.57289,101.49653,101.55289,1000
2026-01-16T09:34:00-05:00,101.50195,101.54507,101.48195,101.52507,1000
2026-01-16T09:35:00-05:00,101.48588,101.51323,101.46588,101.49323,1000
2026-01-16T09:36:00-05:00,101.46754,101.48754,101.43830,101.45830,1000
2026-01-16T09:37:00-05:00,101.44606,101.46606,101.40125,101.42125,1000
2026-01-16T09:38:00-05:00,101.42065,101.44065,101.36300,101.38300,1000
2026-01-16T09:39:00-05:00,101.39068,101.41068,101.32433,101.34433,1000
2026-01-16T09:40:00-05:00,101.35574,101.37574,101.28580,101.30580,1000
2026-01-16T09:41:00-05:00,101.31571,101.33571,101.24768,101.26768,1000
2026-01-16T09:42:00-05:00,101.27079,101.29079,101.20995,101.22995,1000
2026-01-16T09:43:00-05:00,101.22146,101.24146,101.17231,101.19231,1000
2026-01-16T09:44:00-05:00,101.16845,101.18845,101.13420,101.15420,1000
2026-01-16T09:45:00-05:00,101.11268,101.13489,101.09268,101.11489,1000
2026-01-16T09:46:00-05:00,101.05516,101.09359,101.03516,101.07359,1000
2026-01-16T09:47:00-05:00,100.99688,101.04951,100.97688,101.02951,1000
2026-01-16T09:48:00-05:00,100.93874,101.00197,100.91874,100.98197,1000
2026-01-16T09:49:00-05:00,100.88142,100.95049,100.86142,100.93049,1000
2026-01-16T09:50:00-05:00,100.82536,100.89487,100.80536,100.87487,1000
2026-01-16T09:51:00-05:00,100.77071,100.83521,100.75071,100.81521,1000
2026-01-16T09:52:00-05:00,100.71730,100.77189,100.69730,100.75189,1000
2026-01-16T09:53:00-05:00,100.66472,100.70559,100.64472,100.68559,1000
2026-01-16T09:54:00-05:00,100.61232,100.63717,100.59232,100.61717,1000
2026-01-16T09:55:00-05:00,100.55935,100.57935,100.52766,100.54766,1000
2026-01-16T09:56:00-05:00,100.50504,100.52504,100.45808,100.47808,1000
2026-01-16T09:57:00-05:00,100.44865,100.46865,100.38940,100.40940,1000
2026-01-16T09:58:00-05:00,100.38966,100.40966,100.32244,100.34244,1000
2026-01-16T09:59:00-05:00,100.32775,100.34775,100.25775,100.27775,1000
2026-01-16T10:00:00-05:00,100.26289,100.28289,100.19562,100.21562,1000
2026-01-16T10:01:00-05:00,100.19537,100.21537,100.13604,100.15604,1000
2026-01-16T10:02:00-05:00,100.12576,100.14576,100.07869,100.09869,1000
2026-01-16T10:03:00-05:00,100.05486,100.07486,100.02304,100.04304,1000
2026-01-16T10:04:00-05:00,99.98365,100.00837,99.96365,99.98837,1000
2026-01-16T10:05:00-05:00,99.91316,99.95390,99.89316,99.93390,1000
2026-01-16T10:06:00-05:00,99.84440,99.89889,99.82440,99.87889,1000
2026-01-16T10:07:00-05:00,99.77826,99.84270,99.75826,99.82270,1000
2026-01-16T10:08:00-05:00,99.71542,99.78491,99.69542,99.76491,1000
2026-01-16T10:09:00-05:00,99.65627,99.72537,99.63627,99.70537,1000
2026-01-16T10:10:00-05:00,99.60092,99.66422,99.58092,99.64422,1000
2026-01-16T10:11:00-05:00,99.54918,99.60191,99.52918,99.58191,1000
2026-01-16T10:12:00-05:00,99.50057,99.53914,99.48057,99.51914,1000
2026-01-16T10:13:00-05:00,99.45444,99.47679,99.43444,99.45679,1000
2026-01-16T10:14:00-05:00,99.41001,99.43001,99.37589,99.39589,1000
2026-01-16T10:15:00-05:00,99.36647,99.38647,99.31744,99.33744,1000
2026-01-16T10:16:00-05:00,99.32313,99.34313,99.26238,99.28238,1000
2026-01-16T10:17:00-05:00,99.27944,99.29944,99.21145,99.23145,1000
2026-01-16T10:18:00-05:00,99.23509,99.25509,99.16515,99.18515,1000
2026-01-16T10:19:00-05:00,99.19009,99.21009,99.12369,99.14369,1000
2026-01-16T10:20:00-05:00,99.14471,99.16471,99.08697,99.10697,1000
2026-01-16T10:21:00-05:00,99.09953,99.11953,99.05460,99.07460,1000
2026-01-16T10:22:00-05:00,99.05533,99.07533,99.02595,99.04595,1000
2026-01-16T10:23:00-05:00,99.01305,99.04026,98.99305,99.02026,1000
2026-01-16T10:24:00-05:00,98.97368,99.01668,98.95368,98.99668,1000
2026-01-16T10:25:00-05:00,98.93816,98.99442,98.91816,98.97442,1000
2026-01-16T10:26:00-05:00,98.90729,98.97282,98.88729,98.95282,1000
2026-01-16T10:27:00-05:00,98.88163,98.95142,98.86163,98.93142,1000
2026-01-16T10:28:00-05:00,98.86148,98.93005,98.84148,98.91005,1000
2026-01-16T10:29:00-05:00,98.84683,98.90882,98.82683,98.88882,1000
2026-01-16T10:30:00-05:00,98.83734,98.88814,98.81734,98.86814,1000
2026-01-16T10:31:00-05:00,98.83246,98.86868,98.81246,98.84868,1000
2026-01-16T10:32:00-05:00,98.83141,98.85141,98.81126,98.83126,1000
2026-01-16T10:33:00-05:00,98.83332,98.85332,98.79681,98.81681,1000
2026-01-16T10:34:00-05:00,98.83731,98.85731,98.78627,98.80627,1000
2026-01-16T10:35:00-05:00,98.84260,98.86260,98.78044,98.80044,1000
2026-01-16T10:36:00-05:00,98.84859,98.86859,98.77996,98.79996,1000
2026-01-16T10:37:00-05:00,98.85493,98.87493,98.78518,98.80518,1000
2026-01-16T10:38:00-05:00,98.86157,98.88157,98.79617,98.81617,1000
2026-01-16T10:39:00-05:00,98.86873,98.88873,98.81268,98.83268,1000
2026-01-16T10:40:00-05:00,98.87691,98.89691,98.83419,98.85419,1000
2026-01-16T10:41:00-05:00,98.88685,98.90685,98.85994,98.87994,1000
2026-01-16T10:42:00-05:00,98.89938,98.92906,98.87938,98.90906,1000
2026-01-16T10:43:00-05:00,98.91539,98.96059,98.89539,98.94059,1000
2026-01-16T10:44:00-05:00,98.93570,98.99364,98.91570,98.97364,1000
2026-01-16T10:45:00-05:00,98.96098,99.02749,98.94098,99.00749,1000
2026-01-16T10:46:00-05:00,98.99165,99.06160,98.97165,99.04160,1000
2026-01-16T10:47:00-05:00,99.02785,99.09575,99.00785,99.07575,1000
2026-01-16T10:48:00-05:00,99.06942,99.13000,99.04942,99.11000,1000
2026-01-16T10:49:00-05:00,99.11589,99.16467,99.09589,99.14467,1000
2026-01-16T10:50:00-05:00,99.16654,99.20037,99.14654,99.18037,1000
2026-01-16T10:51:00-05:00,99.22050,99.24050,99.19784,99.21784,1000
2026-01-16T10:52:00-05:00,99.27676,99.29676,99.23791,99.25791,1000
2026-01-16T10:53:00-05:00,99.33437,99.35437,99.28140,99.30140,1000
2026-01-16T10:54:00-05:00,99.39246,99.41246,99.32901,99.34901,1000
2026-01-16T10:55:00-05:00,99.45036,99.47036,99.38121,99.40121,1000
2026-01-16T10:56:00-05:00,99.50768,99.52768,99.43823,99.45823,1000
2026-01-16T10:57:00-05:00,99.56429,99.58429,99.50000,99.52000,1000
2026-01-16T10:58:00-05:00,99.62039,99.64039,99.56613,99.58613,1000
2026-01-16T10:59:00-05:00,99.67642,99.69642,99.63595,99.65595,1000
2026-01-16T11:00:00-05:00,99.73303,99.75303,99.70862,99.72862,1000
2026-01-16T11:01:00-05:00,99.79100,99.82312,99.77100,99.80312,1000
2026-01-16T11:02:00-05:00,99.85112,99.89845,99.83112,99.87845,1000
2026-01-16T11:03:00-05:00,99.91411,99.97364,99.89411,99.95364,1000
2026-01-16T11:04:00-05:00,99.98053,100.04790,99.96053,100.02790,1000
2026-01-16T11:05:00-05:00,100.05069,100.12069,100.03069,100.10069,1000
2026-01-16T11:06:00-05:00,100.12461,100.19173,100.10461,100.17173,1000
2026-01-16T11:07:00-05:00,100.20200,100.26106,100.18200,100.24106,1000
2026-01-16T11:08:00-05:00,100.28229,100.32899,100.26229,100.30899,1000
2026-01-16T11:09:00-05:00,100.36468,100.39608,100.34468,100.37608,1000
2026-01-16T11:10:00-05:00,100.44820,100.46820,100.42304,100.44304,1000
2026-01-16T11:11:00-05:00,100.53180,100.55180,100.49065,100.51065,1000
2026-01-16T11:12:00-05:00,100.61447,100.63447,100.55966,100.57966,1000
2026-01-16T11:13:00-05:00,100.69533,100.71533,100.63069,100.65069,1000
2026-01-16T11:14:00-05:00,100.77370,100.79370,100.70415,100.72415,1000
2026-01-16T11:15:00-05:00,100.84919,100.86919,100.78018,100.80018,1000
2026-01-16T11:16:00-05:00,100.92168,100.94168,100.85861,100.87861,1000
2026-01-16T11:17:00-05:00,100.99139,101.01139,100.93899,100.95899,1000
2026-01-16T11:18:00-05:00,101.05876,101.07876,101.02060,101.04060,1000
2026-01-16T11:19:00-05:00,101.12444,101.14444,101.10253,101.12253,1000
2026-01-16T11:20:00-05:00,101.18922,101.22376,101.16922,101.20376,1000
2026-01-16T11:21:00-05:00,101.25386,101.30325,101.23386,101.28325,1000
2026-01-16T11:22:00-05:00,101.31905,101.38006,101.29905,101.36006,1000
2026-01-16T11:23:00-05:00,101.38533,101.45344,101.36533,101.43344,1000
2026-01-16T11:24:00-05:00,101.45294,101.52286,101.43294,101.50286,1000
2026-01-16T11:25:00-05:00,101.52189,101.58811,101.50189,101.56811,1000
2026-01-16T11:26:00-05:00,101.59184,101.64929,101.57184,101.62929,1000
2026-01-16T11:27:00-05:00,101.66221,101.70675,101.64221,101.68675,1000
2026-01-16T11:28:00-05:00,101.73217,101.76111,101.71217,101.74111,1000
2026-01-16T11:29:00-05:00,101.80075,101.82075,101.77311,101.79311,1000
2026-01-16T11:30:00-05:00,101.86696,101.88696,101.82357,101.84357,1000
2026-01-16T11:31:00-05:00,101.92981,101.94981,101.87324,101.89324,1000
2026-01-16T11:32:00-05:00,101.98849,102.00849,101.92278,101.94278,1000
2026-01-16T11:33:00-05:00,102.04240,102.06240,101.97258,101.99258,1000
2026-01-16T11:34:00-05:00,102.09123,102.11123,102.02278,102.04278,1000
2026-01-16T11:35:00-05:00,102.13498,102.15498,102.07323,102.09323,1000
2026-01-16T11:36:00-05:00,102.17393,102.19393,102.12348,102.14348,1000
2026-01-16T11:37:00-05:00,102.20864,102.22864,102.17284,102.19284,1000
2026-01-16T11:38:00-05:00,102.23984,102.26044,102.21984,102.24044,1000
2026-01-16T11:39:00-05:00,102.26838,102.30530,102.24838,102.28530,1000
2026-01-16T11:40:00-05:00,102.29508,102.34647,102.27508,102.32647,1000
2026-01-16T11:41:00-05:00,102.32070,102.38310,102.30070,102.36310,1000
2026-01-16T11:42:00-05:00,102.34580,102.41453,102.32580,102.39453,1000
2026-01-16T11:43:00-05:00,102.37068,102.44039,102.35068,102.42039,1000
2026-01-16T11:44:00-05:00,102.39535,102.46057,102.37535,102.44057,1000
2026-01-16T11:45:00-05:00,102.41955,102.47529,102.39955,102.45529,1000
2026-01-16T11:46:00-05:00,102.44272,102.48505,102.42272,102.46505,1000
2026-01-16T11:47:00-05:00,102.46410,102.49057,102.44410,102.47057,1000
2026-01-16T11:48:00-05:00,102.48281,102.50281,102.45270,102.47270,1000
2026-01-16T11:49:00-05:00,102.49792,102.51792,102.45235,102.47235,1000
2026-01-16T11:50:00-05:00,102.50859,102.52859,102.45036,102.47036,1000
2026-01-16T11:51:00-05:00,102.51411,102.53411,102.44745,102.46745,1000
2026-01-16T11:52:00-05:00,102.51404,102.53404,102.44407,102.46407,1000
2026-01-16T11:53:00-05:00,102.50820,102.52820,102.44043,102.46043,1000
2026-01-16T11:54:00-05:00,102.49674,102.51674,102.43642,102.45642,1000
2026-01-16T11:55:00-05:00,102.48009,102.50009,102.43166,102.45166,1000
2026-01-16T11:56:00-05:00,102.45893,102.47893,102.42553,102.44553,1000
2026-01-16T11:57:00-05:00,102.43413,102.45724,102.41413,102.43724,1000
2026-01-16T11:58:00-05:00,102.40665,102.44591,102.38665,102.42591,1000
2026-01-16T11:59:00-05:00,102.37741,102.43071,102.35741,102.41071,1000
2026-01-16T12:00:00-05:00,102.34725,102.41092,102.32725,102.39092,1000
2026-01-16T12:01:00-05:00,102.31679,102.38602,102.29679,102.36602,1000
2026-01-16T12:02:00-05:00,102.28639,102.35577,102.26639,102.33577,1000
2026-01-16T12:03:00-05:00,102.25615,102.32024,102.23615,102.30024,1000
2026-01-16T12:04:00-05:00,102.22583,102.27978,102.20583,102.25978,1000
2026-01-16T12:05:00-05:00,102.19496,102.23503,102.17496,102.21503,1000
2026-01-16T12:06:00-05:00,102.16286,102.18683,102.14286,102.16683,1000
2026-01-16T12:07:00-05:00,102.12872,102.14872,102.09617,102.11617,1000
2026-01-16T12:08:00-05:00,102.09173,102.11173,102.04403,102.06403,1000
2026-01-16T12:09:00-05:00,102.05115,102.07115,101.99135,102.01135,1000
2026-01-16T12:10:00-05:00,102.00641,102.02641,101.93890,101.95890,1000
2026-01-16T12:11:00-05:00,101.95718,101.97718,101.88719,101.90719,1000
2026-01-16T12:12:00-05:00,101.90344,101.92344,101.83647,101.85647,1000
2026-01-16T12:13:00-05:00,101.84547,101.86547,101.78668,101.80668,1000
2026-01-16T12:14:00-05:00,101.78382,101.80382,101.73749,101.75749,1000
2026-01-16T12:15:00-05:00,101.71929,101.73929,101.68833,101.70833,1000
2026-01-16T12:16:00-05:00,101.65286,101.67845,101.63286,101.65845,1000
2026-01-16T12:17:00-05:00,101.58554,101.62709,101.56554,101.60709,1000
2026-01-16T12:18:00-05:00,101.51834,101.57347,101.49834,101.55347,1000
2026-01-16T12:19:00-05:00,101.45214,101.51697,101.43214,101.49697,1000
2026-01-16T12:20:00-05:00,101.38759,101.45719,101.36759,101.43719,1000
2026-01-16T12:21:00-05:00,101.32508,101.39400,101.30508,101.37400,1000
2026-01-16T12:22:00-05:00,101.26470,101.32755,101.24470,101.30755,1000
2026-01-16T12:23:00-05:00,101.20625,101.25831,101.18625,101.23831,1000
2026-01-16T12:24:00-05:00,101.14926,101.18701,101.12926,101.16701,1000
2026-01-16T12:25:00-05:00,101.09309,101.11456,101.07309,101.09456,1000
2026-01-16T12:26:00-05:00,101.03695,101.05695,101.00199,101.02199,1000
2026-01-16T12:27:00-05:00,100.98009,101.00009,100.93034,100.95034,1000
2026-01-16T12:28:00-05:00,100.92181,100.94181,100.86055,100.88055,1000
2026-01-16T12:29:00-05:00,100.86162,100.88162,100.79339,100.81339,1000
2026-01-16T12:30:00-05:00,100.79926,100.81926,100.72937,100.74937,1000
2026-01-16T12:31:00-05:00,100.73476,100.75476,100.66870,100.68870,1000
2026-01-16T12:32:00-05:00,100.66847,100.68847,100.61132,100.63132,1000
2026-01-16T12:33:00-05:00,100.60100,100.62100,100.55684,100.57684,1000
2026-01-16T12:34:00-05:00,100.53320,100.55320,100.50469,100.52469,1000
2026-01-16T12:35:00-05:00,100.46604,100.49412,100.44604,100.47412,1000
2026-01-16T12:36:00-05:00,100.40056,100.44434,100.38056,100.42434,1000
2026-01-16T12:37:00-05:00,100.33774,100.39460,100.31774,100.37460,1000
2026-01-16T12:38:00-05:00,100.27842,100.34431,100.25842,100.32431,1000
2026-01-16T12:39:00-05:00,100.22321,100.29306,100.20321,100.27306,1000
2026-01-16T12:40:00-05:00,100.17243,100.24077,100.15243,100.22077,1000
2026-01-16T12:41:00-05:00,100.12610,100.18761,100.10610,100.16761,1000
2026-01-16T12:42:00-05:00,100.08396,100.13406,100.06396,100.11406,1000
2026-01-16T12:43:00-05:00,100.04548,100.08085,100.02548,100.06085,1000
2026-01-16T12:44:00-05:00,100.00994,100.02994,99.98890,100.00890,1000
2026-01-16T12:45:00-05:00,99.97652,99.99652,99.93918,99.95918,1000
2026-01-16T12:46:00-05:00,99.94442,99.96442,99.89269,99.91269,1000
2026-01-16T12:47:00-05:00,99.91293,99.93293,99.85031,99.87031,1000
2026-01-16T12:48:00-05:00,99.88153,99.90153,99.81270,99.83270,1000
2026-01-16T12:49:00-05:00,99.84995,99.86995,99.78029,99.80029,1000
2026-01-16T12:50:00-05:00,99.81821,99.83821,99.75318,99.77318,1000
2026-01-16T12:51:00-05:00,99.78663,99.80663,99.73120,99.75120,1000
2026-01-16T12:52:00-05:00,99.75579,99.77579,99.71386,99.73386,1000
2026-01-16T12:53:00-05:00,99.72651,99.74651,99.70048,99.72048,1000
2026-01-16T12:54:00-05:00,99.69969,99.73024,99.67969,99.71024,1000
2026-01-16T12:55:00-05:00,99.67630,99.72225,99.65630,99.70225,1000
2026-01-16T12:56:00-05:00,99.65721,99.71572,99.63721,99.69572,1000
2026-01-16T12:57:00-05:00,99.64316,99.70999,99.62316,99.68999,1000
2026-01-16T12:58:00-05:00,99.63463,99.70462,99.61463,99.68462,1000
2026-01-16T12:59:00-05:00,99.63181,99.69945,99.61181,99.67945,1000
2026-01-16T13:00:00-05:00,99.63459,99.69464,99.61459,99.67464,1000
2026-01-16T13:01:00-05:00,99.64256,99.69061,99.62256,99.67061,1000
2026-01-16T13:02:00-05:00,99.65506,99.68803,99.63506,99.66803,1000
2026-01-16T13:03:00-05:00,99.67127,99.69127,99.64772,99.66772,1000
2026-01-16T13:04:00-05:00,99.69026,99.71026,99.65059,99.67059,1000
2026-01-16T13:05:00-05:00,99.71113,99.73113,99.65751,99.67751,1000
2026-01-16T13:06:00-05:00,99.73310,99.75310,99.66922,99.68922,1000
2026-01-16T13:07:00-05:00,99.75559,99.77559,99.68628,99.70628,1000
2026-01-16T13:08:00-05:00,99.77825,99.79825,99.70894,99.72894,1000
2026-01-16T13:09:00-05:00,99.80105,99.82105,99.73718,99.75718,1000
2026-01-16T13:10:00-05:00,99.82426,99.84426,99.77064,99.79064,1000
2026-01-16T13:11:00-05:00,99.84839,99.86839,99.80873,99.82873,1000
2026-01-16T13:12:00-05:00,99.87415,99.89415,99.85062,99.87062,1000
2026-01-16T13:13:00-05:00,99.90238,99.93536,99.88238,99.91536,1000
2026-01-16T13:14:00-05:00,99.93392,99.98199,99.91392,99.96199,1000
2026-01-16T13:15:00-05:00,99.96955,100.02961,99.94955,100.00961,1000
2026-01-16T13:16:00-05:00,100.00983,100.07748,99.98983,100.05748,1000
2026-01-16T13:17:00-05:00,100.05513,100.12511,100.03513,100.10511,1000
2026-01-16T13:18:00-05:00,100.10548,100.17230,100.08548,100.15230,1000
2026-01-16T13:19:00-05:00,100.16062,100.21912,100.14062,100.19912,1000
2026-01-16T13:20:00-05:00,100.22000,100.26595,100.20000,100.24595,1000
2026-01-16T13:21:00-05:00,100.28285,100.31339,100.26285,100.29339,1000
2026-01-16T13:22:00-05:00,100.34822,100.36822,100.32218,100.34218,1000
2026-01-16T13:23:00-05:00,100.41508,100.43508,100.37314,100.39314,1000
2026-01-16T13:24:00-05:00,100.48247,100.50247,100.42703,100.44703,1000
2026-01-16T13:25:00-05:00,100.54952,100.56952,100.48449,100.50449,1000
2026-01-16T13:26:00-05:00,100.61561,100.63561,100.54594,100.56594,1000
2026-01-16T13:27:00-05:00,100.68035,100.70035,100.61152,100.63152,1000
2026-01-16T13:28:00-05:00,100.74368,100.76368,100.68106,100.70106,1000
2026-01-16T13:29:00-05:00,100.80582,100.82582,100.75410,100.77410,1000
2026-01-16T13:30:00-05:00,100.86725,100.88725,100.82993,100.84993,1000
2026-01-16T13:31:00-05:00,100.92864,100.94864,100.90761,100.92761,1000
2026-01-16T13:32:00-05:00,100.99076,101.02614,100.97076,101.00614,1000
2026-01-16T13:33:00-05:00,101.05438,101.10448,101.03438,101.08448,1000
2026-01-16T13:34:00-05:00,101.12018,101.18169,101.10018,101.16169,1000
2026-01-16T13:35:00-05:00,101.18867,101.25702,101.16867,101.23702,1000
2026-01-16T13:36:00-05:00,101.26009,101.32995,101.24009,101.30995,1000
2026-01-16T13:37:00-05:00,101.33439,101.40027,101.31439,101.38027,1000
2026-01-16T13:38:00-05:00,101.41122,101.46807,101.39122,101.44807,1000
2026-01-16T13:39:00-05:00,101.48995,101.53372,101.46995,101.51372,1000
2026-01-16T13:40:00-05:00,101.56973,101.59780,101.54973,101.57780,1000
2026-01-16T13:41:00-05:00,101.64957,101.66957,101.62105,101.64105,1000
2026-01-16T13:42:00-05:00,101.72842,101.74842,101.68425,101.70425,1000
2026-01-16T13:43:00-05:00,101.80529,101.82529,101.74813,101.76813,1000
2026-01-16T13:44:00-05:00,101.87934,101.89934,101.81328,101.83328,1000
2026-01-16T13:45:00-05:00,101.94995,101.96995,101.88006,101.90006,1000
2026-01-16T13:46:00-05:00,102.01679,102.03679,101.94856,101.96856,1000
2026-01-16T13:47:00-05:00,102.07982,102.09982,102.01856,102.03856,1000
2026-01-16T13:48:00-05:00,102.13930,102.15930,102.08956,102.10956,1000
2026-01-16T13:49:00-05:00,102.19575,102.21575,102.16080,102.18080,1000
2026-01-16T13:50:00-05:00,102.24988,102.27136,102.22988,102.25136,1000
2026-01-16T13:51:00-05:00,102.30246,102.34021,102.28246,102.32021,1000
2026-01-16T13:52:00-05:00,102.35428,102.40635,102.33428,102.38635,1000
2026-01-16T13:53:00-05:00,102.40603,102.46888,102.38603,102.44888,1000
2026-01-16T13:54:00-05:00,102.45819,102.52712,102.43819,102.50712,1000
2026-01-16T13:55:00-05:00,102.51100,102.58061,102.49100,102.56061,1000
2026-01-16T13:56:00-05:00,102.56440,102.62923,102.54440,102.60923,1000
2026-01-16T13:57:00-05:00,102.61803,102.67315,102.59803,102.65315,1000
2026-01-16T13:58:00-05:00,102.67127,102.71281,102.65127,102.69281,1000
2026-01-16T13:59:00-05:00,102.72329,102.74888,102.70329,102.72888,1000
2026-01-16T14:00:00-05:00,102.77313,102.79313,102.74215,102.76215,1000
2026-01-16T14:01:00-05:00,102.81980,102.83980,102.77347,102.79347,1000
2026-01-16T14:02:00-05:00,102.86240,102.88240,102.80360,102.82360,1000
2026-01-16T14:03:00-05:00,102.90015,102.92015,102.83318,102.85318,1000
2026-01-16T14:04:00-05:00,102.93257,102.95257,102.86257,102.88257,1000
2026-01-16T14:05:00-05:00,102.95941,102.97941,102.89191,102.91191,1000
2026-01-16T14:06:00-05:00,102.98078,103.00078,102.92099,102.94099,1000
2026-01-16T14:07:00-05:00,102.99705,103.01705,102.94936,102.96936,1000
2026-01-16T14:08:00-05:00,103.00885,103.02885,102.97631,102.99631,1000
2026-01-16T14:09:00-05:00,103.01697,103.04096,102.99697,103.02096,1000
2026-01-16T14:10:00-05:00,103.02231,103.06238,103.00231,103.04238,1000
2026-01-16T14:11:00-05:00,103.02572,103.07967,103.00572,103.05967,1000
2026-01-16T14:12:00-05:00,103.02794,103.09203,103.00794,103.07203,1000
2026-01-16T14:13:00-05:00,103.02953,103.09891,103.00953,103.07891,1000
2026-01-16T14:14:00-05:00,103.03077,103.10001,103.01077,103.08001,1000
2026-01-16T14:15:00-05:00,103.03166,103.09532,103.01166,103.07532,1000
2026-01-16T14:16:00-05:00,103.03189,103.08518,103.01189,103.06518,1000
2026-01-16T14:17:00-05:00,103.03090,103.07015,103.01090,103.05015,1000
2026-01-16T14:18:00-05:00,103.02794,103.05103,103.00794,103.03103,1000
2026-01-16T14:19:00-05:00,103.02214,103.04214,102.98873,103.00873,1000
2026-01-16T14:20:00-05:00,103.01262,103.03262,102.96418,102.98418,1000
2026-01-16T14:21:00-05:00,102.99858,103.01858,102.93826,102.95826,1000
2026-01-16T14:22:00-05:00,102.97943,102.99943,102.91165,102.93165,1000
2026-01-16T14:23:00-05:00,102.95478,102.97478,102.88480,102.90480,1000
2026-01-16T14:24:00-05:00,102.92456,102.94456,102.85790,102.87790,1000
2026-01-16T14:25:00-05:00,102.88902,102.90902,102.83080,102.85080,1000
2026-01-16T14:26:00-05:00,102.84869,102.86869,102.80312,102.82312,1000
2026-01-16T14:27:00-05:00,102.80431,102.82431,102.77421,102.79421,1000
2026-01-16T14:28:00-05:00,102.75682,102.78330,102.73682,102.76330,1000
2026-01-16T14:29:00-05:00,102.70720,102.74954,102.68720,102.72954,1000
2026-01-16T14:30:00-05:00,102.65640,102.71215,102.63640,102.69215,1000
2026-01-16T14:31:00-05:00,102.60526,102.67048,102.58526,102.65048,1000
2026-01-16T14:32:00-05:00,102.55437,102.62408,102.53437,102.60408,1000
2026-01-16T14:33:00-05:00,102.50407,102.57281,102.48407,102.55281,1000
2026-01-16T14:34:00-05:00,102.45442,102.51681,102.43442,102.49681,1000
2026-01-16T14:35:00-05:00,102.40516,102.45654,102.38516,102.43654,1000
2026-01-16T14:36:00-05:00,102.35579,102.39270,102.33579,102.37270,1000
2026-01-16T14:37:00-05:00,102.30562,102.32620,102.28562,102.30620,1000
2026-01-16T14:38:00-05:00,102.25386,102.27386,102.21806,102.23806,1000
2026-01-16T14:39:00-05:00,102.19973,102.21973,102.14927,102.16927,1000
2026-01-16T14:40:00-05:00,102.14253,102.16253,102.08078,102.10078,1000
2026-01-16T14:41:00-05:00,102.08176,102.10176,102.01331,102.03331,1000
2026-01-16T14:42:00-05:00,102.01718,102.03718,101.94736,101.96736,1000
2026-01-16T14:43:00-05:00,101.94883,101.96883,101.88312,101.90312,1000
2026-01-16T14:44:00-05:00,101.87706,101.89706,101.82051,101.84051,1000
2026-01-16T14:45:00-05:00,101.80251,101.82251,101.75913,101.77913,1000
2026-01-16T14:46:00-05:00,101.72603,101.74603,101.69839,101.71839,1000
2026-01-16T14:47:00-05:00,101.64861,101.67756,101.62861,101.65756,1000
2026-01-16T14:48:00-05:00,101.57130,101.61585,101.55130,101.59585,1000
2026-01-16T14:49:00-05:00,101.49508,101.55254,101.47508,101.53254,1000
2026-01-16T14:50:00-05:00,101.42080,101.48704,101.40080,101.46704,1000
2026-01-16T14:51:00-05:00,101.34908,101.41900,101.32908,101.39900,1000
2026-01-16T14:52:00-05:00,101.28025,101.34836,101.26025,101.32836,1000
2026-01-16T14:53:00-05:00,101.21433,101.27533,101.19433,101.25533,1000
2026-01-16T14:54:00-05:00,101.15107,101.20046,101.13107,101.18046,1000
2026-01-16T14:55:00-05:00,101.08996,101.12449,101.06996,101.10449,1000
2026-01-16T14:56:00-05:00,101.03031,101.05031,101.00839,101.02839,1000
2026-01-16T14:57:00-05:00,100.97135,100.99135,100.93318,100.95318,1000
2026-01-16T14:58:00-05:00,100.91229,100.93229,100.85988,100.87988,1000
2026-01-16T14:59:00-05:00,100.85249,100.87249,100.78940,100.80940,1000
2026-01-16T15:00:00-05:00,100.79147,100.81147,100.72246,100.74246,1000
2026-01-16T15:01:00-05:00,100.72903,100.74903,100.65948,100.67948,1000
2026-01-16T15:02:00-05:00,100.66526,100.68526,100.60063,100.62063,1000
2026-01-16T15:03:00-05:00,100.60054,100.62054,100.54574,100.56574,1000
2026-01-16T15:04:00-05:00,100.53553,100.55553,100.49439,100.51439,1000
2026-01-16T15:05:00-05:00,100.47108,100.49108,100.44594,100.46594,1000
2026-01-16T15:06:00-05:00,100.40819,100.43959,100.38819,100.41959,1000
2026-01-16T15:07:00-05:00,100.34785,100.39456,100.32785,100.37456,1000
2026-01-16T15:08:00-05:00,100.29102,100.35009,100.27102,100.33009,1000
2026-01-16T15:09:00-05:00,100.23846,100.30559,100.21846,100.28559,1000
2026-01-16T15:10:00-05:00,100.19072,100.26072,100.17072,100.24072,1000
2026-01-16T15:11:00-05:00,100.14803,100.21539,100.12803,100.19539,1000
2026-01-16T15:12:00-05:00,100.11032,100.16984,100.09032,100.14984,1000
2026-01-16T15:13:00-05:00,100.07725,100.12457,100.05725,100.10457,1000
2026-01-16T15:14:00-05:00,100.04822,100.08033,100.02822,100.06033,1000
2026-01-16T15:15:00-05:00,100.02244,100.04244,99.99802,100.01802,1000
2026-01-16T15:16:00-05:00,99.99909,100.01909,99.95861,99.97861,1000
2026-01-16T15:17:00-05:00,99.97731,99.99731,99.92304,99.94304,1000
2026-01-16T15:18:00-05:00,99.95642,99.97642,99.89213,99.91213,1000
2026-01-16T15:19:00-05:00,99.93591,99.95591,99.86646,99.88646,1000
2026-01-16T15:20:00-05:00,99.91552,99.93552,99.84637,99.86637,1000
2026-01-16T15:21:00-05:00,99.89532,99.91532,99.83188,99.85188,1000
2026-01-16T15:22:00-05:00,99.87565,99.89565,99.82269,99.84269,1000
2026-01-16T15:23:00-05:00,99.85710,99.87710,99.81826,99.83826,1000
2026-01-16T15:24:00-05:00,99.84048,99.86048,99.81783,99.83783,1000
2026-01-16T15:25:00-05:00,99.82669,99.86052,99.80669,99.84052,1000
2026-01-16T15:26:00-05:00,99.81663,99.86543,99.79663,99.84543,1000
2026-01-16T15:27:00-05:00,99.81115,99.87173,99.79115,99.85173,1000
2026-01-16T15:28:00-05:00,99.81088,99.87878,99.79088,99.85878,1000
2026-01-16T15:29:00-05:00,99.81621,99.88616,99.79621,99.86616,1000
2026-01-16T15:30:00-05:00,99.82724,99.89375,99.80724,99.87375,1000
2026-01-16T15:31:00-05:00,99.84377,99.90170,99.82377,99.88170,1000
2026-01-16T15:32:00-05:00,99.86528,99.91047,99.84528,99.89047,1000
2026-01-16T15:33:00-05:00,99.89106,99.92073,99.87106,99.90073,1000
2026-01-16T15:34:00-05:00,99.92020,99.94020,99.89328,99.91328,1000
2026-01-16T15:35:00-05:00,99.95175,99.97175,99.90901,99.92901,1000
2026-01-16T15:36:00-05:00,99.98479,100.00479,99.92873,99.94873,1000
2026-01-16T15:37:00-05:00,100.01853,100.03853,99.95312,99.97312,1000
2026-01-16T15:38:00-05:00,100.05240,100.07240,99.98264,100.00264,1000
2026-01-16T15:39:00-05:00,100.08609,100.10609,100.01746,100.03746,1000
2026-01-16T15:40:00-05:00,100.11960,100.13960,100.05745,100.07745,1000
2026-01-16T15:41:00-05:00,100.15322,100.17322,100.10219,100.12219,1000
2026-01-16T15:42:00-05:00,100.18746,100.20746,100.15097,100.17097,1000
2026-01-16T15:43:00-05:00,100.22306,100.24306,100.20292,100.22292,1000
2026-01-16T15:44:00-05:00,100.26082,100.29705,100.24082,100.27705,1000
2026-01-16T15:45:00-05:00,100.30155,100.35236,100.28155,100.33236,1000
2026-01-16T15:46:00-05:00,100.34597,100.40796,100.32597,100.38796,1000
2026-01-16T15:47:00-05:00,100.39458,100.46314,100.37458,100.44314,1000
2026-01-16T15:48:00-05:00,100.44764,100.51743,100.42764,100.49743,1000
2026-01-16T15:49:00-05:00,100.50512,100.57064,100.48512,100.55064,1000
2026-01-16T15:50:00-05:00,100.56667,100.62292,100.54667,100.60292,1000
2026-01-16T15:51:00-05:00,100.63167,100.67466,100.61167,100.65466,1000
2026-01-16T15:52:00-05:00,100.69927,100.72646,100.67927,100.70646,1000
2026-01-16T15:53:00-05:00,100.76848,100.78848,100.73909,100.75909,1000
2026-01-16T15:54:00-05:00,100.83828,100.85828,100.79334,100.81334,1000
2026-01-16T15:55:00-05:00,100.90768,100.92768,100.84993,100.86993,1000
2026-01-16T15:56:00-05:00,100.97585,100.99585,100.90945,100.92945,1000
2026-01-16T15:57:00-05:00,101.04219,101.06219,100.97225,100.99225,1000
2026-01-16T15:58:00-05:00,101.10638,101.12638,101.03839,101.05839,1000
2026-01-16T15:59:00-05:00,101.16839,101.18839,101.10764,101.12764,1000
2026-01-19T09:30:00-05:00,101.22850,101.24850,101.17947,101.19947,1000
2026-01-19T09:31:00-05:00,101.28722,101.30722,101.25311,101.27311,1000
2026-01-19T09:32:00-05:00,101.34524,101.36760,101.32524,101.34760,1000
2026-01-19T09:33:00-05:00,101.40333,101.44191,101.38333,101.42191,1000
2026-01-19T09:34:00-05:00,101.46226,101.51500,101.44226,101.49500,1000
2026-01-19T09:35:00-05:00,101.52267,101.58598,101.50267,101.56598,1000
2026-01-19T09:36:00-05:00,101.58502,101.65412,101.56502,101.63412,1000
2026-01-19T09:37:00-05:00,101.64949,101.71898,101.62949,101.69898,1000
2026-01-19T09:38:00-05:00,101.71599,101.78042,101.69599,101.76042,1000
2026-01-19T09:39:00-05:00,101.78409,101.83857,101.76409,101.81857,1000
2026-01-19T09:40:00-05:00,101.85313,101.89387,101.83313,101.87387,1000
2026-01-19T09:41:00-05:00,101.92223,101.94694,101.90223,101.92694,1000
2026-01-19T09:42:00-05:00,101.99038,102.01038,101.95854,101.97854,1000
2026-01-19T09:43:00-05:00,102.05656,102.07656,102.00948,102.02948,1000
2026-01-19T09:44:00-05:00,102.11980,102.13980,102.06046,102.08046,1000
2026-01-19T09:45:00-05:00,102.17932,102.19932,102.11204,102.13204,1000
2026-01-19T09:46:00-05:00,102.23456,102.25456,102.16456,102.18456,1000
2026-01-19T09:47:00-05:00,102.28528,102.30528,102.21806,102.23806,1000
2026-01-19T09:48:00-05:00,102.33151,102.35151,102.27227,102.29227,1000
2026-01-19T09:49:00-05:00,102.37360,102.39360,102.32665,102.34665,1000
2026-01-19T09:50:00-05:00,102.41211,102.43211,102.38043,102.40043,1000
2026-01-19T09:51:00-05:00,102.44781,102.47268,102.42781,102.45268,1000
2026-01-19T09:52:00-05:00,102.48150,102.52238,102.46150,102.50238,1000
2026-01-19T09:53:00-05:00,102.51399,102.56859,102.49399,102.54859,1000
2026-01-19T09:54:00-05:00,102.54595,102.61045,102.52595,102.59045,1000
2026-01-19T09:55:00-05:00,102.57784,102.64735,102.55784,102.62735,1000
2026-01-19T09:56:00-05:00,102.60986,102.67893,102.58986,102.65893,1000
2026-01-19T09:57:00-05:00,102.64194,102.70516,102.62194,102.68516,1000
2026-01-19T09:58:00-05:00,102.67367,102.72630,102.65367,102.70630,1000
2026-01-19T09:59:00-05:00,102.70443,102.74286,102.68443,102.72286,1000
2026-01-19T10:00:00-05:00,102.73337,102.75558,102.71337,102.73558,1000
2026-01-19T10:01:00-05:00,102.75956,102.77956,102.72530,102.74530,1000
2026-01-19T10:02:00-05:00,102.78205,102.80205,102.73289,102.75289,1000
2026-01-19T10:03:00-05:00,102.79998,102.81998,102.73914,102.75914,1000
2026-01-19T10:04:00-05:00,102.81268,102.83268,102.74465,102.76465,1000
2026-01-19T10:05:00-05:00,102.81972,102.83972,102.74979,102.76979,1000
2026-01-19T10:06:00-05:00,102.82099,102.84099,102.75465,102.77465,1000
2026-01-19T10:07:00-05:00,102.81666,102.83666,102.75902,102.77902,1000
2026-01-19T10:08:00-05:00,102.80721,102.82721,102.76241,102.78241,1000
2026-01-19T10:09:00-05:00,102.79334,102.81334,102.76411,102.78411,1000
2026-01-19T10:10:00-05:00,102.77592,102.80327,102.75592,102.78327,1000
2026-01-19T10:11:00-05:00,102.75585,102.79898,102.73585,102.77898,1000
2026-01-19T10:12:00-05:00,102.73404,102.79040,102.71404,102.77040,1000
2026-01-19T10:13:00-05:00,102.71121,102.77680,102.69121,102.75680,1000
2026-01-19T10:14:00-05:00,102.68792,102.75772,102.66792,102.73772,1000
2026-01-19T10:15:00-05:00,102.66442,102.73294,102.64442,102.71294,1000
2026-01-19T10:16:00-05:00,102.64067,102.70258,102.62067,102.68258,1000
2026-01-19T10:17:00-05:00,102.61636,102.66704,102.59636,102.64704,1000
2026-01-19T10:18:00-05:00,102.59092,102.62700,102.57092,102.60700,1000
2026-01-19T10:19:00-05:00,102.56360,102.58360,102.54330,102.56330,1000
2026-01-19T10:20:00-05:00,102.53354,102.55354,102.49690,102.51690,1000
2026-01-19T10:21:00-05:00,102.49993,102.51993,102.44877,102.46877,1000
2026-01-19T10:22:00-05:00,102.46202,102.48202,102.39978,102.41978,1000
2026-01-19T10:23:00-05:00,102.41928,102.43928,102.35061,102.37061,1000
2026-01-19T10:24:00-05:00,102.37143,102.39143,102.30169,102.32169,1000
2026-01-19T10:25:00-05:00,102.31849,102.33849,102.25316,102.27316,1000
2026-01-19T10:26:00-05:00,102.26081,102.28081,102.20486,102.22486,1000
2026-01-19T10:27:00-05:00,102.19897,102.21897,102.15638,102.17638,1000
2026-01-19T10:28:00-05:00,102.13382,102.15382,102.10706,102.12706,1000
2026-01-19T10:29:00-05:00,102.06632,102.09615,102.04632,102.07615,1000
2026-01-19T10:30:00-05:00,101.99750,102.04282,101.97750,102.02282,1000
2026-01-19T10:31:00-05:00,101.92830,101.98633,101.90830,101.96633,1000
2026-01-19T10:32:00-05:00,101.85953,101.92609,101.83953,101.90609,1000
2026-01-19T10:33:00-05:00,101.79179,101.86175,101.77179,101.84175,1000
2026-01-19T10:34:00-05:00,101.72537,101.79323,101.70537,101.77323,1000
2026-01-19T10:35:00-05:00,101.66027,101.72076,101.64027,101.70076,1000
2026-01-19T10:36:00-05:00,101.59621,101.64487,101.57621,101.62487,1000
2026-01-19T10:37:00-05:00,101.53266,101.56634,101.51266,101.54634,1000
2026-01-19T10:38:00-05:00,101.46892,101.48892,101.44611,101.46611,1000
2026-01-19T10:39:00-05:00,101.40420,101.42420,101.36522,101.38522,1000
2026-01-19T10:40:00-05:00,101.33776,101.35776,101.28468,101.30468,1000
2026-01-19T10:41:00-05:00,101.26893,101.28893,101.20541,101.22541,1000
2026-01-19T10:42:00-05:00,101.19728,101.21728,101.12810,101.14810,1000
2026-01-19T10:43:00-05:00,101.12263,101.14263,101.05320,101.07320,1000
2026-01-19T10:44:00-05:00,101.04508,101.06508,100.98086,101.00086,1000
2026-01-19T10:45:00-05:00,100.96507,100.98507,100.91091,100.93091,1000
2026-01-19T10:46:00-05:00,100.88327,100.90327,100.84294,100.86294,1000
2026-01-19T10:47:00-05:00,100.80058,100.82058,100.77631,100.79631,1000
2026-01-19T10:48:00-05:00,100.71802,100.75028,100.69802,100.73028,1000
2026-01-19T10:49:00-05:00,100.63661,100.68407,100.61661,100.66407,1000
2026-01-19T10:50:00-05:00,100.55734,100.61696,100.53734,100.59696,1000
2026-01-19T10:51:00-05:00,100.48100,100.54841,100.46100,100.52841,1000
2026-01-19T10:52:00-05:00,100.40814,100.47813,100.38814,100.45813,1000
2026-01-19T10:53:00-05:00,100.33903,100.40610,100.31903,100.38610,1000
2026-01-19T10:54:00-05:00,100.27363,100.33260,100.25363,100.31260,1000
2026-01-19T10:55:00-05:00,100.21162,100.25819,100.19162,100.23819,1000
2026-01-19T10:56:00-05:00,100.15243,100.18368,100.13243,100.16368,1000
2026-01-19T10:57:00-05:00,100.09534,100.11534,100.07003,100.09003,1000
2026-01-19T10:58:00-05:00,100.03954,100.05954,99.99826,100.01826,1000
2026-01-19T10:59:00-05:00,99.98428,100.00428,99.92937,99.94937,1000
2026-01-19T11:00:00-05:00,99.92890,99.94890,99.86420,99.88420,1000
2026-01-19T11:01:00-05:00,99.87297,99.89297,99.80340,99.82340,1000
2026-01-19T11:02:00-05:00,99.81632,99.83632,99.74734,99.76734,1000
2026-01-19T11:03:00-05:00,99.75909,99.77909,99.69609,99.71609,1000
2026-01-19T11:04:00-05:00,99.70168,99.72168,99.64940,99.66940,1000
2026-01-19T11:05:00-05:00,99.64479,99.66479,99.60677,99.62677,1000
2026-01-19T11:06:00-05:00,99.58927,99.60927,99.56750,99.58750,1000
2026-01-19T11:07:00-05:00,99.53610,99.57078,99.51610,99.55078,1000
2026-01-19T11:08:00-05:00,99.48626,99.53577,99.46626,99.51577,1000
2026-01-19T11:09:00-05:00,99.44064,99.50173,99.42064,99.48173,1000
2026-01-19T11:10:00-05:00,99.39994,99.46809,99.37994,99.44809,1000
2026-01-19T11:11:00-05:00,99.36460,99.43451,99.34460,99.41451,1000
2026-01-19T11:12:00-05:00,99.33478,99.40095,99.31478,99.38095,1000
2026-01-19T11:13:00-05:00,99.31033,99.36768,99.29033,99.34768,1000
2026-01-19T11:14:00-05:00,99.29079,99.33521,99.27079,99.31521,1000
2026-01-19T11:15:00-05:00,99.27549,99.30429,99.25549,99.28429,1000
2026-01-19T11:16:00-05:00,99.26362,99.28362,99.23583,99.25583,1000
2026-01-19T11:17:00-05:00,99.25428,99.27428,99.21076,99.23076,1000
2026-01-19T11:18:00-05:00,99.24662,99.26662,99.18996,99.20996,1000
2026-01-19T11:19:00-05:00,99.23995,99.25995,99.17418,99.19418,1000
2026-01-19T11:20:00-05:00,99.23377,99.25377,99.16393,99.18393,1000
2026-01-19T11:21:00-05:00,99.22786,99.24786,99.15944,99.17944,1000
2026-01-19T11:22:00-05:00,99.22229,99.24229,99.16062,99.18062,1000
2026-01-19T11:23:00-05:00,99.21744,99.23744,99.16711,99.18711,1000
2026-01-19T11:24:00-05:00,99.21391,99.23391,99.17826,99.19826,1000
2026-01-19T11:25:00-05:00,99.21250,99.23324,99.19250,99.21324,1000
2026-01-19T11:26:00-05:00,99.21407,99.25113,99.19407,99.23113,1000
2026-01-19T11:27:00-05:00,99.21951,99.27101,99.19951,99.25101,1000
2026-01-19T11:28:00-05:00,99.22957,99.29204,99.20957,99.27204,1000
2026-01-19T11:29:00-05:00,99.24481,99.31357,99.22481,99.29357,1000
2026-01-19T11:30:00-05:00,99.26553,99.33523,99.24553,99.31523,1000
2026-01-19T11:31:00-05:00,99.29174,99.35689,99.27174,99.33689,1000
2026-01-19T11:32:00-05:00,99.32313,99.37877,99.30313,99.35877,1000
2026-01-19T11:33:00-05:00,99.35911,99.40131,99.33911,99.38131,1000
2026-01-19T11:34:00-05:00,99.39888,99.42520,99.37888,99.40520,1000
2026-01-19T11:35:00-05:00,99.44149,99.46149,99.41123,99.43123,1000
2026-01-19T11:36:00-05:00,99.48595,99.50595,99.44024,99.46024,1000
2026-01-19T11:37:00-05:00,99.53133,99.55133,99.47301,99.49301,1000
2026-01-19T11:38:00-05:00,99.57685,99.59685,99.51013,99.53013,1000
2026-01-19T11:39:00-05:00,99.62197,99.64197,99.55199,99.57199,1000
2026-01-19T11:40:00-05:00,99.66640,99.68640,99.59867,99.61867,1000
2026-01-19T11:41:00-05:00,99.71017,99.73017,99.64994,99.66994,1000
2026-01-19T11:42:00-05:00,99.75361,99.77361,99.70530,99.72530,1000
2026-01-19T11:43:00-05:00,99.79724,99.81724,99.76399,99.78399,1000
2026-01-19T11:44:00-05:00,99.84181,99.86506,99.82181,99.84506,1000
2026-01-19T11:45:00-05:00,99.88811,99.92750,99.86811,99.90750,1000
2026-01-19T11:46:00-05:00,99.93690,99.99030,99.91690,99.97030,1000
2026-01-19T11:47:00-05:00,99.98885,100.05259,99.96885,100.03259,1000
2026-01-19T11:48:00-05:00,100.04440,100.11366,100.02440,100.09366,1000
2026-01-19T11:49:00-05:00,100.10373,100.17309,100.08373,100.15309,1000
2026-01-19T11:50:00-05:00,100.16674,100.23076,100.14674,100.21076,1000
2026-01-19T11:51:00-05:00,100.23299,100.28683,100.21299,100.26683,1000
2026-01-19T11:52:00-05:00,100.30181,100.34174,100.28181,100.32174,1000
2026-01-19T11:53:00-05:00,100.37229,100.39612,100.35229,100.37612,1000
2026-01-19T11:54:00-05:00,100.44343,100.46343,100.41073,100.43073,1000
2026-01-19T11:55:00-05:00,100.51418,100.53418,100.46636,100.48636,1000
2026-01-19T11:56:00-05:00,100.58358,100.60358,100.52369,100.54369,1000
2026-01-19T11:57:00-05:00,100.65083,100.67083,100.58327,100.60327,1000
2026-01-19T11:58:00-05:00,100.71538,100.73538,100.64539,100.66539,1000
2026-01-19T11:59:00-05:00,100.77697,100.79697,100.71005,100.73005,1000
2026-01-19T12:00:00-05:00,100.83563,100.85563,100.77694,100.79694,1000
2026-01-19T12:01:00-05:00,100.89169,100.91169,100.84550,100.86550,1000
2026-01-19T12:02:00-05:00,100.94571,100.96571,100.91489,100.93489,1000
2026-01-19T12:03:00-05:00,100.99840,101.02415,100.97840,101.00415,1000
2026-01-19T12:04:00-05:00,101.05055,101.09223,101.03055,101.07223,1000
2026-01-19T12:05:00-05:00,101.10291,101.15814,101.08291,101.13814,1000
2026-01-19T12:06:00-05:00,101.15611,101.22101,101.13611,101.20101,1000
2026-01-19T12:07:00-05:00,101.21055,101.28018,101.19055,101.26018,1000
2026-01-19T12:08:00-05:00,101.26638,101.33527,101.24638,101.31527,1000
2026-01-19T12:09:00-05:00,101.32345,101.38622,101.30345,101.36622,1000
2026-01-19T12:10:00-05:00,101.38129,101.43323,101.36129,101.41323,1000
2026-01-19T12:11:00-05:00,101.43920,101.47681,101.41920,101.45681,1000
2026-01-19T12:12:00-05:00,101.49630,101.51762,101.47630,101.49762,1000
2026-01-19T12:13:00-05:00,101.55157,101.57157,101.51647,101.53647,1000
2026-01-19T12:14:00-05:00,101.60402,101.62402,101.55415,101.57415,1000
2026-01-19T12:15:00-05:00,101.65273,101.67273,101.59139,101.61139,1000
2026-01-19T12:16:00-05:00,101.69698,101.71698,101.62871,101.64871,1000
2026-01-19T12:17:00-05:00,101.73631,101.75631,101.66643,101.68643,1000
2026-01-19T12:18:00-05:00,101.77053,101.79053,101.70453,101.72453,1000
2026-01-19T12:19:00-05:00,101.79978,101.81978,101.74273,101.76273,1000
2026-01-19T12:20:00-05:00,101.82449,101.84449,101.78046,101.80046,1000
2026-01-19T12:21:00-05:00,101.84529,101.86529,101.81693,101.83693,1000
2026-01-19T12:22:00-05:00,101.86299,101.89122,101.84299,101.87122,1000
2026-01-19T12:23:00-05:00,101.87843,101.92235,101.85843,101.90235,1000
2026-01-19T12:24:00-05:00,101.89243,101.94940,101.87243,101.92940,1000
2026-01-19T12:25:00-05:00,101.90566,101.97160,101.88566,101.95160,1000
2026-01-19T12:26:00-05:00,101.91856,101.98843,101.89856,101.96843,1000
2026-01-19T12:27:00-05:00,101.93130,101.99961,101.91130,101.97961,1000
2026-01-19T12:28:00-05:00,101.94378,102.00521,101.92378,101.98521,1000
2026-01-19T12:29:00-05:00,101.95559,102.00557,101.93559,101.98557,1000
2026-01-19T12:30:00-05:00,101.96606,102.00130,101.94606,101.98130,1000
2026-01-19T12:31:00-05:00,101.97438,101.99438,101.95320,101.97320,1000
2026-01-19T12:32:00-05:00,101.97963,101.99963,101.94215,101.96215,1000
2026-01-19T12:33:00-05:00,101.98090,102.00090,101.92906,101.94906,1000
2026-01-19T12:34:00-05:00,101.97741,101.99741,101.91471,101.93471,1000
2026-01-19T12:35:00-05:00,101.96857,101.98857,101.89971,101.91971,1000
2026-01-19T12:36:00-05:00,101.95404,101.97404,101.88440,101.90440,1000
2026-01-19T12:37:00-05:00,101.93380,101.95380,101.86884,101.88884,1000
2026-01-19T12:38:00-05:00,101.90814,101.92814,101.85281,101.87281,1000
2026-01-19T12:39:00-05:00,101.87760,101.89760,101.83580,101.85580,1000
2026-01-19T12:40:00-05:00,101.84298,101.86298,101.81710,101.83710,1000
2026-01-19T12:41:00-05:00,101.80518,101.83587,101.78518,101.81587,1000
2026-01-19T12:42:00-05:00,101.76516,101.81125,101.74516,101.79125,1000
2026-01-19T12:43:00-05:00,101.72383,101.78243,101.70383,101.76243,1000
2026-01-19T12:44:00-05:00,101.68192,101.74880,101.66192,101.72880,1000
2026-01-19T12:45:00-05:00,101.63995,101.70994,101.61995,101.68994,1000
2026-01-19T12:46:00-05:00,101.59816,101.66576,101.57816,101.64576,1000
2026-01-19T12:47:00-05:00,101.55649,101.61646,101.53649,101.59646,1000
2026-01-19T12:48:00-05:00,101.51459,101.56253,101.49459,101.54253,1000
2026-01-19T12:49:00-05:00,101.47189,101.50471,101.45189,101.48471,1000
2026-01-19T12:50:00-05:00,101.42762,101.44762,101.40393,101.42393,1000
2026-01-19T12:51:00-05:00,101.38098,101.40098,101.34118,101.36118,1000
2026-01-19T12:52:00-05:00,101.33117,101.35117,101.27744,101.29744,1000
2026-01-19T12:53:00-05:00,101.27753,101.29753,101.21357,101.23357,1000
2026-01-19T12:54:00-05:00,101.21957,101.23957,101.15024,101.17024,1000
2026-01-19T12:55:00-05:00,101.15713,101.17713,101.08785,101.10785,1000
2026-01-19T12:56:00-05:00,101.09030,101.11030,101.02650,101.04650,1000
2026-01-19T12:57:00-05:00,101.01950,101.03950,100.96600,100.98600,1000
2026-01-19T12:58:00-05:00,100.94542,100.96542,100.90590,100.92590,1000
2026-01-19T12:59:00-05:00,100.86893,100.88893,100.84554,100.86554,1000
2026-01-19T13:00:00-05:00,100.79104,100.82416,100.77104,100.80416,1000
2026-01-19T13:01:00-05:00,100.71278,100.76097,100.69278,100.74097,1000
2026-01-19T13:02:00-05:00,100.63512,100.69527,100.61512,100.67527,1000
2026-01-19T13:03:00-05:00,100.55882,100.62651,100.53882,100.60651,1000
2026-01-19T13:04:00-05:00,100.48444,100.55442,100.46444,100.53442,1000
2026-01-19T13:05:00-05:00,100.41223,100.47899,100.39223,100.45899,1000
2026-01-19T13:06:00-05:00,100.34213,100.40054,100.32213,100.38054,1000
2026-01-19T13:07:00-05:00,100.27383,100.31965,100.25383,100.29965,1000
2026-01-19T13:08:00-05:00,100.20675,100.23714,100.18675,100.21714,1000
2026-01-19T13:09:00-05:00,100.14019,100.16019,100.11401,100.13401,1000
2026-01-19T13:10:00-05:00,100.07336,100.09336,100.03128,100.05128,1000
2026-01-19T13:11:00-05:00,100.00551,100.02551,99.94997,99.96997,1000
2026-01-19T13:12:00-05:00,99.93605,99.95605,99.87095,99.89095,1000
2026-01-19T13:13:00-05:00,99.86456,99.88456,99.79488,99.81488,1000
2026-01-19T13:14:00-05:00,99.79094,99.81094,99.72214,99.74214,1000
2026-01-19T13:15:00-05:00,99.71535,99.73535,99.65281,99.67281,1000
2026-01-19T13:16:00-05:00,99.63827,99.65827,99.58667,99.60667,1000
2026-01-19T13:17:00-05:00,99.56043,99.58043,99.52325,99.54325,1000
2026-01-19T13:18:00-05:00,99.48275,99.50275,99.46187,99.48187,1000
2026-01-19T13:19:00-05:00,99.40624,99.44176,99.38624,99.42176,1000
2026-01-19T13:20:00-05:00,99.33193,99.38215,99.31193,99.36215,1000
2026-01-19T13:21:00-05:00,99.26074,99.32233,99.24074,99.30233,1000
2026-01-19T13:22:00-05:00,99.19341,99.26179,99.17341,99.24179,1000
2026-01-19T13:23:00-05:00,99.13044,99.20028,99.11044,99.18028,1000
2026-01-19T13:24:00-05:00,99.07200,99.13782,99.05200,99.11782,1000
2026-01-19T13:25:00-05:00,99.01798,99.07474,98.99798,99.05474,1000
2026-01-19T13:26:00-05:00,98.96799,99.01164,98.94799,98.99164,1000
2026-01-19T13:27:00-05:00,98.92141,98.94933,98.90141,98.92933,1000
2026-01-19T13:28:00-05:00,98.87745,98.89745,98.84878,98.86878,1000
2026-01-19T13:29:00-05:00,98.83529,98.85529,98.79100,98.81100,1000
2026-01-19T13:30:00-05:00,98.79417,98.81417,98.73691,98.75691,1000
2026-01-19T13:31:00-05:00,98.75345,98.77345,98.68733,98.70733,1000
2026-01-19T13:32:00-05:00,98.71272,98.73272,98.64282,98.66282,1000
2026-01-19T13:33:00-05:00,98.67184,98.69184,98.60365,98.62365,1000
2026-01-19T13:34:00-05:00,98.63097,98.65097,98.56980,98.58980,1000
2026-01-19T13:35:00-05:00,98.59057,98.61057,98.54094,98.56094,1000
2026-01-19T13:36:00-05:00,98.55132,98.57132,98.51650,98.53650,1000
2026-01-19T13:37:00-05:00,98.51409,98.53571,98.49409,98.51571,1000
2026-01-19T13:38:00-05:00,98.47983,98.51772,98.45983,98.49772,1000
2026-01-19T13:39:00-05:00,98.44948,98.50166,98.42948,98.48166,1000
2026-01-19T13:40:00-05:00,98.42386,98.48679,98.40386,98.46679,1000
2026-01-19T13:41:00-05:00,98.40360,98.47255,98.38360,98.45255,1000
2026-01-19T13:42:00-05:00,98.38904,98.45863,98.36904,98.43863,1000
2026-01-19T13:43:00-05:00,98.38025,98.44501,98.36025,98.42501,1000
2026-01-19T13:44:00-05:00,98.37696,98.43197,98.35696,98.41197,1000
2026-01-19T13:45:00-05:00,98.37866,98.42006,98.35866,98.40006,1000
2026-01-19T13:46:00-05:00,98.38459,98.41003,98.36459,98.39003,1000
2026-01-19T13:47:00-05:00,98.39387,98.41387,98.36274,98.38274,1000
2026-01-19T13:48:00-05:00,98.40557,98.42557,98.35911,98.37911,1000
2026-01-19T13:49:00-05:00,98.41885,98.43885,98.35997,98.37997,1000
2026-01-19T13:50:00-05:00,98.43299,98.45299,98.36596,98.38596,1000
2026-01-19T13:51:00-05:00,98.44752,98.46752,98.37753,98.39753,1000
2026-01-19T13:52:00-05:00,98.46225,98.48225,98.39479,98.41479,1000
2026-01-19T13:53:00-05:00,98.47727,98.49727,98.41757,98.43757,1000
2026-01-19T13:54:00-05:00,98.49297,98.51297,98.44540,98.46540,1000
2026-01-19T13:55:00-05:00,98.50997,98.52997,98.47757,98.49757,1000
2026-01-19T13:56:00-05:00,98.52905,98.55318,98.50905,98.53318,1000
2026-01-19T13:57:00-05:00,98.55105,98.59126,98.53105,98.57126,1000
2026-01-19T13:58:00-05:00,98.57682,98.63087,98.55682,98.61087,1000
2026-01-19T13:59:00-05:00,98.60702,98.67118,98.58702,98.65118,1000
2026-01-19T14:00:00-05:00,98.64215,98.71156,98.62215,98.69156,1000
2026-01-19T14:01:00-05:00,98.68242,98.75163,98.66242,98.73163,1000
2026-01-19T14:02:00-05:00,98.72774,98.79133,98.70774,98.77133,1000
2026-01-19T14:03:00-05:00,98.77770,98.83087,98.75770,98.81087,1000
2026-01-19T14:04:00-05:00,98.83164,98.87075,98.81164,98.85075,1000
2026-01-19T14:05:00-05:00,98.88869,98.91164,98.86869,98.89164,1000
2026-01-19T14:06:00-05:00,98.94787,98.96787,98.91432,98.93432,1000
2026-01-19T14:07:00-05:00,99.00816,99.02816,98.95961,98.97961,1000
2026-01-19T14:08:00-05:00,99.06864,99.08864,99.00823,99.02823,1000
2026-01-19T14:09:00-05:00,99.12853,99.14853,99.06071,99.08071,1000
2026-01-19T14:10:00-05:00,99.18731,99.20731,99.11735,99.13735,1000
2026-01-19T14:11:00-05:00,99.24477,99.26477,99.17816,99.19816,1000
2026-01-19T14:12:00-05:00,99.30095,99.32095,99.24282,99.26282,1000
2026-01-19T14:13:00-05:00,99.35621,99.37621,99.31077,99.33077,1000
2026-01-19T14:14:00-05:00,99.41112,99.43112,99.38116,99.40116,1000
2026-01-19T14:15:00-05:00,99.46641,99.49304,99.44641,99.47304,1000
2026-01-19T14:16:00-05:00,99.52287,99.56535,99.50287,99.54535,1000
2026-01-19T14:17:00-05:00,99.58124,99.63709,99.56124,99.61709,1000
2026-01-19T14:18:00-05:00,99.64213,99.70741,99.62213,99.68741,1000
2026-01-19T14:19:00-05:00,99.70593,99.77566,99.68593,99.75566,1000
2026-01-19T14:20:00-05:00,99.77275,99.84145,99.75275,99.82145,1000
2026-01-19T14:21:00-05:00,99.84240,99.90471,99.82240,99.88471,1000
2026-01-19T14:22:00-05:00,99.91441,99.96567,99.89441,99.94567,1000
2026-01-19T14:23:00-05:00,99.98803,100.02480,99.96803,100.00480,1000
2026-01-19T14:24:00-05:00,100.06233,100.08276,100.04233,100.06276,1000
2026-01-19T14:25:00-05:00,100.13628,100.15628,100.10034,100.12034,1000
2026-01-19T14:26:00-05:00,100.20886,100.22886,100.15829,100.17829,1000
2026-01-19T14:27:00-05:00,100.27913,100.29913,100.21729,100.23729,1000
2026-01-19T14:28:00-05:00,100.34633,100.36633,100.27784,100.29784,1000
2026-01-19T14:29:00-05:00,100.40999,100.42999,100.34018,100.36018,1000
2026-01-19T14:30:00-05:00,100.46990,100.48990,100.40425,100.42425,1000
2026-01-19T14:31:00-05:00,100.52617,100.54617,100.46971,100.48971,1000
2026-01-19T14:32:00-05:00,100.57918,100.59918,100.53593,100.55593,1000
2026-01-19T14:33:00-05:00,100.62955,100.64955,100.60206,100.62206,1000
2026-01-19T14:34:00-05:00,100.67802,100.70712,100.65802,100.68712,1000
2026-01-19T14:35:00-05:00,100.72540,100.77009,100.70540,100.75009,1000
2026-01-19T14:36:00-05:00,100.77244,100.83000,100.75244,100.81000,1000
2026-01-19T14:37:00-05:00,100.81974,100.88603,100.79974,100.86603,1000
2026-01-19T14:38:00-05:00,100.86768,100.93761,100.84768,100.91761,1000
2026-01-19T14:39:00-05:00,100.91636,100.98443,100.89636,100.96443,1000
2026-01-19T14:40:00-05:00,100.96558,101.02650,100.94558,101.00650,1000
2026-01-19T14:41:00-05:00,101.01486,101.06412,100.99486,101.04412,1000
2026-01-19T14:42:00-05:00,101.06347,101.09786,101.04347,101.07786,1000
2026-01-19T14:43:00-05:00,101.11051,101.13051,101.08844,101.10844,1000
2026-01-19T14:44:00-05:00,101.15500,101.17500,101.11669,101.13669,1000
2026-01-19T14:45:00-05:00,101.19596,101.21596,101.14345,101.16345,1000
2026-01-19T14:46:00-05:00,101.23256,101.25256,101.16941,101.18941,1000
2026-01-19T14:47:00-05:00,101.26414,101.28414,101.19510,101.21510,1000
2026-01-19T14:48:00-05:00,101.29032,101.31032,101.22079,101.24079,1000
2026-01-19T14:49:00-05:00,101.31102,101.33102,101.24646,101.26646,1000
2026-01-19T14:50:00-05:00,101.32647,101.34647,101.27178,101.29178,1000
2026-01-19T14:51:00-05:00,101.33716,101.35716,101.29616,101.31616,1000
2026-01-19T14:52:00-05:00,101.34382,101.36382,101.31882,101.33882,1000
2026-01-19T14:53:00-05:00,101.34729,101.37885,101.32729,101.35885,1000
2026-01-19T14:54:00-05:00,101.34846,101.39530,101.32846,101.37530,1000
2026-01-19T14:55:00-05:00,101.34816,101.40732,101.32816,101.38732,1000
2026-01-19T14:56:00-05:00,101.34703,101.41421,101.32703,101.39421,1000
2026-01-19T14:57:00-05:00,101.34553,101.41553,101.32553,101.39553,1000
2026-01-19T14:58:00-05:00,101.34379,101.41111,101.32379,101.39111,1000
2026-01-19T14:59:00-05:00,101.34169,101.40111,101.32169,101.38111,1000
2026-01-19T15:00:00-05:00,101.33878,101.38597,101.31878,101.36597,1000
2026-01-19T15:01:00-05:00,101.33441,101.36638,101.31441,101.34638,1000
2026-01-19T15:02:00-05:00,101.32776,101.34776,101.30319,101.32319,1000
2026-01-19T15:03:00-05:00,101.31795,101.33795,101.27734,101.29734,1000
2026-01-19T15:04:00-05:00,101.30413,101.32413,101.24975,101.26975,1000
2026-01-19T15:05:00-05:00,101.28557,101.30557,101.22121,101.24121,1000
2026-01-19T15:06:00-05:00,101.26177,101.28177,101.19230,101.21230,1000
2026-01-19T15:07:00-05:00,101.23250,101.25250,101.16337,101.18337,1000
2026-01-19T15:08:00-05:00,101.19782,101.21782,101.13444,101.15444,1000
2026-01-19T15:09:00-05:00,101.15810,101.17810,101.10526,101.12526,1000
2026-01-19T15:10:00-05:00,101.11401,101.13401,101.07530,101.09530,1000
2026-01-19T15:11:00-05:00,101.06637,101.08637,101.04387,101.06387,1000
2026-01-19T15:12:00-05:00,101.01615,101.05013,100.99615,101.03013,1000
2026-01-19T15:13:00-05:00,100.96434,101.01326,100.94434,100.99326,1000
2026-01-19T15:14:00-05:00,100.91185,100.97252,100.89185,100.95252,1000
2026-01-19T15:15:00-05:00,100.85940,100.92735,100.83940,100.90735,1000
2026-01-19T15:16:00-05:00,100.80749,100.87744,100.78749,100.85744,1000
2026-01-19T15:17:00-05:00,100.75632,100.82277,100.73632,100.80277,1000
2026-01-19T15:18:00-05:00,100.70580,100.76363,100.68580,100.74363,1000
2026-01-19T15:19:00-05:00,100.65555,100.70061,100.63555,100.68061,1000
2026-01-19T15:20:00-05:00,100.60498,100.63451,100.58498,100.61451,1000
2026-01-19T15:21:00-05:00,100.55335,100.57335,100.52629,100.54629,1000
2026-01-19T15:22:00-05:00,100.49985,100.51985,100.45698,100.47698,1000
2026-01-19T15:23:00-05:00,100.44372,100.46372,100.38756,100.40756,1000
2026-01-19T15:24:00-05:00,100.38436,100.40436,100.31889,100.33889,1000
2026-01-19T15:25:00-05:00,100.32136,100.34136,100.25159,100.27159,1000
2026-01-19T15:26:00-05:00,100.25463,100.27463,100.18603,100.20603,1000
2026-01-19T15:27:00-05:00,100.18433,100.20433,100.12226,100.14226,1000
2026-01-19T15:28:00-05:00,100.11097,100.13097,100.06006,100.08006,1000
2026-01-19T15:29:00-05:00,100.03528,100.05528,99.99893,100.01893,1000
2026-01-19T15:30:00-05:00,99.95820,99.97820,99.93820,99.95820,1000
2026-01-19T15:31:00-05:00,99.88074,99.91711,99.86074,99.89711,1000
2026-01-19T15:32:00-05:00,99.80395,99.85487,99.78395,99.83487,1000
2026-01-19T15:33:00-05:00,99.72875,99.79083,99.70875,99.77083,1000
2026-01-19T15:34:00-05:00,99.65590,99.72450,99.63590,99.70450,1000
2026-01-19T15:35:00-05:00,99.58588,99.65565,99.56588,99.63565,1000
2026-01-19T15:36:00-05:00,99.51889,99.58435,99.49889,99.56435,1000
2026-01-19T15:37:00-05:00,99.45481,99.51096,99.43481,99.49096,1000
2026-01-19T15:38:00-05:00,99.39328,99.43614,99.37328,99.41614,1000
2026-01-19T15:39:00-05:00,99.33368,99.36073,99.31368,99.34073,1000
2026-01-19T15:40:00-05:00,99.27528,99.29528,99.24574,99.26574,1000
2026-01-19T15:41:00-05:00,99.21728,99.23728,99.17221,99.19221,1000
2026-01-19T15:42:00-05:00,99.15896,99.17896,99.10112,99.12112,1000
2026-01-19T15:43:00-05:00,99.09974,99.11974,99.03329,99.05329,1000
2026-01-19T15:44:00-05:00,99.03926,99.05926,98.96932,98.98932,1000
2026-01-19T15:45:00-05:00,98.97746,98.99746,98.90951,98.92951,1000
2026-01-19T15:46:00-05:00,98.91455,98.93455,98.85388,98.87388,1000
2026-01-19T15:47:00-05:00,98.85104,98.87104,98.80214,98.82214,1000
2026-01-19T15:48:00-05:00,98.78771,98.80771,98.75374,98.77374,1000
2026-01-19T15:49:00-05:00,98.72547,98.74798,98.70547,98.72798,1000
2026-01-19T15:50:00-05:00,98.66534,98.70405,98.64534,98.68405,1000
2026-01-19T15:51:00-05:00,98.60830,98.66115,98.58830,98.64115,1000
2026-01-19T15:52:00-05:00,98.55524,98.61861,98.53524,98.59861,1000
2026-01-19T15:53:00-05:00,98.50681,98.57594,98.48681,98.55594,1000
2026-01-19T15:54:00-05:00,98.46344,98.53291,98.44344,98.51291,1000
2026-01-19T15:55:00-05:00,98.42521,98.48957,98.40521,98.46957,1000
2026-01-19T15:56:00-05:00,98.39193,98.44630,98.37193,98.42630,1000
2026-01-19T15:57:00-05:00,98.36312,98.40372,98.34312,98.38372,1000
2026-01-19T15:58:00-05:00,98.33809,98.36265,98.31809,98.34265,1000
2026-01-19T15:59:00-05:00,98.31602,98.33602,98.28404,98.30404,1000
2026-01-20T09:30:00-05:00,98.29607,98.31607,98.24886,98.26886,1000
2026-01-20T09:31:00-05:00,98.27744,98.29744,98.21801,98.23801,1000
2026-01-20T09:32:00-05:00,98.25952,98.27952,98.19219,98.21219,1000
2026-01-20T09:33:00-05:00,98.24191,98.26191,98.17191,98.19191,1000
2026-01-20T09:34:00-05:00,98.22450,98.24450,98.15733,98.17733,1000
2026-01-20T09:35:00-05:00,98.20748,98.22748,98.14833,98.16833,1000
2026-01-20T09:36:00-05:00,98.19133,98.21133,98.14450,98.16450,1000
2026-01-20T09:37:00-05:00,98.17673,98.19673,98.14519,98.16519,1000
2026-01-20T09:38:00-05:00,98.16456,98.18957,98.14456,98.16957,1000
2026-01-20T09:39:00-05:00,98.15572,98.19673,98.13572,98.17673,1000
2026-01-20T09:40:00-05:00,98.15110,98.20580,98.13110,98.18580,1000
2026-01-20T09:41:00-05:00,98.15146,98.21603,98.13146,98.19603,1000
2026-01-20T09:42:00-05:00,98.15733,98.22686,98.13733,98.20686,1000
2026-01-20T09:43:00-05:00,98.16898,98.23802,98.14898,98.21802,1000
2026-01-20T09:44:00-05:00,98.18635,98.24950,98.16635,98.22950,1000
2026-01-20T09:45:00-05:00,98.20909,98.26160,98.18909,98.24160,1000
2026-01-20T09:46:00-05:00,98.23660,98.27490,98.21660,98.25490,1000
2026-01-20T09:47:00-05:00,98.26806,98.29012,98.24806,98.27012,1000
2026-01-20T09:48:00-05:00,98.30253,98.32253,98.26813,98.28813,1000
2026-01-20T09:49:00-05:00,98.33905,98.35905,98.28978,98.30978,1000
2026-01-20T09:50:00-05:00,98.37676,98.39676,98.31584,98.33584,1000
2026-01-20T09:51:00-05:00,98.41497,98.43497,98.34690,98.36690,1000
2026-01-20T09:52:00-05:00,98.45321,98.47321,98.38328,98.40328,1000
2026-01-20T09:53:00-05:00,98.49131,98.51131,98.42503,98.44503,1000
2026-01-20T09:54:00-05:00,98.52941,98.54941,98.47186,98.49186,1000
2026-01-20T09:55:00-05:00,98.56791,98.58791,98.52324,98.54324,1000
2026-01-20T09:56:00-05:00,98.60744,98.62744,98.57835,98.59835,1000
2026-01-20T09:57:00-05:00,98.64877,98.67627,98.62877,98.65627,1000
2026-01-20T09:58:00-05:00,98.69272,98.73598,98.67272,98.71598,1000
2026-01-20T09:59:00-05:00,98.74006,98.79653,98.72006,98.77653,1000
2026-01-20T10:00:00-05:00,98.79144,98.85709,98.77144,98.83709,1000
2026-01-20T10:01:00-05:00,98.84724,98.91706,98.82724,98.89706,1000
2026-01-20T10:02:00-05:00,98.90760,98.97609,98.88760,98.95609,1000
2026-01-20T10:03:00-05:00,98.97234,99.03417,98.95234,99.01417,1000
2026-01-20T10:04:00-05:00,99.04097,99.09153,99.02097,99.07153,1000
2026-01-20T10:05:00-05:00,99.11275,99.14869,99.09275,99.12869,1000
2026-01-20T10:06:00-05:00,99.18678,99.20678,99.16633,99.18633,1000
2026-01-20T10:07:00-05:00,99.26203,99.28203,99.22525,99.24525,1000
2026-01-20T10:08:00-05:00,99.33747,99.35747,99.28620,99.30620,1000
2026-01-20T10:09:00-05:00,99.41219,99.43219,99.34987,99.36987,1000
2026-01-20T10:10:00-05:00,99.48545,99.50545,99.41675,99.43675,1000
2026-01-20T10:11:00-05:00,99.55677,99.57677,99.48704,99.50704,1000
2026-01-20T10:12:00-05:00,99.62597,99.64597,99.56069,99.58069,1000
2026-01-20T10:13:00-05:00,99.69316,99.71316,99.63731,99.65731,1000
2026-01-20T10:14:00-05:00,99.75873,99.77873,99.71626,99.73626,1000
2026-01-20T10:15:00-05:00,99.82329,99.84329,99.79668,99.81668,1000
2026-01-20T10:16:00-05:00,99.88757,99.91754,99.86757,99.89754,1000
2026-01-20T10:17:00-05:00,99.95237,99.99782,99.93237,99.97782,1000
2026-01-20T10:18:00-05:00,100.01839,100.07653,99.99839,100.05653,1000
2026-01-20T10:19:00-05:00,100.08621,100.15283,100.06621,100.13283,1000
2026-01-20T10:20:00-05:00,100.15617,100.22613,100.13617,100.20613,1000
2026-01-20T10:21:00-05:00,100.22831,100.29613,100.20831,100.27613,1000
2026-01-20T10:22:00-05:00,100.30239,100.36280,100.28239,100.34280,1000
2026-01-20T10:23:00-05:00,100.37788,100.42642,100.35788,100.40642,1000
2026-01-20T10:24:00-05:00,100.45400,100.48754,100.43400,100.46754,1000
2026-01-20T10:25:00-05:00,100.52979,100.54979,100.50684,100.52684,1000
2026-01-20T10:26:00-05:00,100.60423,100.62423,100.56511,100.58511,1000
2026-01-20T10:27:00-05:00,100.67632,100.69632,100.62313,100.64313,1000
2026-01-20T10:28:00-05:00,100.74515,100.76515,100.68155,100.70155,1000
2026-01-20T10:29:00-05:00,100.81004,100.83004,100.74084,100.76084,1000
2026-01-20T10:30:00-05:00,100.87058,100.89058,100.80118,100.82118,1000
2026-01-20T10:31:00-05:00,100.92664,100.94664,100.86249,100.88249,1000
2026-01-20T10:32:00-05:00,100.97841,100.99841,100.92436,100.94436,1000
2026-01-20T10:33:00-05:00,101.02635,101.04635,100.98615,101.00615,1000
2026-01-20T10:34:00-05:00,101.07111,101.09111,101.04699,101.06699,1000
2026-01-20T10:35:00-05:00,101.11350,101.14591,101.09350,101.12591,1000
2026-01-20T10:36:00-05:00,101.15433,101.20190,101.13433,101.18190,1000
2026-01-20T10:37:00-05:00,101.19435,101.25405,101.17435,101.23405,1000
2026-01-20T10:38:00-05:00,101.23415,101.30161,101.21415,101.28161,1000
2026-01-20T10:39:00-05:00,101.27409,101.34408,101.25409,101.32408,1000
2026-01-20T10:40:00-05:00,101.31422,101.38125,101.29422,101.36125,1000
2026-01-20T10:41:00-05:00,101.35433,101.41320,101.33433,101.39320,1000
2026-01-20T10:42:00-05:00,101.39390,101.44034,101.37390,101.42034,1000
2026-01-20T10:43:00-05:00,101.43219,101.46330,101.41219,101.44330,1000
2026-01-20T10:44:00-05:00,101.46830,101.48830,101.44285,101.46285,1000
2026-01-20T10:45:00-05:00,101.50129,101.52129,101.45988,101.47988,1000
2026-01-20T10:46:00-05:00,101.53023,101.55023,101.47521,101.49521,1000
2026-01-20T10:47:00-05:00,101.55434,101.57434,101.48958,101.50958,1000
2026-01-20T10:48:00-05:00,101.57306,101.59306,101.50347,101.52347,1000
2026-01-20T10:49:00-05:00,101.58609,101.60609,101.51714,101.53714,1000
2026-01-20T10:50:00-05:00,101.59345,101.61345,101.53053,101.55053,1000
2026-01-20T10:51:00-05:00,101.59547,101.61547,101.54329,101.56329,1000
2026-01-20T10:52:00-05:00,101.59272,101.61272,101.55484,101.57484,1000
2026-01-20T10:53:00-05:00,101.58600,101.60600,101.56439,101.58439,1000
2026-01-20T10:54:00-05:00,101.57621,101.61103,101.55621,101.59103,1000
2026-01-20T10:55:00-05:00,101.56425,101.61389,101.54425,101.59389,1000
2026-01-20T10:56:00-05:00,101.55098,101.61215,101.53098,101.59215,1000
2026-01-20T10:57:00-05:00,101.53703,101.60522,101.51703,101.58522,1000
2026-01-20T10:58:00-05:00,101.52283,101.59273,101.50283,101.57273,1000
2026-01-20T10:59:00-05:00,101.50850,101.57461,101.48850,101.55461,1000
2026-01-20T11:00:00-05:00,101.49387,101.55113,101.47387,101.53113,1000
2026-01-20T11:01:00-05:00,101.47851,101.52280,101.45851,101.50280,1000
2026-01-20T11:02:00-05:00,101.46174,101.49039,101.44174,101.47039,1000
2026-01-20T11:03:00-05:00,101.44277,101.46277,101.41483,101.43483,1000
2026-01-20T11:04:00-05:00,101.42073,101.44073,101.37707,101.39707,1000
2026-01-20T11:05:00-05:00,101.39483,101.41483,101.33806,101.35806,1000
2026-01-20T11:06:00-05:00,101.36441,101.38441,101.29858,101.31858,1000
2026-01-20T11:07:00-05:00,101.32906,101.34906,101.25921,101.27921,1000
2026-01-20T11:08:00-05:00,101.28863,101.30863,101.22025,101.24025,1000
2026-01-20T11:09:00-05:00,101.24329,101.26329,101.18170,101.20170,1000
2026-01-20T11:10:00-05:00,101.19349,101.21349,101.14327,101.16327,1000
2026-01-20T11:11:00-05:00,101.13996,101.15996,101.10444,101.12444,1000
2026-01-20T11:12:00-05:00,101.08360,101.10449,101.06360,101.08449,1000
2026-01-20T11:13:00-05:00,101.02541,101.06261,101.00541,101.04261,1000
2026-01-20T11:14:00-05:00,100.96640,101.01801,100.94640,100.99801,1000
2026-01-20T11:15:00-05:00,100.90747,100.97001,100.88747,100.95001,1000
2026-01-20T11:16:00-05:00,100.84932,100.91812,100.82932,100.89812,1000
2026-01-20T11:17:00-05:00,100.79242,100.86210,100.77242,100.84210,1000
2026-01-20T11:18:00-05:00,100.73693,100.80202,100.71693,100.78202,1000
2026-01-20T11:19:00-05:00,100.68272,100.73825,100.66272,100.71825,1000
2026-01-20T11:20:00-05:00,100.62938,100.67145,100.60938,100.65145,1000
2026-01-20T11:21:00-05:00,100.57629,100.60246,100.55629,100.58246,1000
2026-01-20T11:22:00-05:00,100.52271,100.54271,100.49231,100.51231,1000
2026-01-20T11:23:00-05:00,100.46784,100.48784,100.42201,100.44201,1000
2026-01-20T11:24:00-05:00,100.41097,100.43097,100.35255,100.37255,1000
2026-01-20T11:25:00-05:00,100.35153,100.37153,100.28476,100.30476,1000
2026-01-20T11:26:00-05:00,100.28919,100.30919,100.21921,100.23921,1000
2026-01-20T11:27:00-05:00,100.22392,100.24392,100.15623,100.17623,1000
2026-01-20T11:28:00-05:00,100.15595,100.17595,100.09581,100.11581,1000
2026-01-20T11:29:00-05:00,100.08584,100.10584,100.03767,100.05767,1000
2026-01-20T11:30:00-05:00,100.01439,100.03439,99.98128,100.00128,1000
2026-01-20T11:31:00-05:00,99.94254,99.96594,99.92254,99.94594,1000
2026-01-20T11:32:00-05:00,99.87135,99.91088,99.85135,99.89088,1000
2026-01-20T11:33:00-05:00,99.80182,99.85533,99.78182,99.83533,1000
2026-01-20T11:34:00-05:00,99.73485,99.79867,99.71485,99.77867,1000
2026-01-20T11:35:00-05:00,99.67115,99.74043,99.65115,99.72043,1000
2026-01-20T11:36:00-05:00,99.61113,99.68046,99.59113,99.66046,1000
2026-01-20T11:37:00-05:00,99.55491,99.61886,99.53491,99.59886,1000
2026-01-20T11:38:00-05:00,99.50234,99.55607,99.48234,99.53607,1000
2026-01-20T11:39:00-05:00,99.45296,99.49275,99.43296,99.47275,1000
2026-01-20T11:40:00-05:00,99.40612,99.42980,99.38612,99.40980,1000
2026-01-20T11:41:00-05:00,99.36105,99.38105,99.32821,99.34821,1000
2026-01-20T11:42:00-05:00,99.31696,99.33696,99.26901,99.28901,1000
2026-01-20T11:43:00-05:00,99.27311,99.29311,99.21314,99.23314,1000
2026-01-20T11:44:00-05:00,99.22895,99.24895,99.16135,99.18135,1000
2026-01-20T11:45:00-05:00,99.18417,99.20417,99.11418,99.13418,1000
2026-01-20T11:46:00-05:00,99.13873,99.15873,99.07186,99.09186,1000
2026-01-20T11:47:00-05:00,99.09289,99.11289,99.03429,99.05429,1000
2026-01-20T11:48:00-05:00,99.04720,99.06720,99.00113,99.02113,1000
2026-01-20T11:49:00-05:00,99.00243,99.02243,98.97175,98.99175,1000
2026-01-20T11:50:00-05:00,98.95952,98.98541,98.93952,98.96541,1000
2026-01-20T11:51:00-05:00,98.91944,98.96126,98.89944,98.94126,1000
2026-01-20T11:52:00-05:00,98.88316,98.93849,98.86316,98.91849,1000
2026-01-20T11:53:00-05:00,98.85147,98.91643,98.83147,98.89643,1000
2026-01-20T11:54:00-05:00,98.82497,98.89462,98.80497,98.87462,1000
2026-01-20T11:55:00-05:00,98.80398,98.87284,98.78398,98.85284,1000
2026-01-20T11:56:00-05:00,98.78850,98.85120,98.76850,98.83120,1000
2026-01-20T11:57:00-05:00,98.77824,98.83007,98.75824,98.81007,1000
2026-01-20T11:58:00-05:00,98.77264,98.81011,98.75264,98.79011,1000
2026-01-20T11:59:00-05:00,98.77095,98.79212,98.75095,98.77212,1000
2026-01-20T12:00:00-05:00,98.77230,98.79230,98.73705,98.75705,1000
2026-01-20T12:01:00-05:00,98.77581,98.79581,98.72582,98.74582,1000
2026-01-20T12:02:00-05:00,98.78068,98.80068,98.71926,98.73926,1000
2026-01-20T12:03:00-05:00,98.78631,98.80631,98.71800,98.73800,1000
2026-01-20T12:04:00-05:00,98.79231,98.81231,98.72244,98.74244,1000
2026-01-20T12:05:00-05:00,98.79861,98.81861,98.73267,98.75267,1000
2026-01-20T12:06:00-05:00,98.80541,98.82541,98.74846,98.76846,1000
2026-01-20T12:07:00-05:00,98.81321,98.83321,98.76931,98.78931,1000
2026-01-20T12:08:00-05:00,98.82269,98.84269,98.79448,98.81448,1000
2026-01-20T12:09:00-05:00,98.83471,98.86309,98.81471,98.84309,1000
2026-01-20T12:10:00-05:00,98.85015,98.89419,98.83015,98.87419,1000
2026-01-20T12:11:00-05:00,98.86984,98.92691,98.84984,98.90691,1000
2026-01-20T12:12:00-05:00,98.89446,98.96047,98.87446,98.94047,1000
2026-01-20T12:13:00-05:00,98.92446,98.99434,98.90446,98.97434,1000
2026-01-20T12:14:00-05:00,98.96000,99.02827,98.94000,99.00827,1000
2026-01-20T12:15:00-05:00,99.00094,99.06228,98.98094,99.04228,1000
2026-01-20T12:16:00-05:00,99.04684,99.09670,99.02684,99.07670,1000
2026-01-20T12:17:00-05:00,99.09700,99.13209,99.07700,99.11209,1000
2026-01-20T12:18:00-05:00,99.15054,99.17054,99.12920,99.14920,1000
2026-01-20T12:19:00-05:00,99.20648,99.22648,99.16887,99.18887,1000
2026-01-20T12:20:00-05:00,99.26385,99.28385,99.21189,99.23189,1000
2026-01-20T12:21:00-05:00,99.32177,99.34177,99.25899,99.27899,1000
2026-01-20T12:22:00-05:00,99.37956,99.39956,99.31067,99.33067,1000
2026-01-20T12:23:00-05:00,99.43680,99.45680,99.36717,99.38717,1000
2026-01-20T12:24:00-05:00,99.49334,99.51334,99.42844,99.44844,1000
2026-01-20T12:25:00-05:00,99.54934,99.56934,99.49412,99.51412,1000
2026-01-20T12:26:00-05:00,99.60525,99.62525,99.56358,99.58358,1000
2026-01-20T12:27:00-05:00,99.66168,99.68168,99.63595,99.65595,1000
2026-01-20T12:28:00-05:00,99.71942,99.75026,99.69942,99.73026,1000
2026-01-20T12:29:00-05:00,99.77927,99.82547,99.75927,99.80547,1000
2026-01-20T12:30:00-05:00,99.84194,99.90064,99.82194,99.88064,1000
2026-01-20T12:31:00-05:00,99.90801,99.97494,99.88801,99.95494,1000
2026-01-20T12:32:00-05:00,99.97781,100.04780,99.95781,100.02780,1000
2026-01-20T12:33:00-05:00,100.05140,100.11895,100.03140,100.09895,1000
2026-01-20T12:34:00-05:00,100.12850,100.18837,100.10850,100.16837,1000
2026-01-20T12:35:00-05:00,100.20857,100.25638,100.18857,100.23638,1000
2026-01-20T12:36:00-05:00,100.29081,100.32350,100.27081,100.30350,1000
2026-01-20T12:37:00-05:00,100.37428,100.39428,100.35044,100.37044,1000
2026-01-20T12:38:00-05:00,100.45791,100.47791,100.41797,100.43797,1000
2026-01-20T12:39:00-05:00,100.54071,100.56071,100.48686,100.50686,1000
2026-01-20T12:40:00-05:00,100.62176,100.64176,100.55774,100.57774,1000
2026-01-20T12:41:00-05:00,100.70039,100.72039,100.63103,100.65103,1000
2026-01-20T12:42:00-05:00,100.77616,100.79616,100.70690,100.72690,1000
2026-01-20T12:43:00-05:00,100.84895,100.86895,100.78521,100.80521,1000
2026-01-20T12:44:00-05:00,100.91892,100.93892,100.86553,100.88553,1000
2026-01-20T12:45:00-05:00,100.98653,101.00653,100.94715,100.96715,1000
2026-01-20T12:46:00-05:00,101.05241,101.07241,101.02917,101.04917,1000
2026-01-20T12:47:00-05:00,101.11732,101.15059,101.09732,101.13059,1000
2026-01-20T12:48:00-05:00,101.18205,101.23036,101.16205,101.21036,1000
2026-01-20T12:49:00-05:00,101.24729,101.30753,101.22729,101.28753,1000
2026-01-20T12:50:00-05:00,101.31358,101.38132,101.29358,101.36132,1000
2026-01-20T12:51:00-05:00,101.38122,101.45120,101.36122,101.43120,1000
2026-01-20T12:52:00-05:00,101.45021,101.51693,101.43021,101.49693,1000
2026-01-20T12:53:00-05:00,101.52026,101.57857,101.50026,101.55857,1000
2026-01-20T12:54:00-05:00,101.59078,101.63647,101.57078,101.61647,1000
2026-01-20T12:55:00-05:00,101.66097,101.69122,101.64097,101.67122,1000
2026-01-20T12:56:00-05:00,101.72989,101.74989,101.70356,101.72356,1000
2026-01-20T12:57:00-05:00,101.79651,101.81651,101.75430,101.77430,1000
2026-01-20T12:58:00-05:00,101.85986,101.87986,101.80421,101.82421,1000
2026-01-20T12:59:00-05:00,101.91910,101.93910,101.85395,101.87395,1000
2026-01-20T13:00:00-05:00,101.97363,101.99363,101.90393,101.92393,1000
2026-01-20T13:01:00-05:00,102.02310,102.04310,101.95433,101.97433,1000
2026-01-20T13:02:00-05:00,102.06748,102.08748,102.00502,102.02502,1000
2026-01-20T13:03:00-05:00,102.10704,102.12704,102.05555,102.07555,1000
2026-01-20T13:04:00-05:00,102.14232,102.16232,102.10527,102.12527,1000
2026-01-20T13:05:00-05:00,102.17404,102.19404,102.15331,102.17331,1000
2026-01-20T13:06:00-05:00,102.20303,102.23869,102.18303,102.21869,1000
2026-01-20T13:07:00-05:00,102.23013,102.28047,102.21013,102.26047,1000
2026-01-20T13:08:00-05:00,102.25611,102.31779,102.23611,102.29779,1000
2026-01-20T13:09:00-05:00,102.28154,102.34996,102.26154,102.32996,1000
2026-01-20T13:10:00-05:00,102.30674,102.37658,102.28674,102.35658,1000
2026-01-20T13:11:00-05:00,102.33176,102.39753,102.31176,102.37753,1000
2026-01-20T13:12:00-05:00,102.35635,102.41300,102.33635,102.39300,1000
2026-01-20T13:13:00-05:00,102.37996,102.42347,102.35996,102.40347,1000
2026-01-20T13:14:00-05:00,102.40187,102.42965,102.38187,102.40965,1000
2026-01-20T13:15:00-05:00,102.42119,102.44119,102.39238,102.41238,1000
2026-01-20T13:16:00-05:00,102.43699,102.45699,102.39256,102.41256,1000
2026-01-20T13:17:00-05:00,102.44842,102.46842,102.39106,102.41106,1000
2026-01-20T13:18:00-05:00,102.45476,102.47476,102.38858,102.40858,1000
2026-01-20T13:19:00-05:00,102.45554,102.47554,102.38563,102.40563,1000
2026-01-20T13:20:00-05:00,102.45056,102.47056,102.38241,102.40241,1000
2026-01-20T13:21:00-05:00,102.43995,102.45995,102.37886,102.39886,1000
2026-01-20T13:22:00-05:00,102.42411,102.44411,102.37461,102.39461,1000
2026-01-20T13:23:00-05:00,102.40372,102.42372,102.36905,102.38905,1000
2026-01-20T13:24:00-05:00,102.37962,102.40140,102.35962,102.38140,1000
2026-01-20T13:25:00-05:00,102.35277,102.39079,102.33277,102.37079,1000
2026-01-20T13:26:00-05:00,102.32410,102.37639,102.30410,102.35639,1000
2026-01-20T13:27:00-05:00,102.29445,102.35746,102.27445,102.33746,1000
2026-01-20T13:28:00-05:00,102.26448,102.33346,102.24448,102.31346,1000
2026-01-20T13:29:00-05:00,102.23456,102.30413,102.21456,102.28413,1000
2026-01-20T13:30:00-05:00,102.20480,102.26950,102.18480,102.24950,1000
2026-01-20T13:31:00-05:00,102.17501,102.22992,102.15501,102.20992,1000
2026-01-20T13:32:00-05:00,102.14473,102.18600,102.12473,102.16600,1000
2026-01-20T13:33:00-05:00,102.11327,102.13857,102.09327,102.11857,1000
2026-01-20T13:34:00-05:00,102.07986,102.09986,102.04860,102.06860,1000
2026-01-20T13:35:00-05:00,102.04367,102.06367,101.99708,102.01708,1000
2026-01-20T13:36:00-05:00,102.00395,102.02395,101.94497,101.96497,1000
2026-01-20T13:37:00-05:00,101.96011,101.98011,101.89303,101.91303,1000
2026-01-20T13:38:00-05:00,101.91182,101.93182,101.84182,101.86182,1000
2026-01-20T13:39:00-05:00,101.85901,101.87901,101.79160,101.81160,1000
2026-01-20T13:40:00-05:00,101.80194,101.82194,101.74233,101.76233,1000
2026-01-20T13:41:00-05:00,101.74115,101.76115,101.69371,101.71371,1000
2026-01-20T13:42:00-05:00,101.67742,101.69742,101.64517,101.66517,1000
2026-01-20T13:43:00-05:00,101.61171,101.63599,101.59171,101.61599,1000
2026-01-20T13:44:00-05:00,101.54505,101.58539,101.52505,101.56539,1000
2026-01-20T13:45:00-05:00,101.47844,101.53261,101.45844,101.51261,1000
2026-01-20T13:46:00-05:00,101.41277,101.47700,101.39277,101.45700,1000
2026-01-20T13:47:00-05:00,101.34871,101.41814,101.32871,101.39814,1000
2026-01-20T13:48:00-05:00,101.28669,101.35586,101.26669,101.33586,1000
2026-01-20T13:49:00-05:00,101.22681,101.29032,101.20681,101.27032,1000
2026-01-20T13:50:00-05:00,101.16889,101.22196,101.14889,101.20196,1000
2026-01-20T13:51:00-05:00,101.11249,101.15147,101.09249,101.13147,1000
2026-01-20T13:52:00-05:00,101.05697,101.07976,101.03697,101.05976,1000
2026-01-20T13:53:00-05:00,101.00155,101.02155,100.96786,100.98786,1000
2026-01-20T13:54:00-05:00,100.94548,100.96548,100.89681,100.91681,1000
2026-01-20T13:55:00-05:00,100.88805,100.90805,100.82755,100.84755,1000
2026-01-20T13:56:00-05:00,100.82875,100.84875,100.76088,100.78088,1000
2026-01-20T13:57:00-05:00,100.76729,100.78729,100.69733,100.71733,1000
2026-01-20T13:58:00-05:00,100.70369,100.72369,100.63713,100.65713,1000
2026-01-20T13:59:00-05:00,100.63827,100.65827,100.58024,100.60024,1000
2026-01-20T14:00:00-05:00,100.57162,100.59162,100.52631,100.54631,1000
2026-01-20T14:01:00-05:00,100.50457,100.52457,100.47476,100.49476,1000
2026-01-20T14:02:00-05:00,100.43810,100.46487,100.41810,100.44487,1000
2026-01-20T14:03:00-05:00,100.37322,100.41583,100.35322,100.39583,1000
2026-01-20T14:04:00-05:00,100.31095,100.36690,100.29095,100.34690,1000
2026-01-20T14:05:00-05:00,100.25212,100.31746,100.23212,100.29746,1000
2026-01-20T14:06:00-05:00,100.19736,100.26710,100.17736,100.24710,1000
2026-01-20T14:07:00-05:00,100.14703,100.21570,100.12703,100.19570,1000
2026-01-20T14:08:00-05:00,100.10118,100.16341,100.08118,100.14341,1000
2026-01-20T14:09:00-05:00,100.05955,100.11069,100.03955,100.09069,1000
2026-01-20T14:10:00-05:00,100.02163,100.05826,100.00163,100.03826,1000
2026-01-20T14:11:00-05:00,99.98672,100.00701,99.96672,99.98701,1000
2026-01-20T14:12:00-05:00,99.95402,99.97402,99.91793,99.93793,1000
2026-01-20T14:13:00-05:00,99.92270,99.94270,99.87201,99.89201,1000
2026-01-20T14:14:00-05:00,99.89205,99.91205,99.83013,99.85013,1000
2026-01-20T14:15:00-05:00,99.86152,99.88152,99.79299,99.81299,1000
2026-01-20T14:16:00-05:00,99.83084,99.85084,99.76104,99.78104,1000
2026-01-20T14:17:00-05:00,99.79999,99.81999,99.73440,99.75440,1000
2026-01-20T14:18:00-05:00,99.76927,99.78927,99.71292,99.73292,1000
2026-01-20T14:19:00-05:00,99.73925,99.75925,99.69613,99.71613,1000
2026-01-20T14:20:00-05:00,99.71072,99.73072,99.68338,99.70338,1000
2026-01-20T14:21:00-05:00,99.68458,99.71383,99.66458,99.69383,1000
2026-01-20T14:22:00-05:00,99.66181,99.70662,99.64181,99.68662,1000
2026-01-20T14:23:00-05:00,99.64328,99.70093,99.62328,99.68093,1000
2026-01-20T14:24:00-05:00,99.62975,99.69609,99.60975,99.67609,1000
2026-01-20T14:25:00-05:00,99.62171,99.69164,99.60171,99.67164,1000
2026-01-20T14:26:00-05:00,99.61938,99.68741,99.59938,99.66741,1000
2026-01-20T14:27:00-05:00,99.62269,99.68352,99.60269,99.66352,1000
2026-01-20T14:28:00-05:00,99.63123,99.68037,99.61123,99.66037,1000
2026-01-20T14:29:00-05:00,99.64437,99.67862,99.62437,99.65862,1000
2026-01-20T14:30:00-05:00,99.66129,99.68129,99.63907,99.65907,1000
2026-01-20T14:31:00-05:00,99.68108,99.70108,99.64264,99.66264,1000
2026-01-20T14:32:00-05:00,99.70283,99.72283,99.65020,99.67020,1000
2026-01-20T14:33:00-05:00,99.72574,99.74574,99.66251,99.68251,1000
2026-01-20T14:34:00-05:00,99.74920,99.76920,99.68013,99.70013,1000
2026-01-20T14:35:00-05:00,99.77286,99.79286,99.70336,99.72336,1000
2026-01-20T14:36:00-05:00,99.79667,99.81667,99.73217,99.75217,1000
2026-01-20T14:37:00-05:00,99.82085,99.84085,99.76627,99.78627,1000
2026-01-20T14:38:00-05:00,99.84592,99.86592,99.80505,99.82505,1000
2026-01-20T14:39:00-05:00,99.87256,99.89256,99.84770,99.86770,1000
2026-01-20T14:40:00-05:00,99.90160,99.93330,99.88160,99.91330,1000
2026-01-20T14:41:00-05:00,99.93391,99.98087,99.91391,99.96087,1000
2026-01-20T14:42:00-05:00,99.97024,100.02949,99.95024,100.00949,1000
2026-01-20T14:43:00-05:00,100.01120,100.07843,99.99120,100.05843,1000
2026-01-20T14:44:00-05:00,100.05716,100.12716,100.03716,100.10716,1000
2026-01-20T14:45:00-05:00,100.10818,100.17545,100.08818,100.15545,1000
2026-01-20T14:46:00-05:00,100.16404,100.22338,100.14404,100.20338,1000
2026-01-20T14:47:00-05:00,100.22420,100.27128,100.20420,100.25128,1000
2026-01-20T14:48:00-05:00,100.28790,100.31973,100.26790,100.29973,1000
2026-01-20T14:49:00-05:00,100.35420,100.37420,100.32948,100.34948,1000
2026-01-20T14:50:00-05:00,100.42209,100.44209,100.38134,100.40134,1000
2026-01-20T14:51:00-05:00,100.49058,100.51058,100.43609,100.45609,1000
2026-01-20T14:52:00-05:00,100.55880,100.57880,100.49437,100.51437,1000
2026-01-20T14:53:00-05:00,100.62610,100.64610,100.55661,100.57661,1000
2026-01-20T14:54:00-05:00,100.69209,100.71209,100.62299,100.64299,1000
2026-01-20T14:55:00-05:00,100.75666,100.77666,100.69336,100.71336,1000
2026-01-20T14:56:00-05:00,100.82002,100.84002,100.76729,100.78729,1000
2026-01-20T14:57:00-05:00,100.88263,100.90263,100.84406,100.86406,1000
2026-01-20T14:58:00-05:00,100.94514,100.96514,100.92279,100.94279,1000
2026-01-20T14:59:00-05:00,101.00832,101.04244,100.98832,101.02244,1000
2026-01-20T15:00:00-05:00,101.07296,101.12199,101.05296,101.10199,1000
2026-01-20T15:01:00-05:00,101.13973,101.20049,101.11973,101.18049,1000
2026-01-20T15:02:00-05:00,101.20916,101.27715,101.18916,101.25715,1000
2026-01-20T15:03:00-05:00,101.28152,101.35146,101.26152,101.33146,1000
2026-01-20T15:04:00-05:00,101.35678,101.42317,101.33678,101.40317,1000
2026-01-20T15:05:00-05:00,101.43461,101.49235,101.41461,101.47235,1000
2026-01-20T15:06:00-05:00,101.51441,101.55934,101.49441,101.53934,1000
2026-01-20T15:07:00-05:00,101.59534,101.62472,101.57534,101.60472,1000
2026-01-20T15:08:00-05:00,101.67641,101.69641,101.64921,101.66921,1000
2026-01-20T15:09:00-05:00,101.75659,101.77659,101.71359,101.73359,1000
2026-01-20T15:10:00-05:00,101.83486,101.85486,101.77860,101.79860,1000
2026-01-20T15:11:00-05:00,101.91037,101.93037,101.84484,101.86484,1000
2026-01-20T15:12:00-05:00,101.98249,102.00249,101.91271,101.93271,1000
2026-01-20T15:13:00-05:00,102.05085,102.07085,101.98229,102.00229,1000
2026-01-20T15:14:00-05:00,102.11541,102.13541,102.05342,102.07342,1000
2026-01-20T15:15:00-05:00,102.17639,102.19639,102.12559,102.14559,1000
2026-01-20T15:16:00-05:00,102.23430,102.25430,102.19808,102.21808,1000
2026-01-20T15:17:00-05:00,102.28981,102.30997,102.26981,102.28997,1000
2026-01-20T15:18:00-05:00,102.34373,102.38024,102.32373,102.36024,1000
2026-01-20T15:19:00-05:00,102.39684,102.44788,102.37684,102.42788,1000
2026-01-20T15:20:00-05:00,102.44983,102.51198,102.42983,102.49198,1000
2026-01-20T15:21:00-05:00,102.50320,102.57183,102.48320,102.55183,1000
2026-01-20T15:22:00-05:00,102.55722,102.62697,102.53722,102.60697,1000
2026-01-20T15:23:00-05:00,102.61184,102.67724,102.59184,102.65724,1000
2026-01-20T15:24:00-05:00,102.66674,102.72279,102.64674,102.70279,1000
2026-01-20T15:25:00-05:00,102.72132,102.76404,102.70132,102.74404,1000
2026-01-20T15:26:00-05:00,102.77474,102.80165,102.75474,102.78165,1000
2026-01-20T15:27:00-05:00,102.82607,102.84607,102.79639,102.81639,1000
2026-01-20T15:28:00-05:00,102.87431,102.89431,102.82912,102.84912,1000
2026-01-20T15:29:00-05:00,102.91855,102.93855,102.86061,102.88061,1000
2026-01-20T15:30:00-05:00,102.95800,102.97800,102.89149,102.91149,1000
2026-01-20T15:31:00-05:00,102.99214,103.01214,102.92219,102.94219,1000
2026-01-20T15:32:00-05:00,103.02073,103.04073,102.95283,102.97283,1000
2026-01-20T15:33:00-05:00,103.04383,103.06383,102.98325,103.00325,1000
2026-01-20T15:34:00-05:00,103.06179,103.08179,103.01300,103.03300,1000
2026-01-20T15:35:00-05:00,103.07522,103.09522,103.04139,103.06139,1000
2026-01-20T15:36:00-05:00,103.08491,103.10757,103.06491,103.08757,1000
2026-01-20T15:37:00-05:00,103.09175,103.13060,103.07175,103.11060,1000
2026-01-20T15:38:00-05:00,103.09659,103.14956,103.07659,103.12956,1000
2026-01-20T15:39:00-05:00,103.10021,103.16366,103.08021,103.14366,1000
2026-01-20T15:40:00-05:00,103.10316,103.17231,103.08316,103.15231,1000
2026-01-20T15:41:00-05:00,103.10575,103.17519,103.08575,103.15519,1000
2026-01-20T15:42:00-05:00,103.10800,103.17229,103.08800,103.15229,1000
2026-01-20T15:43:00-05:00,103.10962,103.16389,103.08962,103.14389,1000
2026-01-20T15:44:00-05:00,103.11009,103.15055,103.09009,103.13055,1000
2026-01-20T15:45:00-05:00,103.10865,103.13306,103.08865,103.11306,1000
2026-01-20T15:46:00-05:00,103.10444,103.12444,103.07232,103.09232,1000
2026-01-20T15:47:00-05:00,103.09659,103.11659,103.04926,103.06926,1000
2026-01-20T15:48:00-05:00,103.08428,103.10428,103.02476,103.04476,1000
2026-01-20T15:49:00-05:00,103.06689,103.08689,102.99952,103.01952,1000
2026-01-20T15:50:00-05:00,103.04403,103.06403,102.97403,102.99403,1000
2026-01-20T15:51:00-05:00,103.01560,103.03560,102.94848,102.96848,1000
2026-01-20T15:52:00-05:00,102.98182,103.00182,102.92276,102.94276,1000
2026-01-20T15:53:00-05:00,102.94319,102.96319,102.89650,102.91650,1000
2026-01-20T15:54:00-05:00,102.90046,102.92046,102.86906,102.88906,1000
2026-01-20T15:55:00-05:00,102.85454,102.87970,102.83454,102.85970,1000
2026-01-20T15:56:00-05:00,102.80641,102.84756,102.78641,102.82756,1000
2026-01-20T15:57:00-05:00,102.75703,102.81184,102.73703,102.79184,1000
2026-01-20T15:58:00-05:00,102.70725,102.77189,102.68725,102.75189,1000
2026-01-20T15:59:00-05:00,102.65768,102.72724,102.63768,102.70724,1000
2026-01-21T09:30:00-05:00,102.60870,102.67771,102.58870,102.65771,1000
2026-01-21T09:31:00-05:00,102.56037,102.62344,102.54037,102.60344,1000
2026-01-21T09:32:00-05:00,102.51246,102.56486,102.49246,102.54486,1000
2026-01-21T09:33:00-05:00,102.46449,102.50264,102.44449,102.48264,1000
2026-01-21T09:34:00-05:00,102.41578,102.43769,102.39578,102.41769,1000
2026-01-21T09:35:00-05:00,102.36555,102.38555,102.33100,102.35100,1000
2026-01-21T09:36:00-05:00,102.31300,102.33300,102.26361,102.28361,1000
2026-01-21T09:37:00-05:00,102.25744,102.27744,102.19643,102.21643,1000
2026-01-21T09:38:00-05:00,102.19834,102.21834,102.13023,102.15023,1000
2026-01-21T09:39:00-05:00,102.13544,102.15544,102.06552,102.08552,1000
2026-01-21T09:40:00-05:00,102.06876,102.08876,102.00253,102.02253,1000
2026-01-21T09:41:00-05:00,101.99862,102.01862,101.94117,101.96117,1000
2026-01-21T09:42:00-05:00,101.92564,101.94564,101.88109,101.90109,1000
2026-01-21T09:43:00-05:00,101.85065,101.87065,101.82171,101.84171,1000
2026-01-21T09:44:00-05:00,101.77464,101.80229,101.75464,101.78229,1000
2026-01-21T09:45:00-05:00,101.69866,101.74205,101.67866,101.72205,1000
2026-01-21T09:46:00-05:00,101.62371,101.68027,101.60371,101.66027,1000
2026-01-21T09:47:00-05:00,101.55063,101.61634,101.53063,101.59634,1000
2026-01-21T09:48:00-05:00,101.48007,101.54989,101.46007,101.52989,1000
2026-01-21T09:49:00-05:00,101.41238,101.48083,101.39238,101.46083,1000
2026-01-21T09:50:00-05:00,101.34761,101.40936,101.32761,101.38936,1000
2026-01-21T09:51:00-05:00,101.28554,101.33599,101.26554,101.31599,1000
2026-01-21T09:52:00-05:00,101.22566,101.26146,101.20566,101.24146,1000
2026-01-21T09:53:00-05:00,101.16730,101.18730,101.14671,101.16671,1000
2026-01-21T09:54:00-05:00,101.10969,101.12969,101.07277,101.09277,1000
2026-01-21T09:55:00-05:00,101.05205,101.07205,101.00066,101.02066,1000
2026-01-21T09:56:00-05:00,100.99370,101.01370,100.93131,100.95131,1000
2026-01-21T09:57:00-05:00,100.93417,100.95417,100.86544,100.88544,1000
2026-01-21T09:58:00-05:00,100.87323,100.89323,100.80352,100.82352,1000
2026-01-21T09:59:00-05:00,100.81093,100.83093,100.74572,100.76572,1000
2026-01-21T10:00:00-05:00,100.74765,100.76765,100.69191,100.71191,1000
2026-01-21T10:01:00-05:00,100.68400,100.70400,100.64167,100.66167,1000
2026-01-21T10:02:00-05:00,100.62085,100.64085,100.59439,100.61439,1000
2026-01-21T10:03:00-05:00,100.55917,100.58928,100.53917,100.56928,1000
2026-01-21T10:04:00-05:00,100.49997,100.54555,100.47997,100.52555,1000
2026-01-21T10:05:00-05:00,100.44420,100.50243,100.42420,100.48243,1000
2026-01-21T10:06:00-05:00,100.39266,100.45933,100.37266,100.43933,1000
2026-01-21T10:07:00-05:00,100.34589,100.41586,100.32589,100.39586,1000
2026-01-21T10:08:00-05:00,100.30416,100.37194,100.28416,100.35194,1000
2026-01-21T10:09:00-05:00,100.26744,100.32776,100.24744,100.30776,1000
2026-01-21T10:10:00-05:00,100.23539,100.28381,100.21539,100.26381,1000
2026-01-21T10:11:00-05:00,100.20743,100.24083,100.18743,100.22083,1000
2026-01-21T10:12:00-05:00,100.18279,100.20279,100.15969,100.17969,1000
2026-01-21T10:13:00-05:00,100.16064,100.18064,100.12138,100.14138,1000
2026-01-21T10:14:00-05:00,100.14013,100.16013,100.08684,100.10684,1000
2026-01-21T10:15:00-05:00,100.12056,100.14056,100.05689,100.07689,1000
2026-01-21T10:16:00-05:00,100.10138,100.12138,100.03215,100.05215,1000
2026-01-21T10:17:00-05:00,100.08235,100.10235,100.01297,100.03297,1000
2026-01-21T10:18:00-05:00,100.06348,100.08348,99.99940,100.01940,1000
2026-01-21T10:19:00-05:00,100.04510,100.06510,99.99116,100.01116,1000
2026-01-21T10:20:00-05:00,100.02779,100.04779,99.98773,100.00773,1000
2026-01-21T10:21:00-05:00,100.01234,100.03234,99.98836,100.00836,1000
2026-01-21T10:22:00-05:00,99.99963,100.03219,99.97963,100.01219,1000
2026-01-21T10:23:00-05:00,99.99060,100.03830,99.97060,100.01830,1000
2026-01-21T10:24:00-05:00,99.98607,100.04586,99.96607,100.02586,1000
2026-01-21T10:25:00-05:00,99.98671,100.05422,99.96671,100.03422,1000
2026-01-21T10:26:00-05:00,99.99293,100.06292,99.97293,100.04292,1000
2026-01-21T10:27:00-05:00,100.00485,100.07182,99.98485,100.05182,1000
2026-01-21T10:28:00-05:00,100.02229,100.08107,100.00229,100.06107,1000
2026-01-21T10:29:00-05:00,100.04476,100.09109,100.02476,100.07109,1000
2026-01-21T10:30:00-05:00,100.07156,100.10253,100.05156,100.08253,1000
2026-01-21T10:31:00-05:00,100.10180,100.12180,100.07620,100.09620,1000
2026-01-21T10:32:00-05:00,100.13452,100.15452,100.09297,100.11297,1000
2026-01-21T10:33:00-05:00,100.16879,100.18879,100.11367,100.13367,1000
2026-01-21T10:34:00-05:00,100.20382,100.22382,100.13899,100.15899,1000
2026-01-21T10:35:00-05:00,100.23901,100.25901,100.16940,100.18940,1000
2026-01-21T10:36:00-05:00,100.27404,100.29404,100.20512,100.22512,1000
2026-01-21T10:37:00-05:00,100.30887,100.32887,100.24602,100.26602,1000
2026-01-21T10:38:00-05:00,100.34377,100.36377,100.29171,100.31171,1000
2026-01-21T10:39:00-05:00,100.37925,100.39925,100.34151,100.36151,1000
2026-01-21T10:40:00-05:00,100.41601,100.43601,100.39454,100.41454,1000
2026-01-21T10:41:00-05:00,100.45487,100.48983,100.43487,100.46983,1000
2026-01-21T10:42:00-05:00,100.49663,100.54638,100.47663,100.52638,1000
2026-01-21T10:43:00-05:00,100.54202,100.60329,100.52202,100.58329,1000
2026-01-21T10:44:00-05:00,100.59158,100.65981,100.57158,100.63981,1000
2026-01-21T10:45:00-05:00,100.64557,100.71546,100.62557,100.69546,1000
2026-01-21T10:46:00-05:00,100.70399,100.77004,100.68399,100.75004,1000
2026-01-21T10:47:00-05:00,100.76651,100.82366,100.74651,100.80366,1000
2026-01-21T10:48:00-05:00,100.83254,100.87670,100.81254,100.85670,1000
2026-01-21T10:49:00-05:00,100.90124,100.92974,100.88124,100.90974,1000
2026-01-21T10:50:00-05:00,100.97163,100.99163,100.94354,100.96354,1000
2026-01-21T10:51:00-05:00,101.04268,101.06268,100.99890,101.01890,1000
2026-01-21T10:52:00-05:00,101.11340,101.13340,101.05654,101.07654,1000
2026-01-21T10:53:00-05:00,101.18295,101.20295,101.11706,101.13706,1000
2026-01-21T10:54:00-05:00,101.25070,101.27070,101.18084,101.20084,1000
2026-01-21T10:55:00-05:00,101.31632,101.33632,101.24797,101.26797,1000
2026-01-21T10:56:00-05:00,101.37974,101.39974,101.31824,101.33824,1000
2026-01-21T10:57:00-05:00,101.44123,101.46123,101.39113,101.41113,1000
2026-01-21T10:58:00-05:00,101.50127,101.52127,101.46589,101.48589,1000
2026-01-21T10:59:00-05:00,101.56054,101.58158,101.54054,101.56158,1000
2026-01-21T11:00:00-05:00,101.61983,101.65717,101.59983,101.63717,1000
2026-01-21T11:01:00-05:00,101.67989,101.73161,101.65989,101.71161,1000
2026-01-21T11:02:00-05:00,101.74138,101.80400,101.72138,101.78400,1000
2026-01-21T11:03:00-05:00,101.80478,101.87361,101.78478,101.85361,1000
2026-01-21T11:04:00-05:00,101.87029,101.93995,101.85029,101.91995,1000
2026-01-21T11:05:00-05:00,101.93783,102.00286,101.91783,101.98286,1000
2026-01-21T11:06:00-05:00,102.00703,102.06246,101.98703,102.04246,1000
2026-01-21T11:07:00-05:00,102.07722,102.11915,102.05722,102.09915,1000
2026-01-21T11:08:00-05:00,102.14754,102.17357,102.12754,102.15357,1000
2026-01-21T11:09:00-05:00,102.21699,102.23699,102.18644,102.20644,1000
2026-01-21T11:10:00-05:00,102.28454,102.30454,102.23858,102.25858,1000
2026-01-21T11:11:00-05:00,102.34922,102.36922,102.29071,102.31071,1000
2026-01-21T11:12:00-05:00,102.41023,102.43023,102.34340,102.36340,1000
2026-01-21T11:13:00-05:00,102.46699,102.48699,102.39700,102.41700,1000
2026-01-21T11:14:00-05:00,102.51923,102.53923,102.45159,102.47159,1000
2026-01-21T11:15:00-05:00,102.56696,102.58696,102.50691,102.52691,1000
2026-01-21T11:16:00-05:00,102.61050,102.63050,102.56245,102.58245,1000
2026-01-21T11:17:00-05:00,102.65042,102.67042,102.61745,102.63745,1000
2026-01-21T11:18:00-05:00,102.68745,102.71099,102.66745,102.69099,1000
2026-01-21T11:19:00-05:00,102.72241,102.76207,102.70241,102.74207,1000
2026-01-21T11:20:00-05:00,102.75609,102.80972,102.73609,102.78972,1000
2026-01-21T11:21:00-05:00,102.78919,102.85307,102.76919,102.83307,1000
2026-01-21T11:22:00-05:00,102.82219,102.89149,102.80219,102.87149,1000
2026-01-21T11:23:00-05:00,102.85531,102.92462,102.83531,102.90462,1000
2026-01-21T11:24:00-05:00,102.88849,102.95237,102.86849,102.93237,1000
2026-01-21T11:25:00-05:00,102.92138,102.97499,102.90138,102.95499,1000
2026-01-21T11:26:00-05:00,102.95333,102.99298,102.93333,102.97298,1000
2026-01-21T11:27:00-05:00,102.98354,103.00707,102.96354,102.98707,1000
2026-01-21T11:28:00-05:00,103.01106,103.03106,102.97808,102.99808,1000
2026-01-21T11:29:00-05:00,103.03495,103.05495,102.98688,103.00688,1000
2026-01-21T11:30:00-05:00,103.05433,103.07433,102.99427,103.01427,1000
2026-01-21T11:31:00-05:00,103.06853,103.08853,103.00088,103.02088,1000
2026-01-21T11:32:00-05:00,103.07709,103.09709,103.00710,103.02710,1000
2026-01-21T11:33:00-05:00,103.07986,103.09986,103.01304,103.03304,1000
2026-01-21T11:34:00-05:00,103.07701,103.09701,103.01851,103.03851,1000
2026-01-21T11:35:00-05:00,103.06898,103.08898,103.02303,103.04303,1000
2026-01-21T11:36:00-05:00,103.05646,103.07646,103.02593,103.04593,1000
2026-01-21T11:37:00-05:00,103.04031,103.06635,103.02031,103.04635,1000
2026-01-21T11:38:00-05:00,103.02144,103.06339,103.00144,103.04339,1000
2026-01-21T11:39:00-05:00,103.00074,103.05618,102.98074,103.03618,1000
2026-01-21T11:40:00-05:00,102.97898,103.04401,102.95898,103.02401,1000
2026-01-21T11:41:00-05:00,102.95671,103.02637,102.93671,103.00637,1000
2026-01-21T11:42:00-05:00,102.93421,103.00304,102.91421,102.98304,1000
2026-01-21T11:43:00-05:00,102.91148,102.97410,102.89148,102.95410,1000
2026-01-21T11:44:00-05:00,102.88821,102.93993,102.86821,102.91993,1000
2026-01-21T11:45:00-05:00,102.86385,102.90118,102.84385,102.88118,1000
2026-01-21T11:46:00-05:00,102.83767,102.85870,102.81767,102.83870,1000
2026-01-21T11:47:00-05:00,102.80882,102.82882,102.77344,102.79344,1000
2026-01-21T11:48:00-05:00,102.77647,102.79647,102.72636,102.74636,1000
2026-01-21T11:49:00-05:00,102.73987,102.75987,102.67836,102.69836,1000
2026-01-21T11:50:00-05:00,102.69846,102.71846,102.63011,102.65011,1000
2026-01-21T11:51:00-05:00,102.65195,102.67195,102.58209,102.60209,1000
2026-01-21T11:52:00-05:00,102.60033,102.62033,102.53445,102.55445,1000
2026-01-21T11:53:00-05:00,102.54392,102.56392,102.48706,102.50706,1000
2026-01-21T11:54:00-05:00,102.48329,102.50329,102.43952,102.45952,1000
2026-01-21T11:55:00-05:00,102.41927,102.43927,102.39120,102.41120,1000
2026-01-21T11:56:00-05:00,102.35282,102.38134,102.33282,102.36134,1000
2026-01-21T11:57:00-05:00,102.28494,102.32911,102.26494,102.30911,1000
2026-01-21T11:58:00-05:00,102.21662,102.27378,102.19662,102.25378,1000
2026-01-21T11:59:00-05:00,102.14866,102.21472,102.12866,102.19472,1000
2026-01-21T12:00:00-05:00,102.08168,102.15157,102.06168,102.13157,1000
2026-01-21T12:01:00-05:00,102.01601,102.08423,101.99601,102.06423,1000
2026-01-21T12:02:00-05:00,101.95166,102.01291,101.93166,101.99291,1000
2026-01-21T12:03:00-05:00,101.88837,101.93811,101.86837,101.91811,1000
2026-01-21T12:04:00-05:00,101.82563,101.86059,101.80563,101.84059,1000
2026-01-21T12:05:00-05:00,101.76276,101.78276,101.74128,101.76128,1000
2026-01-21T12:06:00-05:00,101.69897,101.71897,101.66122,101.68122,1000
2026-01-21T12:07:00-05:00,101.63350,101.65350,101.58143,101.60143,1000
2026-01-21T12:08:00-05:00,101.56568,101.58568,101.50283,101.52283,1000
2026-01-21T12:09:00-05:00,101.49506,101.51506,101.42614,101.44614,1000
2026-01-21T12:10:00-05:00,101.42143,101.44143,101.35182,101.37182,1000
2026-01-21T12:11:00-05:00,101.34488,101.36488,101.28005,101.30005,1000
2026-01-21T12:12:00-05:00,101.26581,101.28581,101.21069,101.23069,1000
2026-01-21T12:13:00-05:00,101.18488,101.20488,101.14335,101.16335,1000
2026-01-21T12:14:00-05:00,101.10298,101.12298,101.07740,101.09740,1000
2026-01-21T12:15:00-05:00,101.02111,101.05209,101.00111,101.03209,1000
2026-01-21T12:16:00-05:00,100.94032,100.98665,100.92032,100.96665,1000
2026-01-21T12:17:00-05:00,100.86157,100.92037,100.84157,100.90037,1000
2026-01-21T12:18:00-05:00,100.78569,100.85267,100.76569,100.83267,1000
2026-01-21T12:19:00-05:00,100.71325,100.78324,100.69325,100.76324,1000
2026-01-21T12:20:00-05:00,100.64454,100.71205,100.62454,100.69205,1000
2026-01-21T12:21:00-05:00,100.57955,100.63934,100.55955,100.61934,1000
2026-01-21T12:22:00-05:00,100.51798,100.56567,100.49798,100.54567,1000
2026-01-21T12:23:00-05:00,100.45927,100.49181,100.43927,100.47181,1000
2026-01-21T12:24:00-05:00,100.40271,100.42271,100.37872,100.39872,1000
2026-01-21T12:25:00-05:00,100.34750,100.36750,100.30743,100.32743,1000
2026-01-21T12:26:00-05:00,100.29288,100.31288,100.23892,100.25892,1000
2026-01-21T12:27:00-05:00,100.23817,100.25817,100.17408,100.19408,1000
2026-01-21T12:28:00-05:00,100.18293,100.20293,100.11355,100.13355,1000
2026-01-21T12:29:00-05:00,100.12697,100.14697,100.05774,100.07774,1000
2026-01-21T12:30:00-05:00,100.07039,100.09039,100.00672,100.02672,1000
2026-01-21T12:31:00-05:00,100.01358,100.03358,99.96030,99.98030,1000
2026-01-21T12:32:00-05:00,99.95722,99.97722,99.91797,99.93797,1000
2026-01-21T12:33:00-05:00,99.90215,99.92215,99.87906,99.89906,1000
2026-01-21T12:34:00-05:00,99.84934,99.88275,99.82934,99.86275,1000
2026-01-21T12:35:00-05:00,99.79978,99.84821,99.77978,99.82821,1000
2026-01-21T12:36:00-05:00,99.75436,99.81468,99.73436,99.79468,1000
2026-01-21T12:37:00-05:00,99.71380,99.78158,99.69380,99.76158,1000
2026-01-21T12:38:00-05:00,99.67858,99.74855,99.65858,99.72855,1000
2026-01-21T12:39:00-05:00,99.64886,99.71553,99.62886,99.69553,1000
2026-01-21T12:40:00-05:00,99.62452,99.68274,99.60452,99.66274,1000
2026-01-21T12:41:00-05:00,99.60514,99.65071,99.58514,99.63071,1000
2026-01-21T12:42:00-05:00,99.59005,99.62015,99.57005,99.60015,1000
2026-01-21T12:43:00-05:00,99.57844,99.59844,99.55196,99.57196,1000
2026-01-21T12:44:00-05:00,99.56942,99.58942,99.52708,99.54708,1000
2026-01-21T12:45:00-05:00,99.56215,99.58215,99.50640,99.52640,1000
2026-01-21T12:46:00-05:00,99.55590,99.57590,99.49068,99.51068,1000
2026-01-21T12:47:00-05:00,99.55016,99.57016,99.48045,99.50045,1000
2026-01-21T12:48:00-05:00,99.54468,99.56468,99.47595,99.49595,1000
2026-01-21T12:49:00-05:00,99.53953,99.55953,99.47715,99.49715,1000
2026-01-21T12:50:00-05:00,99.53504,99.55504,99.48367,99.50367,1000
2026-01-21T12:51:00-05:00,99.53182,99.55182,99.49491,99.51491,1000
2026-01-21T12:52:00-05:00,99.53062,99.55062,99.51004,99.53004,1000
2026-01-21T12:53:00-05:00,99.53234,99.56815,99.51234,99.54815,1000
2026-01-21T12:54:00-05:00,99.53785,99.58831,99.51785,99.56831,1000
2026-01-21T12:55:00-05:00,99.54791,99.60966,99.52791,99.58966,1000
2026-01-21T12:56:00-05:00,99.56311,99.63156,99.54311,99.61156,1000
2026-01-21T12:57:00-05:00,99.58377,99.65359,99.56377,99.63359,1000
2026-01-21T12:58:00-05:00,99.60992,99.67562,99.58992,99.65562,1000
2026-01-21T12:59:00-05:00,99.64127,99.69782,99.62127,99.67782,1000
2026-01-21T13:00:00-05:00,99.67726,99.72064,99.65726,99.70064,1000
2026-01-21T13:01:00-05:00,99.71710,99.74473,99.69710,99.72473,1000
2026-01-21T13:02:00-05:00,99.75984,99.77984,99.73089,99.75089,1000
2026-01-21T13:03:00-05:00,99.80451,99.82451,99.75996,99.77996,1000
2026-01-21T13:04:00-05:00,99.85016,99.87016,99.79271,99.81271,1000
2026-01-21T13:05:00-05:00,99.89600,99.91600,99.82977,99.84977,1000
2026-01-21T13:06:00-05:00,99.94145,99.96145,99.87154,99.89154,1000
2026-01-21T13:07:00-05:00,99.98623,100.00623,99.91812,99.93812,1000
2026-01-21T13:08:00-05:00,100.03032,100.05032,99.96932,99.98932,1000
2026-01-21T13:09:00-05:00,100.07403,100.09403,100.02464,100.04464,1000
2026-01-21T13:10:00-05:00,100.11788,100.13788,100.08335,100.10335,1000
2026-01-21T13:11:00-05:00,100.16259,100.18451,100.14259,100.16451,1000
2026-01-21T13:12:00-05:00,100.20895,100.24712,100.18895,100.22712,1000
2026-01-21T13:13:00-05:00,100.25774,100.31015,100.23774,100.29015,1000
2026-01-21T13:14:00-05:00,100.30964,100.37272,100.28964,100.35272,1000
2026-01-21T13:15:00-05:00,100.36510,100.43411,100.34510,100.41411,1000
2026-01-21T13:16:00-05:00,100.42433,100.49388,100.40433,100.47388,1000
2026-01-21T13:17:00-05:00,100.48725,100.55188,100.46725,100.53188,1000
2026-01-21T13:18:00-05:00,100.55344,100.60824,100.53344,100.58824,1000
2026-01-21T13:19:00-05:00,100.62225,100.66339,100.60225,100.64339,1000
2026-01-21T13:20:00-05:00,100.69280,100.71794,100.67280,100.69794,1000
2026-01-21T13:21:00-05:00,100.76407,100.78407,100.73266,100.75266,1000
2026-01-21T13:22:00-05:00,100.83503,100.85503,100.78832,100.80832,1000
2026-01-21T13:23:00-05:00,100.90469,100.92469,100.84562,100.86562,1000
2026-01-21T13:24:00-05:00,100.97226,100.99226,100.90513,100.92513,1000
2026-01-21T13:25:00-05:00,101.03715,101.05715,100.96716,100.98716,1000
2026-01-21T13:26:00-05:00,101.09908,101.11908,101.03172,101.05172,1000
2026-01-21T13:27:00-05:00,101.15806,101.17806,101.09855,101.11855,1000
2026-01-21T13:28:00-05:00,101.21439,101.23439,101.16708,101.18708,1000
2026-01-21T13:29:00-05:00,101.26862,101.28862,101.23651,101.25651,1000
2026-01-21T13:30:00-05:00,101.32145,101.34588,101.30145,101.32588,1000
2026-01-21T13:31:00-05:00,101.37367,101.41415,101.35367,101.39415,1000
2026-01-21T13:32:00-05:00,101.42603,101.48031,101.40603,101.46031,1000
2026-01-21T13:33:00-05:00,101.47918,101.54348,101.45918,101.52348,1000
2026-01-21T13:34:00-05:00,101.53354,101.60299,101.51354,101.58299,1000
2026-01-21T13:35:00-05:00,101.58927,101.65843,101.56927,101.63843,1000
2026-01-21T13:36:00-05:00,101.64626,101.70970,101.62626,101.68970,1000
2026-01-21T13:37:00-05:00,101.70405,101.75701,101.68405,101.73701,1000
2026-01-21T13:38:00-05:00,101.76198,101.80082,101.74198,101.78082,1000
2026-01-21T13:39:00-05:00,101.81915,101.84180,101.79915,101.82180,1000
2026-01-21T13:40:00-05:00,101.87458,101.89458,101.84074,101.86074,1000
2026-01-21T13:41:00-05:00,101.92724,101.94724,101.87844,101.89844,1000
2026-01-21T13:42:00-05:00,101.97622,101.99622,101.91564,101.93564,1000
2026-01-21T13:43:00-05:00,102.02079,102.04079,101.95288,101.97288,1000
2026-01-21T13:44:00-05:00,102.06044,102.08044,101.99049,102.01049,1000
2026-01-21T13:45:00-05:00,102.09499,102.11499,102.02849,102.04849,1000
2026-01-21T13:46:00-05:00,102.12454,102.14454,102.06661,102.08661,1000
2026-01-21T13:47:00-05:00,102.14948,102.16948,102.10430,102.12430,1000
2026-01-21T13:48:00-05:00,102.17046,102.19046,102.14079,102.16079,1000
2026-01-21T13:49:00-05:00,102.18825,102.21517,102.16825,102.19517,1000
2026-01-21T13:50:00-05:00,102.20371,102.24645,102.18371,102.22645,1000
2026-01-21T13:51:00-05:00,102.21766,102.27372,102.19766,102.25372,1000
2026-01-21T13:52:00-05:00,102.23078,102.29618,102.21078,102.27618,1000
2026-01-21T13:53:00-05:00,102.24353,102.31329,102.22353,102.29329,1000
2026-01-21T13:54:00-05:00,102.25613,102.32476,102.23613,102.30476,1000
2026-01-21T13:55:00-05:00,102.26846,102.33061,102.24846,102.31061,1000
2026-01-21T13:56:00-05:00,102.28015,102.33118,102.26015,102.31118,1000
2026-01-21T13:57:00-05:00,102.29056,102.32706,102.27056,102.30706,1000
2026-01-21T13:58:00-05:00,102.29888,102.31902,102.27888,102.29902,1000
2026-01-21T13:59:00-05:00,102.30419,102.32419,102.26796,102.28796,1000
2026-01-21T14:00:00-05:00,102.30559,102.32559,102.25478,102.27478,1000
2026-01-21T14:01:00-05:00,102.30227,102.32227,102.24027,102.26027,1000
2026-01-21T14:02:00-05:00,102.29362,102.31362,102.22505,102.24505,1000
2026-01-21T14:03:00-05:00,102.27929,102.29929,102.20951,102.22951,1000
2026-01-21T14:04:00-05:00,102.25924,102.27924,102.19372,102.21372,1000
2026-01-21T14:05:00-05:00,102.23372,102.25372,102.17746,102.19746,1000
2026-01-21T14:06:00-05:00,102.20326,102.22326,102.16027,102.18027,1000
2026-01-21T14:07:00-05:00,102.16864,102.18864,102.14144,102.16144,1000
2026-01-21T14:08:00-05:00,102.13075,102.16014,102.11075,102.14014,1000
2026-01-21T14:09:00-05:00,102.09057,102.13551,102.07057,102.11551,1000
2026-01-21T14:10:00-05:00,102.04899,102.10674,102.02899,102.08674,1000
2026-01-21T14:11:00-05:00,102.00677,102.07317,101.98677,102.05317,1000
2026-01-21T14:12:00-05:00,101.96446,102.03440,101.94446,102.01440,1000
2026-01-21T14:13:00-05:00,101.92231,101.99029,101.90231,101.97029,1000
2026-01-21T14:14:00-05:00,101.88028,101.94102,101.86028,101.92102,1000
2026-01-21T14:15:00-05:00,101.83805,101.88707,101.81805,101.86707,1000
2026-01-21T14:16:00-05:00,101.79506,101.82916,101.77506,101.80916,1000
2026-01-21T14:17:00-05:00,101.75056,101.77056,101.72819,101.74819,1000
2026-01-21T14:18:00-05:00,101.70375,101.72375,101.66517,101.68517,1000
2026-01-21T14:19:00-05:00,101.65381,101.67381,101.60107,101.62107,1000
2026-01-21T14:20:00-05:00,101.60007,101.62007,101.53677,101.55677,1000
2026-01-21T14:21:00-05:00,101.54205,101.56205,101.47296,101.49296,1000
2026-01-21T14:22:00-05:00,101.47954,101.49954,101.41005,101.43005,1000
2026-01-21T14:23:00-05:00,101.41261,101.43261,101.34818,101.36818,1000
2026-01-21T14:24:00-05:00,101.34165,101.36165,101.28717,101.30717,1000
2026-01-21T14:25:00-05:00,101.26734,101.28734,101.22660,101.24660,1000
2026-01-21T14:26:00-05:00,101.19053,101.21053,101.16583,101.18583,1000
2026-01-21T14:27:00-05:00,101.11224,101.14408,101.09224,101.12408,1000
2026-01-21T14:28:00-05:00,101.03349,101.08058,101.01349,101.06058,1000
2026-01-21T14:29:00-05:00,100.95525,101.01460,100.93525,100.99460,1000
2026-01-21T14:30:00-05:00,100.87832,100.94560,100.85832,100.92560,1000
2026-01-21T14:31:00-05:00,100.80326,100.87326,100.78326,100.85326,1000
2026-01-21T14:32:00-05:00,100.73035,100.79757,100.71035,100.77757,1000
2026-01-21T14:33:00-05:00,100.65956,100.71881,100.63956,100.69881,1000
2026-01-21T14:34:00-05:00,100.59060,100.63754,100.57060,100.61754,1000
2026-01-21T14:35:00-05:00,100.52290,100.55458,100.50290,100.53458,1000
2026-01-21T14:36:00-05:00,100.45577,100.47577,100.43090,100.45090,1000
2026-01-21T14:37:00-05:00,100.38842,100.40842,100.34754,100.36754,1000
2026-01-21T14:38:00-05:00,100.32010,100.34010,100.26551,100.28551,1000
2026-01-21T14:39:00-05:00,100.25020,100.27020,100.18570,100.20570,1000
2026-01-21T14:40:00-05:00,100.17829,100.19829,100.10878,100.12878,1000
2026-01-21T14:41:00-05:00,100.10423,100.12423,100.03517,100.05517,1000
2026-01-21T14:42:00-05:00,100.02818,100.04818,99.96496,99.98496,1000
2026-01-21T14:43:00-05:00,99.95058,99.97058,99.89796,99.91796,1000
2026-01-21T14:44:00-05:00,99.87214,99.89214,99.83371,99.85371,1000
2026-01-21T14:45:00-05:00,99.79377,99.81377,99.77157,99.79157,1000
2026-01-21T14:46:00-05:00,99.71648,99.75074,99.69648,99.73074,1000
2026-01-21T14:47:00-05:00,99.64131,99.69046,99.62131,99.67046,1000
2026-01-21T14:48:00-05:00,99.56918,99.63002,99.54918,99.61002,1000
2026-01-21T14:49:00-05:00,99.50085,99.56889,99.48085,99.54889,1000
2026-01-21T14:50:00-05:00,99.43684,99.50678,99.41684,99.48678,1000
2026-01-21T14:51:00-05:00,99.37736,99.44370,99.35736,99.42370,1000
2026-01-21T14:52:00-05:00,99.32231,99.37995,99.30231,99.35995,1000
2026-01-21T14:53:00-05:00,99.27132,99.31612,99.25132,99.29612,1000
2026-01-21T14:54:00-05:00,99.22377,99.25300,99.20377,99.23300,1000
2026-01-21T14:55:00-05:00,99.17891,99.19891,99.15156,99.17156,1000
2026-01-21T14:56:00-05:00,99.13592,99.15592,99.09279,99.11279,1000
2026-01-21T14:57:00-05:00,99.09401,99.11401,99.03764,99.05764,1000
2026-01-21T14:58:00-05:00,99.05253,99.07253,98.98694,99.00694,1000
2026-01-21T14:59:00-05:00,99.01105,99.03105,98.94125,98.96125,1000
2026-01-21T15:00:00-05:00,98.96942,98.98942,98.90090,98.92090,1000
2026-01-21T15:01:00-05:00,98.92777,98.94777,98.86586,98.88586,1000
2026-01-21T15:02:00-05:00,98.88653,98.90653,98.83585,98.85585,1000
2026-01-21T15:03:00-05:00,98.84637,98.86637,98.81030,98.83030,1000
2026-01-21T15:04:00-05:00,98.80815,98.82846,98.78815,98.80846,1000
2026-01-21T15:05:00-05:00,98.77282,98.80947,98.75282,98.78947,1000
2026-01-21T15:06:00-05:00,98.74132,98.79248,98.72132,98.77248,1000
2026-01-21T15:07:00-05:00,98.71449,98.77672,98.69449,98.75672,1000
2026-01-21T15:08:00-05:00,98.69296,98.76162,98.67296,98.74162,1000
2026-01-21T15:09:00-05:00,98.67711,98.74685,98.65711,98.72685,1000
2026-01-21T15:10:00-05:00,98.66702,98.73236,98.64702,98.71236,1000
2026-01-21T15:11:00-05:00,98.66247,98.71841,98.64247,98.69841,1000
2026-01-21T15:12:00-05:00,98.66294,98.70553,98.64294,98.68553,1000
2026-01-21T15:13:00-05:00,98.66770,98.69446,98.64770,98.67446,1000
2026-01-21T15:14:00-05:00,98.67588,98.69588,98.64605,98.66605,1000
2026-01-21T15:15:00-05:00,98.68655,98.70655,98.64122,98.66122,1000
2026-01-21T15:16:00-05:00,98.69884,98.71884,98.64081,98.66081,1000
2026-01-21T15:17:00-05:00,98.71205,98.73205,98.64548,98.66548,1000
2026-01-21T15:18:00-05:00,98.72566,98.74566,98.65570,98.67570,1000
2026-01-21T15:19:00-05:00,98.73946,98.75946,98.67160,98.69160,1000
2026-01-21T15:20:00-05:00,98.75353,98.77353,98.69304,98.71304,1000
2026-01-21T15:21:00-05:00,98.76824,98.78824,98.71958,98.73958,1000
2026-01-21T15:22:00-05:00,98.78418,98.80418,98.75050,98.77050,1000
2026-01-21T15:23:00-05:00,98.80213,98.82493,98.78213,98.80493,1000
2026-01-21T15:24:00-05:00,98.82293,98.86192,98.80293,98.84192,1000
2026-01-21T15:25:00-05:00,98.84741,98.90049,98.82741,98.88049,1000
2026-01-21T15:26:00-05:00,98.87629,98.93981,98.85629,98.91981,1000
2026-01-21T15:27:00-05:00,98.91005,98.97923,98.89005,98.95923,1000
2026-01-21T15:28:00-05:00,98.94894,99.01837,98.92894,98.99837,1000
2026-01-21T15:29:00-05:00,98.99289,99.05711,98.97289,99.03711,1000
2026-01-21T15:30:00-05:00,99.04152,99.09567,99.02152,99.07567,1000
2026-01-21T15:31:00-05:00,99.09418,99.13451,99.07418,99.11451,1000
2026-01-21T15:32:00-05:00,99.15003,99.17429,99.13003,99.15429,1000
2026-01-21T15:33:00-05:00,99.20807,99.22807,99.17580,99.19580,1000
2026-01-21T15:34:00-05:00,99.26730,99.28730,99.21985,99.23985,1000
2026-01-21T15:35:00-05:00,99.32677,99.34677,99.26715,99.28715,1000
2026-01-21T15:36:00-05:00,99.38571,99.40571,99.31829,99.33829,1000
2026-01-21T15:37:00-05:00,99.44356,99.46356,99.37357,99.39357,1000
2026-01-21T15:38:00-05:00,99.50009,99.52009,99.43301,99.45301,1000
2026-01-21T15:39:00-05:00,99.55532,99.57532,99.49635,99.51635,1000
2026-01-21T15:40:00-05:00,99.60958,99.62958,99.56301,99.58301,1000
2026-01-21T15:41:00-05:00,99.66344,99.68344,99.63219,99.65219,1000
2026-01-21T15:42:00-05:00,99.71762,99.74292,99.69762,99.72292,1000
2026-01-21T15:43:00-05:00,99.77289,99.81417,99.75289,99.79417,1000
2026-01-21T15:44:00-05:00,99.83001,99.88492,99.81001,99.86492,1000
2026-01-21T15:45:00-05:00,99.88960,99.95430,99.86960,99.93430,1000
2026-01-21T15:46:00-05:00,99.95207,100.02164,99.93207,100.00164,1000
2026-01-21T15:47:00-05:00,100.01756,100.08654,99.99756,100.06654,1000
2026-01-21T15:48:00-05:00,100.08591,100.14891,100.06591,100.12891,1000
2026-01-21T15:49:00-05:00,100.15665,100.20893,100.13665,100.18893,1000
2026-01-21T15:50:00-05:00,100.22906,100.26707,100.20906,100.24707,1000
2026-01-21T15:51:00-05:00,100.30223,100.32399,100.28223,100.30399,1000
2026-01-21T15:52:00-05:00,100.37513,100.39513,100.34044,100.36044,1000
2026-01-21T15:53:00-05:00,100.44673,100.46673,100.39721,100.41721,1000
2026-01-21T15:54:00-05:00,100.51607,100.53607,100.45498,100.47498,1000
2026-01-21T15:55:00-05:00,100.58241,100.60241,100.51426,100.53426,1000
2026-01-21T15:56:00-05:00,100.64522,100.66522,100.57531,100.59531,1000
2026-01-21T15:57:00-05:00,100.70428,100.72428,100.63811,100.65811,1000
2026-01-21T15:58:00-05:00,100.75967,100.77967,100.70232,100.72232,1000
2026-01-21T15:59:00-05:00,100.81176,100.83176,100.76735,100.78735,1000
2026-01-22T09:30:00-05:00,100.86115,100.88115,100.83236,100.85236,1000
2026-01-22T09:31:00-05:00,100.90858,100.93637,100.88858,100.91637,1000
2026-01-22T09:32:00-05:00,100.95485,100.99837,100.93485,100.97837,1000
2026-01-22T09:33:00-05:00,101.00071,101.05737,100.98071,101.03737,1000
2026-01-22T09:34:00-05:00,101.04679,101.11256,101.02679,101.09256,1000
2026-01-22T09:35:00-05:00,101.09348,101.16331,101.07348,101.14331,1000
2026-01-22T09:36:00-05:00,101.14091,101.20932,101.12091,101.18932,1000
2026-01-22T09:37:00-05:00,101.18890,101.25056,101.16890,101.23056,1000
2026-01-22T09:38:00-05:00,101.23699,101.28732,101.21699,101.26732,1000
2026-01-22T09:39:00-05:00,101.28448,101.32013,101.26448,101.30013,1000
2026-01-22T09:40:00-05:00,101.33047,101.35047,101.30972,101.32972,1000
2026-01-22T09:41:00-05:00,101.37398,101.39398,101.33692,101.35692,1000
2026-01-22T09:42:00-05:00,101.41404,101.43404,101.36254,101.38254,1000
2026-01-22T09:43:00-05:00,101.44979,101.46979,101.38731,101.40731,1000
2026-01-22T09:44:00-05:00,101.48055,101.50055,101.41179,101.43179,1000
2026-01-22T09:45:00-05:00,101.50593,101.52593,101.43624,101.45624,1000
2026-01-22T09:46:00-05:00,101.52583,101.54583,101.46068,101.48068,1000
2026-01-22T09:47:00-05:00,101.54043,101.56043,101.48480,101.50480,1000
2026-01-22T09:48:00-05:00,101.55023,101.57023,101.50803,101.52803,1000
2026-01-22T09:49:00-05:00,101.55593,101.57593,101.52961,101.54961,1000
2026-01-22T09:50:00-05:00,101.55837,101.58863,101.53837,101.56863,1000
2026-01-22T09:51:00-05:00,101.55843,101.60414,101.53843,101.58414,1000
2026-01-22T09:52:00-05:00,101.55695,101.61527,101.53695,101.59527,1000
2026-01-22T09:53:00-05:00,101.55461,101.62133,101.53461,101.60133,1000
2026-01-22T09:54:00-05:00,101.55185,101.62183,101.53185,101.60183,1000
2026-01-22T09:55:00-05:00,101.54886,101.61659,101.52886,101.59659,1000
2026-01-22T09:56:00-05:00,101.54551,101.60574,101.52551,101.58574,1000
2026-01-22T09:57:00-05:00,101.54141,101.58971,101.52141,101.56971,1000
2026-01-22T09:58:00-05:00,101.53590,101.56915,101.51590,101.54915,1000
2026-01-22T09:59:00-05:00,101.52818,101.54818,101.50493,101.52493,1000
2026-01-22T10:00:00-05:00,101.51736,101.53736,101.47796,101.49796,1000
2026-01-22T10:01:00-05:00,101.50259,101.52259,101.44918,101.46918,1000
2026-01-22T10:02:00-05:00,101.48313,101.50313,101.41939,101.43939,1000
2026-01-22T10:03:00-05:00,101.45846,101.47846,101.38920,101.40920,1000
2026-01-22T10:04:00-05:00,101.42831,101.44831,101.35896,101.37896,1000
2026-01-22T10:05:00-05:00,101.39274,101.41274,101.32873,101.34873,1000
2026-01-22T10:06:00-05:00,101.35210,101.37210,101.29827,101.31827,1000
2026-01-22T10:07:00-05:00,101.30701,101.32701,101.26708,101.28708,1000
2026-01-22T10:08:00-05:00,101.25830,101.27830,101.23448,101.25448,1000
2026-01-22T10:09:00-05:00,101.20693,101.23963,101.18693,101.21963,1000
2026-01-22T10:10:00-05:00,101.15389,101.20172,101.13389,101.18172,1000
2026-01-22T10:11:00-05:00,101.10010,101.15998,101.08010,101.13998,1000
2026-01-22T10:12:00-05:00,101.04630,101.11385,101.02630,101.09385,1000
2026-01-22T10:13:00-05:00,100.99300,101.06299,100.97300,101.04299,1000
2026-01-22T10:14:00-05:00,100.94044,101.00736,100.92044,100.98736,1000
2026-01-22T10:15:00-05:00,100.88854,100.94723,100.86854,100.92723,1000
2026-01-22T10:16:00-05:00,100.83695,100.88315,100.81695,100.86315,1000
2026-01-22T10:17:00-05:00,100.78509,100.81591,100.76509,100.79591,1000
2026-01-22T10:18:00-05:00,100.73223,100.75223,100.70648,100.72648,1000
2026-01-22T10:19:00-05:00,100.67756,100.69756,100.63588,100.65588,1000
2026-01-22T10:20:00-05:00,100.62032,100.64032,100.56509,100.58509,1000
2026-01-22T10:21:00-05:00,100.55988,100.57988,100.49498,100.51498,1000
2026-01-22T10:22:00-05:00,100.49583,100.51583,100.42621,100.44621,1000
2026-01-22T10:23:00-05:00,100.42804,100.44804,100.35915,100.37915,1000
2026-01-22T10:24:00-05:00,100.35666,100.37666,100.29389,100.31389,1000
2026-01-22T10:25:00-05:00,100.28216,100.30216,100.23022,100.25022,1000
2026-01-22T10:26:00-05:00,100.20527,100.22527,100.16766,100.18766,1000
2026-01-22T10:27:00-05:00,100.12689,100.14689,100.10557,100.12557,1000
2026-01-22T10:28:00-05:00,100.04807,100.08317,100.02807,100.06317,1000
2026-01-22T10:29:00-05:00,99.96982,100.01969,99.94982,99.99969,1000
2026-01-22T10:30:00-05:00,99.89311,99.95445,99.87311,99.93445,1000
2026-01-22T10:31:00-05:00,99.81868,99.88695,99.79868,99.86695,1000
2026-01-22T10:32:00-05:00,99.74705,99.81693,99.72705,99.79693,1000
2026-01-22T10:33:00-05:00,99.67845,99.74445,99.65845,99.72445,1000
2026-01-22T10:34:00-05:00,99.61278,99.66984,99.59278,99.64984,1000
2026-01-22T10:35:00-05:00,99.54970,99.59373,99.52970,99.57373,1000
2026-01-22T10:36:00-05:00,99.48860,99.51696,99.46860,99.49696,1000
2026-01-22T10:37:00-05:00,99.42876,99.44876,99.40053,99.42053,1000
2026-01-22T10:38:00-05:00,99.36938,99.38938,99.32547,99.34547,1000
2026-01-22T10:39:00-05:00,99.30974,99.32974,99.25277,99.27277,1000
2026-01-22T10:40:00-05:00,99.24923,99.26923,99.18328,99.20328,1000
2026-01-22T10:41:00-05:00,99.18748,99.20748,99.11761,99.13761,1000
2026-01-22T10:42:00-05:00,99.12440,99.14440,99.05609,99.07609,1000
2026-01-22T10:43:00-05:00,99.06018,99.08018,98.99876,99.01876,1000
2026-01-22T10:44:00-05:00,98.99532,99.01532,98.94535,98.96535,1000
2026-01-22T10:45:00-05:00,98.93057,98.95057,98.89533,98.91533,1000
2026-01-22T10:46:00-05:00,98.86682,98.88801,98.84682,98.86801,1000
2026-01-22T10:47:00-05:00,98.80511,98.84258,98.78511,98.82258,1000
2026-01-22T10:48:00-05:00,98.74641,98.79825,98.72641,98.77825,1000
2026-01-22T10:49:00-05:00,98.69162,98.75433,98.67162,98.73433,1000
2026-01-22T10:50:00-05:00,98.64143,98.71030,98.62143,98.69030,1000
2026-01-22T10:51:00-05:00,98.59627,98.66591,98.57627,98.64591,1000
2026-01-22T10:52:00-05:00,98.55625,98.62121,98.53625,98.60121,1000
2026-01-22T10:53:00-05:00,98.52121,98.57654,98.50121,98.55654,1000
2026-01-22T10:54:00-05:00,98.49069,98.53249,98.47069,98.51249,1000
2026-01-22T10:55:00-05:00,98.46401,98.48989,98.44401,98.46989,1000
2026-01-22T10:56:00-05:00,98.44036,98.46036,98.40967,98.42967,1000
2026-01-22T10:57:00-05:00,98.41889,98.43889,98.37280,98.39280,1000
2026-01-22T10:58:00-05:00,98.39880,98.41880,98.34020,98.36020,1000
2026-01-22T10:59:00-05:00,98.37946,98.39946,98.31259,98.33259,1000
2026-01-22T11:00:00-05:00,98.36046,98.38046,98.29047,98.31047,1000
2026-01-22T11:01:00-05:00,98.34165,98.36165,98.27406,98.29406,1000
2026-01-22T11:02:00-05:00,98.32322,98.34322,98.26325,98.28325,1000
2026-01-22T11:03:00-05:00,98.30560,98.32560,98.25766,98.27766,1000
2026-01-22T11:04:00-05:00,98.28947,98.30947,98.25665,98.27665,1000
2026-01-22T11:05:00-05:00,98.27570,98.29939,98.25570,98.27939,1000
2026-01-22T11:06:00-05:00,98.26519,98.30499,98.24519,98.28499,1000
2026-01-22T11:07:00-05:00,98.25883,98.31257,98.23883,98.29257,1000
2026-01-22T11:08:00-05:00,98.25740,98.32136,98.23740,98.30136,1000
2026-01-22T11:09:00-05:00,98.26145,98.33079,98.24145,98.31079,1000
2026-01-22T11:10:00-05:00,98.27127,98.34055,98.25127,98.32055,1000
2026-01-22T11:11:00-05:00,98.28682,98.35063,98.26682,98.33063,1000
2026-01-22T11:12:00-05:00,98.30780,98.36130,98.28780,98.34130,1000
2026-01-22T11:13:00-05:00,98.33359,98.37311,98.31359,98.35311,1000
2026-01-22T11:14:00-05:00,98.36341,98.38679,98.34341,98.36679,1000
2026-01-22T11:15:00-05:00,98.39631,98.41631,98.36318,98.38318,1000
2026-01-22T11:16:00-05:00,98.43134,98.45134,98.38315,98.40315,1000
2026-01-22T11:17:00-05:00,98.46763,98.48763,98.40748,98.42748,1000
2026-01-22T11:18:00-05:00,98.50446,98.52446,98.43677,98.45677,1000
2026-01-22T11:19:00-05:00,98.54135,98.56135,98.47137,98.49137,1000
2026-01-22T11:20:00-05:00,98.57812,98.59812,98.51135,98.53135,1000
2026-01-22T11:21:00-05:00,98.61485,98.63485,98.55645,98.57645,1000
2026-01-22T11:22:00-05:00,98.65195,98.67195,98.60614,98.62614,1000
2026-01-22T11:23:00-05:00,98.69003,98.71003,98.65964,98.67964,1000
2026-01-22T11:24:00-05:00,98.72984,98.75602,98.70984,98.73602,1000
2026-01-22T11:25:00-05:00,98.77221,98.81429,98.75221,98.79429,1000
2026-01-22T11:26:00-05:00,98.81792,98.87347,98.79792,98.85347,1000
2026-01-22T11:27:00-05:00,98.86762,98.93271,98.84762,98.91271,1000
2026-01-22T11:28:00-05:00,98.92173,98.99141,98.90173,98.97141,1000
2026-01-22T11:29:00-05:00,98.98040,99.04920,98.96040,99.02920,1000
2026-01-22T11:30:00-05:00,99.04347,99.10601,99.02347,99.08601,1000
2026-01-22T11:31:00-05:00,99.11048,99.16209,99.09048,99.14209,1000
2026-01-22T11:32:00-05:00,99.18073,99.21792,99.16073,99.19792,1000
2026-01-22T11:33:00-05:00,99.25330,99.27417,99.23330,99.25417,1000
2026-01-22T11:34:00-05:00,99.32716,99.34716,99.29164,99.31164,1000
2026-01-22T11:35:00-05:00,99.40131,99.42131,99.35109,99.37109,1000
2026-01-22T11:36:00-05:00,99.47480,99.49480,99.41321,99.43321,1000
2026-01-22T11:37:00-05:00,99.54689,99.56689,99.47851,99.49851,1000
2026-01-22T11:38:00-05:00,99.61707,99.63707,99.54722,99.56722,1000
2026-01-22T11:39:00-05:00,99.68513,99.70513,99.61931,99.63931,1000
2026-01-22T11:40:00-05:00,99.75117,99.77117,99.69442,99.71442,1000
2026-01-22T11:41:00-05:00,99.81556,99.83556,99.77192,99.79192,1000
2026-01-22T11:42:00-05:00,99.87888,99.89888,99.85095,99.87095,1000
2026-01-22T11:43:00-05:00,99.94187,99.97053,99.92187,99.95053,1000
2026-01-22T11:44:00-05:00,100.00531,100.04961,99.98531,100.02961,1000
2026-01-22T11:45:00-05:00,100.06993,100.12719,100.04993,100.10719,1000
2026-01-22T11:46:00-05:00,100.13631,100.20243,100.11631,100.18243,1000
2026-01-22T11:47:00-05:00,100.20481,100.27471,100.18481,100.25471,1000
2026-01-22T11:48:00-05:00,100.27551,100.34370,100.25551,100.32370,1000
2026-01-22T11:49:00-05:00,100.34819,100.40936,100.32819,100.38936,1000
2026-01-22T11:50:00-05:00,100.42232,100.47194,100.40232,100.45194,1000
2026-01-22T11:51:00-05:00,100.49716,100.53197,100.47716,100.51197,1000
2026-01-22T11:52:00-05:00,100.57176,100.59176,100.55013,100.57013,1000
2026-01-22T11:53:00-05:00,100.64510,100.66510,100.60721,100.62721,1000
2026-01-22T11:54:00-05:00,100.71616,100.73616,100.66397,100.68397,1000
2026-01-22T11:55:00-05:00,100.78403,100.80403,100.72110,100.74110,1000
2026-01-22T11:56:00-05:00,100.84802,100.86802,100.77906,100.79906,1000
2026-01-22T11:57:00-05:00,100.90767,100.92767,100.83809,100.85809,1000
2026-01-22T11:58:00-05:00,100.96286,100.98286,100.89809,100.91809,1000
2026-01-22T11:59:00-05:00,101.01373,101.03373,100.95872,100.97872,1000
2026-01-22T12:00:00-05:00,101.06072,101.08072,101.01932,101.03932,1000
2026-01-22T12:01:00-05:00,101.10449,101.12449,101.07905,101.09905,1000
2026-01-22T12:02:00-05:00,101.14582,101.17695,101.12582,101.15695,1000
2026-01-22T12:03:00-05:00,101.18554,101.23200,101.16554,101.21200,1000
2026-01-22T12:04:00-05:00,101.22440,101.28328,101.20440,101.26328,1000
2026-01-22T12:05:00-05:00,101.26300,101.33003,101.24300,101.31003,1000
2026-01-22T12:06:00-05:00,101.30172,101.37172,101.28172,101.35172,1000
2026-01-22T12:07:00-05:00,101.34065,101.40811,101.32065,101.38811,1000
2026-01-22T12:08:00-05:00,101.37959,101.43929,101.35959,101.41929,1000
2026-01-22T12:09:00-05:00,101.41805,101.46561,101.39805,101.44561,1000
2026-01-22T12:10:00-05:00,101.45530,101.48769,101.43530,101.46769,1000
2026-01-22T12:11:00-05:00,101.49045,101.51045,101.46632,101.48632,1000
2026-01-22T12:12:00-05:00,101.52256,101.54256,101.48235,101.50235,1000
2026-01-22T12:13:00-05:00,101.55069,101.57069,101.49663,101.51663,1000
2026-01-22T12:14:00-05:00,101.57406,101.59406,101.50989,101.52989,1000
2026-01-22T12:15:00-05:00,101.59207,101.61207,101.52266,101.54266,1000
2026-01-22T12:16:00-05:00,101.60441,101.62441,101.53520,101.55520,1000
2026-01-22T12:17:00-05:00,101.61107,101.63107,101.54748,101.56748,1000
2026-01-22T12:18:00-05:00,101.61236,101.63236,101.55919,101.57919,1000
2026-01-22T12:19:00-05:00,101.60884,101.62884,101.56973,101.58973,1000
2026-01-22T12:20:00-05:00,101.60129,101.62129,101.57835,101.59835,1000
2026-01-22T12:21:00-05:00,101.59059,101.62414,101.57059,101.60414,1000
2026-01-22T12:22:00-05:00,101.57766,101.62622,101.55766,101.60622,1000
2026-01-22T12:23:00-05:00,101.56336,101.62377,101.54336,101.60377,1000
2026-01-22T12:24:00-05:00,101.54835,101.61617,101.52835,101.59617,1000
2026-01-22T12:25:00-05:00,101.53306,101.60303,101.51306,101.58303,1000
2026-01-22T12:26:00-05:00,101.51766,101.58427,101.49766,101.56427,1000
2026-01-22T12:27:00-05:00,101.50199,101.56011,101.48199,101.54011,1000
2026-01-22T12:28:00-05:00,101.48563,101.53107,101.46563,101.51107,1000
2026-01-22T12:29:00-05:00,101.46793,101.49789,101.44793,101.47789,1000
2026-01-22T12:30:00-05:00,101.44810,101.46810,101.42148,101.44148,1000
2026-01-22T12:31:00-05:00,101.42528,101.44528,101.38280,101.40280,1000
2026-01-22T12:32:00-05:00,101.39866,101.41866,101.34281,101.36281,1000
2026-01-22T12:33:00-05:00,101.36758,101.38758,101.30230,101.32230,1000
2026-01-22T12:34:00-05:00,101.33160,101.35160,101.26187,101.28187,1000
2026-01-22T12:35:00-05:00,101.29054,101.31054,101.22184,101.24184,1000
2026-01-22T12:36:00-05:00,101.24454,101.26454,101.18224,101.20224,1000
2026-01-22T12:37:00-05:00,101.19406,101.21406,101.14280,101.16280,1000
2026-01-22T12:38:00-05:00,101.13978,101.15978,101.10301,101.12301,1000
2026-01-22T12:39:00-05:00,101.08260,101.10260,101.06217,101.08217,1000
2026-01-22T12:40:00-05:00,101.02353,101.05947,101.00353,101.03947,1000
2026-01-22T12:41:00-05:00,100.96355,101.01413,100.94355,100.99413,1000
2026-01-22T12:42:00-05:00,100.90360,100.96544,100.88360,100.94544,1000
2026-01-22T12:43:00-05:00,100.84439,100.91289,100.82439,100.89289,1000
2026-01-22T12:44:00-05:00,100.78641,100.85622,100.76641,100.83622,1000
2026-01-22T12:45:00-05:00,100.72985,100.79549,100.70985,100.77549,1000
2026-01-22T12:46:00-05:00,100.67459,100.73104,100.65459,100.71104,1000
2026-01-22T12:47:00-05:00,100.62025,100.66350,100.60025,100.64350,1000
2026-01-22T12:48:00-05:00,100.56622,100.59371,100.54622,100.57371,1000
2026-01-22T12:49:00-05:00,100.51177,100.53177,100.48267,100.50267,1000
2026-01-22T12:50:00-05:00,100.45610,100.47610,100.41141,100.43141,1000
2026-01-22T12:51:00-05:00,100.39849,100.41849,100.34093,100.36093,1000
2026-01-22T12:52:00-05:00,100.33835,100.35835,100.27207,100.29207,1000
2026-01-22T12:53:00-05:00,100.27534,100.29534,100.20542,100.22542,1000
2026-01-22T12:54:00-05:00,100.20939,100.22939,100.14133,100.16133,1000
2026-01-22T12:55:00-05:00,100.14073,100.16073,100.07981,100.09981,1000
2026-01-22T12:56:00-05:00,100.06988,100.08988,100.02062,100.04062,1000
2026-01-22T12:57:00-05:00,99.99762,100.01762,99.96324,99.98324,1000
2026-01-22T12:58:00-05:00,99.92490,99.94697,99.90490,99.92697,1000
2026-01-22T12:59:00-05:00,99.85275,99.89105,99.83275,99.87105,1000
2026-01-22T13:00:00-05:00,99.78220,99.83472,99.76220,99.81472,1000
2026-01-22T13:01:00-05:00,99.71415,99.77731,99.69415,99.75731,1000
2026-01-22T13:02:00-05:00,99.64932,99.71837,99.62932,99.69837,1000
2026-01-22T13:03:00-05:00,99.58817,99.65770,99.56817,99.63770,1000
2026-01-22T13:04:00-05:00,99.53083,99.59539,99.51083,99.57539,1000
2026-01-22T13:05:00-05:00,99.47716,99.53185,99.45716,99.51185,1000
2026-01-22T13:06:00-05:00,99.42674,99.46774,99.40674,99.44774,1000
2026-01-22T13:07:00-05:00,99.37892,99.40392,99.35892,99.38392,1000
2026-01-22T13:08:00-05:00,99.33295,99.35295,99.30139,99.32139,1000
2026-01-22T13:09:00-05:00,99.28801,99.30801,99.24118,99.26118,1000
2026-01-22T13:10:00-05:00,99.24339,99.26339,99.18423,99.20423,1000
2026-01-22T13:11:00-05:00,99.19850,99.21850,99.13133,99.15133,1000
2026-01-22T13:12:00-05:00,99.15301,99.17301,99.08301,99.10301,1000
2026-01-22T13:13:00-05:00,99.10686,99.12686,99.03955,99.05955,1000
2026-01-22T13:14:00-05:00,99.06029,99.08029,99.00087,99.02087,1000
2026-01-22T13:15:00-05:00,99.01383,99.03383,98.96663,98.98663,1000
2026-01-22T13:16:00-05:00,98.96822,98.98822,98.93625,98.95625,1000
2026-01-22T13:17:00-05:00,98.92440,98.94898,98.90440,98.92898,1000
2026-01-22T13:18:00-05:00,98.88335,98.92396,98.86335,98.90396,1000
2026-01-22T13:19:00-05:00,98.84603,98.90041,98.82603,98.88041,1000
2026-01-22T13:20:00-05:00,98.81325,98.87762,98.79325,98.85762,1000
2026-01-22T13:21:00-05:00,98.78564,98.85510,98.76564,98.83510,1000
2026-01-22T13:22:00-05:00,98.76352,98.83264,98.74352,98.81264,1000
2026-01-22T13:23:00-05:00,98.74694,98.81031,98.72694,98.79031,1000
2026-01-22T13:24:00-05:00,98.73561,98.78846,98.71561,98.76846,1000
2026-01-22T13:25:00-05:00,98.72902,98.76772,98.70902,98.74772,1000
2026-01-22T13:26:00-05:00,98.72640,98.74890,98.70640,98.72890,1000
2026-01-22T13:27:00-05:00,98.72690,98.74690,98.69292,98.71292,1000
2026-01-22T13:28:00-05:00,98.72964,98.74964,98.68072,98.70072,1000
2026-01-22T13:29:00-05:00,98.73381,98.75381,98.67314,98.69314,1000
2026-01-22T13:30:00-05:00,98.73878,98.75878,98.67083,98.69083,1000
2026-01-22T13:31:00-05:00,98.74416,98.76416,98.67421,98.69421,1000
2026-01-22T13:32:00-05:00,98.74983,98.76983,98.68338,98.70338,1000
2026-01-22T13:33:00-05:00,98.75599,98.77599,98.69816,98.71816,1000
2026-01-22T13:34:00-05:00,98.76311,98.78311,98.71805,98.73805,1000
2026-01-22T13:35:00-05:00,98.77186,98.79186,98.74234,98.76234,1000
2026-01-22T13:36:00-05:00,98.78308,98.81015,98.76308,98.79015,1000
2026-01-22T13:37:00-05:00,98.79767,98.84054,98.77767,98.82054,1000
2026-01-22T13:38:00-05:00,98.81645,98.87261,98.79645,98.85261,1000
2026-01-22T13:39:00-05:00,98.84013,98.90560,98.82013,98.88560,1000
2026-01-22T13:40:00-05:00,98.86916,98.93893,98.84916,98.91893,1000
2026-01-22T13:41:00-05:00,98.90375,98.97234,98.88375,98.95234,1000
2026-01-22T13:42:00-05:00,98.94376,99.00583,98.92376,98.98583,1000
2026-01-22T13:43:00-05:00,98.98879,99.03970,98.96879,99.01970,1000
2026-01-22T13:44:00-05:00,99.03815,99.07451,99.01815,99.05451,1000
2026-01-22T13:45:00-05:00,99.09098,99.11098,99.07097,99.09097,1000
2026-01-22T13:46:00-05:00,99.14629,99.16629,99.10993,99.12993,1000
2026-01-22T13:47:00-05:00,99.20312,99.22312,99.15220,99.17220,1000
2026-01-22T13:48:00-05:00,99.26057,99.28057,99.19850,99.21850,1000
2026-01-22T13:49:00-05:00,99.31795,99.33795,99.24935,99.26935,1000
2026-01-22T13:50:00-05:00,99.37481,99.39481,99.30504,99.32504,1000
2026-01-22T13:51:00-05:00,99.43098,99.45098,99.36551,99.38551,1000
2026-01-22T13:52:00-05:00,99.48660,99.50660,99.43045,99.45045,1000
2026-01-22T13:53:00-05:00,99.54208,99.56208,99.49922,99.51922,1000
2026-01-22T13:54:00-05:00,99.59805,99.61805,99.57100,99.59100,1000
2026-01-22T13:55:00-05:00,99.65527,99.68481,99.63527,99.66481,1000
2026-01-22T13:56:00-05:00,99.71454,99.75961,99.69454,99.73961,1000
2026-01-22T13:57:00-05:00,99.77659,99.83444,99.75659,99.81444,1000
2026-01-22T13:58:00-05:00,99.84202,99.90847,99.82202,99.88847,1000
2026-01-22T13:59:00-05:00,99.91117,99.98112,99.89117,99.96112,1000
2026-01-22T14:00:00-05:00,99.98411,100.05206,99.96411,100.03206,1000
2026-01-22T14:01:00-05:00,100.06062,100.12128,100.04062,100.10128,1000
2026-01-22T14:02:00-05:00,100.14016,100.18906,100.12016,100.16906,1000
2026-01-22T14:03:00-05:00,100.22195,100.25591,100.20195,100.23591,1000
2026-01-22T14:04:00-05:00,100.30505,100.32505,100.28253,100.30253,1000
2026-01-22T14:05:00-05:00,100.38841,100.40841,100.34970,100.36970,1000
2026-01-22T14:06:00-05:00,100.47103,100.49103,100.41817,100.43817,1000
2026-01-22T14:07:00-05:00,100.55197,100.57197,100.48860,100.50860,1000
2026-01-22T14:08:00-05:00,100.63055,100.65055,100.56142,100.58142,1000
2026-01-22T14:09:00-05:00,100.70629,100.72629,100.63683,100.65683,1000
2026-01-22T14:10:00-05:00,100.77907,100.79907,100.71471,100.73471,1000
2026-01-22T14:11:00-05:00,100.84902,100.86902,100.79465,100.81465,1000
2026-01-22T14:12:00-05:00,100.91657,100.93657,100.87597,100.89597,1000
2026-01-22T14:13:00-05:00,100.98234,101.00234,100.95778,100.97778,1000
2026-01-22T14:14:00-05:00,101.04709,101.07907,101.02709,101.05907,1000
2026-01-22T14:15:00-05:00,101.11160,101.15881,101.09160,101.13881,1000
2026-01-22T14:16:00-05:00,101.17659,101.23603,101.15659,101.21603,1000
2026-01-22T14:17:00-05:00,101.24261,101.30993,101.22261,101.28993,1000
2026-01-22T14:18:00-05:00,101.30996,101.37996,101.28996,101.35996,1000
2026-01-22T14:19:00-05:00,101.37869,101.44586,101.35869,101.42586,1000
2026-01-22T14:20:00-05:00,101.44851,101.50767,101.42851,101.48767,1000
2026-01-22T14:21:00-05:00,101.51888,101.56571,101.49888,101.54571,1000
2026-01-22T14:22:00-05:00,101.58901,101.62055,101.56901,101.60055,1000
2026-01-22T14:23:00-05:00,101.65794,101.67794,101.63292,101.65292,1000
2026-01-22T14:24:00-05:00,101.72466,101.74466,101.68365,101.70365,1000
2026-01-22T14:25:00-05:00,101.78820,101.80820,101.73350,101.75350,1000
2026-01-22T14:26:00-05:00,101.84770,101.86770,101.78313,101.80313,1000
2026-01-22T14:27:00-05:00,101.90254,101.92254,101.83301,101.85301,1000
2026-01-22T14:28:00-05:00,101.95234,101.97234,101.88330,101.90330,1000
2026-01-22T14:29:00-05:00,101.99706,102.01706,101.93391,101.95391,1000
2026-01-22T14:30:00-05:00,102.03693,102.05693,101.98442,102.00442,1000
2026-01-22T14:31:00-05:00,102.07248,102.09248,102.03419,102.05419,1000
2026-01-22T14:32:00-05:00,102.10441,102.12441,102.08236,102.10236,1000
2026-01-22T14:33:00-05:00,102.13356,102.16796,102.11356,102.14796,1000
2026-01-22T14:34:00-05:00,102.16077,102.21005,102.14077,102.19005,1000
2026-01-22T14:35:00-05:00,102.18681,102.24774,102.16681,102.22774,1000
2026-01-22T14:36:00-05:00,102.21227,102.28034,102.19227,102.26034,1000
2026-01-22T14:37:00-05:00,102.23750,102.30742,102.21750,102.28742,1000
2026-01-22T14:38:00-05:00,102.26256,102.32884,102.24256,102.30884,1000
2026-01-22T14:39:00-05:00,102.28722,102.34477,102.26722,102.32477,1000
2026-01-22T14:40:00-05:00,102.31098,102.35565,102.29098,102.33565,1000
2026-01-22T14:41:00-05:00,102.33311,102.36219,102.31311,102.34219,1000
2026-01-22T14:42:00-05:00,102.35272,102.37272,102.32522,102.34522,1000
2026-01-22T14:43:00-05:00,102.36891,102.38891,102.32564,102.34564,1000
2026-01-22T14:44:00-05:00,102.38079,102.40079,102.32433,102.34433,1000
2026-01-22T14:45:00-05:00,102.38765,102.40765,102.32200,102.34200,1000
2026-01-22T14:46:00-05:00,102.38898,102.40898,102.31917,102.33917,1000
2026-01-22T14:47:00-05:00,102.38457,102.40457,102.31608,102.33608,1000
2026-01-22T14:48:00-05:00,102.37451,102.39451,102.31268,102.33268,1000
2026-01-22T14:49:00-05:00,102.35920,102.37920,102.30863,102.32863,1000
2026-01-22T14:50:00-05:00,102.33927,102.35927,102.30334,102.32334,1000
2026-01-22T14:51:00-05:00,102.31558,102.33603,102.29558,102.31603,1000
2026-01-22T14:52:00-05:00,102.28907,102.32585,102.26907,102.30585,1000
2026-01-22T14:53:00-05:00,102.26068,102.31195,102.24068,102.29195,1000
2026-01-22T14:54:00-05:00,102.23126,102.29357,102.21126,102.27357,1000
2026-01-22T14:55:00-05:00,102.20147,102.27018,102.18147,102.25018,1000
2026-01-22T14:56:00-05:00,102.17174,102.24147,102.15174,102.22147,1000
2026-01-22T14:57:00-05:00,102.14218,102.20746,102.12218,102.18746,1000
2026-01-22T14:58:00-05:00,102.11262,102.16846,102.09262,102.14846,1000
2026-01-22T14:59:00-05:00,102.08262,102.12508,102.06262,102.10508,1000
2026-01-22T15:00:00-05:00,102.05152,102.07813,102.03152,102.05813,1000
2026-01-22T15:01:00-05:00,102.01854,102.03854,101.98857,102.00857,1000
2026-01-22T15:02:00-05:00,101.98284,102.00284,101.93739,101.95739,1000
2026-01-22T15:03:00-05:00,101.94369,101.96369,101.88555,101.90555,1000
2026-01-22T15:04:00-05:00,101.90047,101.92047,101.83385,101.85385,1000
2026-01-22T15:05:00-05:00,101.85281,101.87281,101.78285,101.80285,1000
2026-01-22T15:06:00-05:00,101.80065,101.82065,101.73283,101.75283,1000
2026-01-22T15:07:00-05:00,101.74420,101.76420,101.68380,101.70380,1000
2026-01-22T15:08:00-05:00,101.68399,101.70399,101.63545,101.65545,1000
2026-01-22T15:09:00-05:00,101.62078,101.64078,101.58724,101.60724,1000
2026-01-22T15:10:00-05:00,101.55552,101.57848,101.53552,101.55848,1000
2026-01-22T15:11:00-05:00,101.48923,101.52836,101.46923,101.50836,1000
2026-01-22T15:12:00-05:00,101.42293,101.47612,101.40293,101.45612,1000
2026-01-22T15:13:00-05:00,101.35751,101.42110,101.33751,101.40110,1000
2026-01-22T15:14:00-05:00,101.29367,101.36288,101.27367,101.34288,1000
2026-01-22T15:15:00-05:00,101.23185,101.30125,101.21185,101.28125,1000
2026-01-22T15:16:00-05:00,101.17218,101.23634,101.15218,101.21634,1000
2026-01-22T15:17:00-05:00,101.11452,101.16857,101.09452,101.14857,1000
2026-01-22T15:18:00-05:00,101.05842,101.09861,101.03842,101.07861,1000
2026-01-22T15:19:00-05:00,101.00326,101.02738,100.98326,101.00738,1000
2026-01-22T15:20:00-05:00,100.94829,100.96829,100.91588,100.93588,1000
2026-01-22T15:21:00-05:00,100.89273,100.91273,100.84515,100.86515,1000
2026-01-22T15:22:00-05:00,100.83587,100.85587,100.77616,100.79616,1000
2026-01-22T15:23:00-05:00,100.77717,100.79717,100.70971,100.72971,1000
2026-01-22T15:24:00-05:00,100.71634,100.73634,100.64635,100.66635,1000
2026-01-22T15:25:00-05:00,100.65338,100.67338,100.58635,100.60635,1000
2026-01-22T15:26:00-05:00,100.58856,100.60856,100.52968,100.54968,1000
2026-01-22T15:27:00-05:00,100.52246,100.54246,100.47602,100.49602,1000
2026-01-22T15:28:00-05:00,100.45590,100.47590,100.42480,100.44480,1000
2026-01-22T15:29:00-05:00,100.38985,100.41530,100.36985,100.39530,1000
2026-01-22T15:30:00-05:00,100.32532,100.36673,100.30532,100.34673,1000
2026-01-22T15:31:00-05:00,100.26332,100.31834,100.24332,100.29834,1000
2026-01-22T15:32:00-05:00,100.20472,100.26949,100.18472,100.24949,1000
2026-01-22T15:33:00-05:00,100.15016,100.21975,100.13016,100.19975,1000
2026-01-22T15:34:00-05:00,100.10002,100.16897,100.08002,100.14897,1000
2026-01-22T15:35:00-05:00,100.05437,100.11730,100.03437,100.09730,1000
2026-01-22T15:36:00-05:00,100.01299,100.06516,99.99299,100.04516,1000
2026-01-22T15:37:00-05:00,99.97537,100.01325,99.95537,99.99325,1000
2026-01-22T15:38:00-05:00,99.94083,99.96245,99.92083,99.94245,1000
2026-01-22T15:39:00-05:00,99.90857,99.92857,99.87375,99.89375,1000
2026-01-22T15:40:00-05:00,99.87777,99.89777,99.82814,99.84814,1000
2026-01-22T15:41:00-05:00,99.84770,99.86770,99.78652,99.80652,1000
2026-01-22T15:42:00-05:00,99.81779,99.83779,99.74960,99.76960,1000
2026-01-22T15:43:00-05:00,99.78775,99.80775,99.71785,99.73785,1000
2026-01-22T15:44:00-05:00,99.75754,99.77754,99.69142,99.71142,1000
2026-01-22T15:45:00-05:00,99.72744,99.74744,99.67018,99.69018,1000
2026-01-22T15:46:00-05:00,99.69799,99.71799,99.65370,99.67370,1000
2026-01-22T15:47:00-05:00,99.66996,99.68996,99.64131,99.66131,1000
2026-01-22T15:48:00-05:00,99.64427,99.67221,99.62427,99.65221,1000
2026-01-22T15:49:00-05:00,99.62187,99.66552,99.60187,99.64552,1000
2026-01-22T15:50:00-05:00,99.60366,99.66042,99.58366,99.64042,1000
2026-01-22T15:51:00-05:00,99.59040,99.65623,99.57040,99.63623,1000
2026-01-22T15:52:00-05:00,99.58261,99.65246,99.56261,99.63246,1000
2026-01-22T15:53:00-05:00,99.58054,99.64892,99.56054,99.62892,1000
2026-01-22T15:54:00-05:00,99.58412,99.64571,99.56412,99.62571,1000
2026-01-22T15:55:00-05:00,99.59299,99.64321,99.57299,99.62321,1000
2026-01-22T15:56:00-05:00,99.60653,99.64205,99.58653,99.62205,1000
2026-01-22T15:57:00-05:00,99.62393,99.64393,99.60304,99.62304,1000
2026-01-22T15:58:00-05:00,99.64428,99.66428,99.60707,99.62707,1000
2026-01-22T15:59:00-05:00,99.66666,99.68666,99.61504,99.63504,1000
2026-01-23T09:30:00-05:00,99.69027,99.71027,99.62772,99.64772,1000
2026-01-23T09:31:00-05:00,99.71447,99.73447,99.64568,99.66568,1000
2026-01-23T09:32:00-05:00,99.73891,99.75891,99.66923,99.68923,1000
2026-01-23T09:33:00-05:00,99.76349,99.78349,99.69841,99.71841,1000
2026-01-23T09:34:00-05:00,99.78843,99.80843,99.73290,99.75290,1000
2026-01-23T09:35:00-05:00,99.81420,99.83420,99.77214,99.79214,1000
2026-01-23T09:36:00-05:00,99.84150,99.86150,99.81533,99.83533,1000
2026-01-23T09:37:00-05:00,99.87115,99.90155,99.85115,99.88155,1000
2026-01-23T09:38:00-05:00,99.90399,99.94983,99.88399,99.92983,1000
2026-01-23T09:39:00-05:00,99.94082,99.99923,99.92082,99.97923,1000
2026-01-23T09:40:00-05:00,99.98224,100.04901,99.96224,100.02901,1000
2026-01-23T09:41:00-05:00,100.02864,100.09862,100.00864,100.07862,1000
2026-01-23T09:42:00-05:00,100.08013,100.14782,100.06013,100.12782,1000
2026-01-23T09:43:00-05:00,100.13649,100.19663,100.11649,100.17663,1000
2026-01-23T09:44:00-05:00,100.19721,100.24539,100.17721,100.22539,1000
2026-01-23T09:45:00-05:00,100.26154,100.29465,100.24154,100.27465,1000
2026-01-23T09:46:00-05:00,100.32856,100.34856,100.30516,100.32516,1000
2026-01-23T09:47:00-05:00,100.39726,100.41726,100.35772,100.37772,1000
2026-01-23T09:48:00-05:00,100.46664,100.48664,100.41312,100.43312,1000
2026-01-23T09:49:00-05:00,100.53582,100.55582,100.47201,100.49201,1000
2026-01-23T09:50:00-05:00,100.60413,100.62413,100.53485,100.55485,1000
2026-01-23T09:51:00-05:00,100.67115,100.69115,100.60182,100.62182,1000
2026-01-23T09:52:00-05:00,100.73677,100.75677,100.67282,100.69282,1000
2026-01-23T09:53:00-05:00,100.80115,100.82115,100.74743,100.76743,1000
2026-01-23T09:54:00-05:00,100.86475,100.88475,100.82496,100.84496,1000
2026-01-23T09:55:00-05:00,100.92819,100.94819,100.90452,100.92452,1000
2026-01-23T09:56:00-05:00,100.99226,101.02510,100.97226,101.00510,1000
2026-01-23T09:57:00-05:00,101.05771,101.10566,101.03771,101.08566,1000
2026-01-23T09:58:00-05:00,101.12527,101.18525,101.10527,101.16525,1000
2026-01-23T09:59:00-05:00,101.19546,101.26306,101.17546,101.24306,1000
2026-01-23T10:00:00-05:00,101.26857,101.33856,101.24857,101.31856,1000
2026-01-23T10:01:00-05:00,101.34460,101.41148,101.32460,101.39148,1000
2026-01-23T10:02:00-05:00,101.42325,101.48185,101.40325,101.46185,1000
2026-01-23T10:03:00-05:00,101.50393,101.55000,101.48393,101.53000,1000
2026-01-23T10:04:00-05:00,101.58582,101.61650,101.56582,101.59650,1000
2026-01-23T10:05:00-05:00,101.66794,101.68794,101.64205,101.66205,1000
2026-01-23T10:06:00-05:00,101.74925,101.76925,101.70744,101.72744,1000
2026-01-23T10:07:00-05:00,101.82874,101.84874,101.77341,101.79341,1000
2026-01-23T10:08:00-05:00,101.90554,101.92554,101.84058,101.86058,1000
2026-01-23T10:09:00-05:00,101.97900,101.99900,101.90935,101.92935,1000
2026-01-23T10:10:00-05:00,102.04872,102.06872,101.97986,101.99986,1000
2026-01-23T10:11:00-05:00,102.11463,102.13463,102.05193,102.07193,1000
2026-01-23T10:12:00-05:00,102.17695,102.19695,102.12512,102.14512,1000
2026-01-23T10:13:00-05:00,102.23615,102.25615,102.19868,102.21868,1000
2026-01-23T10:14:00-05:00,102.29291,102.31291,102.27173,102.29173,1000
2026-01-23T10:15:00-05:00,102.34801,102.38325,102.32801,102.36325,1000
2026-01-23T10:16:00-05:00,102.40224,102.45223,102.38224,102.43223,1000
2026-01-23T10:17:00-05:00,102.45631,102.51774,102.43631,102.49774,1000
2026-01-23T10:18:00-05:00,102.51074,102.57905,102.49074,102.55905,1000
2026-01-23T10:19:00-05:00,102.56581,102.63568,102.54581,102.61568,1000
2026-01-23T10:20:00-05:00,102.62151,102.68745,102.60151,102.66745,1000
2026-01-23T10:21:00-05:00,102.67753,102.73448,102.65753,102.71448,1000
2026-01-23T10:22:00-05:00,102.73328,102.77718,102.71328,102.75718,1000
2026-01-23T10:23:00-05:00,102.78796,102.81618,102.76796,102.79618,1000
2026-01-23T10:24:00-05:00,102.84063,102.86063,102.81225,102.83225,1000
2026-01-23T10:25:00-05:00,102.89029,102.91029,102.84625,102.86625,1000
2026-01-23T10:26:00-05:00,102.93602,102.95602,102.87896,102.89896,1000
2026-01-23T10:27:00-05:00,102.97703,102.99703,102.91103,102.93103,1000
2026-01-23T10:28:00-05:00,103.01277,103.03277,102.94289,102.96289,1000
2026-01-23T10:29:00-05:00,103.04296,103.06296,102.97470,102.99470,1000
2026-01-23T10:30:00-05:00,103.06765,103.08765,103.00632,103.02632,1000
2026-01-23T10:31:00-05:00,103.08717,103.10717,103.03731,103.05731,1000
2026-01-23T10:32:00-05:00,103.10212,103.12212,103.06702,103.08702,1000
2026-01-23T10:33:00-05:00,103.11326,103.13459,103.09326,103.11459,1000
2026-01-23T10:34:00-05:00,103.12148,103.15909,103.10148,103.13909,1000
2026-01-23T10:35:00-05:00,103.12765,103.17960,103.10765,103.15960,1000
2026-01-23T10:36:00-05:00,103.13253,103.19531,103.11253,103.17531,1000
2026-01-23T10:37:00-05:00,103.13672,103.20561,103.11672,103.18561,1000
2026-01-23T10:38:00-05:00,103.14054,103.21017,103.12054,103.19017,1000
2026-01-23T10:39:00-05:00,103.14403,103.20893,103.12403,103.18893,1000
2026-01-23T10:40:00-05:00,103.14694,103.20216,103.12694,103.18216,1000
2026-01-23T10:41:00-05:00,103.14875,103.19041,103.12875,103.17041,1000
2026-01-23T10:42:00-05:00,103.14871,103.17445,103.12871,103.15445,1000
2026-01-23T10:43:00-05:00,103.14599,103.16599,103.11515,103.13515,1000
2026-01-23T10:44:00-05:00,103.13969,103.15969,103.09348,103.11348,1000
2026-01-23T10:45:00-05:00,103.12900,103.14900,103.07030,103.09030,1000
2026-01-23T10:46:00-05:00,103.11328,103.13328,103.04635,103.06635,1000
2026-01-23T10:47:00-05:00,103.09211,103.11211,103.02212,103.04212,1000
2026-01-23T10:48:00-05:00,103.06537,103.08537,102.99782,103.01782,1000
2026-01-23T10:49:00-05:00,103.03325,103.05325,102.97338,102.99338,1000
2026-01-23T10:50:00-05:00,102.99625,103.01625,102.94843,102.96843,1000
2026-01-23T10:51:00-05:00,102.95507,102.97507,102.92239,102.94239,1000
2026-01-23T10:52:00-05:00,102.91063,102.93447,102.89063,102.91447,1000
2026-01-23T10:53:00-05:00,102.86391,102.90385,102.84391,102.88385,1000
2026-01-23T10:54:00-05:00,102.81588,102.86972,102.79588,102.84972,1000
2026-01-23T10:55:00-05:00,102.76738,102.83140,102.74738,102.81140,1000
2026-01-23T10:56:00-05:00,102.71906,102.78842,102.69906,102.76842,1000
2026-01-23T10:57:00-05:00,102.67131,102.74056,102.65131,102.72056,1000
2026-01-23T10:58:00-05:00,102.62422,102.68795,102.60422,102.66795,1000
2026-01-23T10:59:00-05:00,102.57758,102.63098,102.55758,102.61098,1000
2026-01-23T11:00:00-05:00,102.53093,102.57031,102.51093,102.55031,1000
2026-01-23T11:01:00-05:00,102.48361,102.50684,102.46361,102.48684,1000
2026-01-23T11:02:00-05:00,102.43483,102.45483,102.40156,102.42156,1000
2026-01-23T11:03:00-05:00,102.38380,102.40380,102.33549,102.35549,1000
2026-01-23T11:04:00-05:00,102.32981,102.34981,102.26957,102.28957,1000
2026-01-23T11:05:00-05:00,102.27232,102.29232,102.20458,102.22458,1000
2026-01-23T11:06:00-05:00,102.21103,102.23103,102.14106,102.16106,1000
2026-01-23T11:07:00-05:00,102.14596,102.16596,102.07924,102.09924,1000
2026-01-23T11:08:00-05:00,102.07740,102.09740,102.01908,102.03908,1000
2026-01-23T11:09:00-05:00,102.00593,102.02593,101.96024,101.98024,1000
2026-01-23T11:10:00-05:00,101.93240,101.95240,101.90215,101.92215,1000
2026-01-23T11:11:00-05:00,101.85776,101.88409,101.83776,101.86409,1000
2026-01-23T11:12:00-05:00,101.78307,101.82528,101.76307,101.80528,1000
2026-01-23T11:13:00-05:00,101.70933,101.76498,101.68933,101.74498,1000
2026-01-23T11:14:00-05:00,101.63742,101.70257,101.61742,101.68257,1000
2026-01-23T11:15:00-05:00,101.56797,101.63767,101.54797,101.61767,1000
2026-01-23T11:16:00-05:00,101.50139,101.57015,101.48139,101.55015,1000
2026-01-23T11:17:00-05:00,101.43774,101.50020,101.41774,101.48020,1000
2026-01-23T11:18:00-05:00,101.37681,101.42830,101.35681,101.40830,1000
2026-01-23T11:19:00-05:00,101.31813,101.35518,101.29813,101.33518,1000
2026-01-23T11:20:00-05:00,101.26103,101.28176,101.24103,101.26176,1000
2026-01-23T11:21:00-05:00,101.20473,101.22473,101.16907,101.18907,1000
2026-01-23T11:22:00-05:00,101.14847,101.16847,101.09813,101.11813,1000
2026-01-23T11:23:00-05:00,101.09156,101.11156,101.02988,101.04988,1000
2026-01-23T11:24:00-05:00,101.03349,101.05349,100.96507,100.98507,1000
2026-01-23T11:25:00-05:00,100.97402,100.99402,100.90418,100.92418,1000
2026-01-23T11:26:00-05:00,100.91318,100.93318,100.84742,100.86742,1000
2026-01-23T11:27:00-05:00,100.85132,100.87132,100.79466,100.81466,1000
2026-01-23T11:28:00-05:00,100.78904,100.80904,100.74553,100.76553,1000
2026-01-23T11:29:00-05:00,100.72718,100.74718,100.69940,100.71940,1000
2026-01-23T11:30:00-05:00,100.66671,100.69552,100.64671,100.67552,1000
2026-01-23T11:31:00-05:00,100.60864,100.65307,100.58864,100.63307,1000
2026-01-23T11:32:00-05:00,100.55394,100.61130,100.53394,100.59130,1000
2026-01-23T11:33:00-05:00,100.50340,100.56958,100.48340,100.54958,1000
2026-01-23T11:34:00-05:00,100.45761,100.52752,100.43761,100.50752,1000
2026-01-23T11:35:00-05:00,100.41685,100.48500,100.39685,100.46500,1000
2026-01-23T11:36:00-05:00,100.38111,100.44220,100.36111,100.42220,1000
2026-01-23T11:37:00-05:00,100.35008,100.39959,100.33008,100.37959,1000
2026-01-23T11:38:00-05:00,100.32320,100.35787,100.30320,100.33787,1000
2026-01-23T11:39:00-05:00,100.29970,100.31970,100.27792,100.29792,1000
2026-01-23T11:40:00-05:00,100.27876,100.29876,100.24073,100.26073,1000
2026-01-23T11:41:00-05:00,100.25953,100.27953,100.20723,100.22723,1000
2026-01-23T11:42:00-05:00,100.24128,100.26128,100.17827,100.19827,1000
2026-01-23T11:43:00-05:00,100.22346,100.24346,100.15448,100.17448,1000
2026-01-23T11:44:00-05:00,100.20580,100.22580,100.13623,100.15623,1000
2026-01-23T11:45:00-05:00,100.18829,100.20829,100.12359,100.14359,1000
2026-01-23T11:46:00-05:00,100.17123,100.19123,100.11633,100.13633,1000
2026-01-23T11:47:00-05:00,100.15519,100.17519,100.11392,100.13392,1000
2026-01-23T11:48:00-05:00,100.14093,100.16093,100.11564,100.13564,1000
2026-01-23T11:49:00-05:00,100.12936,100.16062,100.10936,100.14062,1000
2026-01-23T11:50:00-05:00,100.12138,100.16796,100.10138,100.14796,1000
2026-01-23T11:51:00-05:00,100.11784,100.17682,100.09784,100.15682,1000
2026-01-23T11:52:00-05:00,100.11943,100.18651,100.09943,100.16651,1000
2026-01-23T11:53:00-05:00,100.12658,100.19657,100.10658,100.17657,1000
2026-01-23T11:54:00-05:00,100.13943,100.20684,100.11943,100.18684,1000
2026-01-23T11:55:00-05:00,100.15782,100.21743,100.13782,100.19743,1000
2026-01-23T11:56:00-05:00,100.18130,100.22874,100.16130,100.20874,1000
2026-01-23T11:57:00-05:00,100.20916,100.24142,100.18916,100.22142,1000
2026-01-23T11:58:00-05:00,100.24054,100.26054,100.21626,100.23626,1000
2026-01-23T11:59:00-05:00,100.27447,100.29447,100.23413,100.25413,1000
2026-01-23T12:00:00-05:00,100.31003,100.33003,100.25586,100.27586,1000
2026-01-23T12:01:00-05:00,100.34640,100.36640,100.28217,100.30217,1000
2026-01-23T12:02:00-05:00,100.38297,100.40297,100.31354,100.33354,1000
2026-01-23T12:03:00-05:00,100.41939,100.43939,100.35021,100.37021,1000
2026-01-23T12:04:00-05:00,100.45561,100.47561,100.39209,100.41209,1000
2026-01-23T12:05:00-05:00,100.49185,100.51185,100.43879,100.45879,1000
2026-01-23T12:06:00-05:00,100.52863,100.54863,100.48966,100.50966,1000
2026-01-23T12:07:00-05:00,100.56664,100.58664,100.54384,100.56384,1000
2026-01-23T12:08:00-05:00,100.60667,100.64036,100.58667,100.62036,1000
2026-01-23T12:09:00-05:00,100.64954,100.69821,100.62954,100.67821,1000
2026-01-23T12:10:00-05:00,100.69599,100.75649,100.67599,100.73649,1000
2026-01-23T12:11:00-05:00,100.74656,100.81442,100.72656,100.79442,1000
2026-01-23T12:12:00-05:00,100.80156,100.87152,100.78156,100.85152,1000
2026-01-23T12:13:00-05:00,100.86100,100.92755,100.84100,100.90755,1000
2026-01-23T12:14:00-05:00,100.92457,100.98260,100.90457,100.96260,1000
2026-01-23T12:15:00-05:00,100.99171,101.03702,100.97171,101.01702,1000
2026-01-23T12:16:00-05:00,101.06159,101.09140,101.04159,101.07140,1000
2026-01-23T12:17:00-05:00,101.13324,101.15324,101.10647,101.12647,1000
2026-01-23T12:18:00-05:00,101.20563,101.22563,101.16302,101.18302,1000
2026-01-23T12:19:00-05:00,101.27776,101.29776,101.22181,101.24181,1000
2026-01-23T12:20:00-05:00,101.34878,101.36878,101.28344,101.30344,1000
2026-01-23T12:21:00-05:00,101.41804,101.43804,101.34830,101.36830,1000
2026-01-23T12:22:00-05:00,101.48518,101.50518,101.41651,101.43651,1000
2026-01-23T12:23:00-05:00,101.55012,101.57012,101.48789,101.50789,1000
2026-01-23T12:24:00-05:00,101.61308,101.63308,101.56194,101.58194,1000
2026-01-23T12:25:00-05:00,101.67455,101.69455,101.63792,101.65792,1000
2026-01-23T12:26:00-05:00,101.73520,101.75520,101.71491,101.73491,1000
2026-01-23T12:27:00-05:00,101.79579,101.83188,101.77579,101.81188,1000
2026-01-23T12:28:00-05:00,101.85709,101.90779,101.83709,101.88779,1000
2026-01-23T12:29:00-05:00,101.91978,101.98170,101.89978,101.96170,1000
2026-01-23T12:30:00-05:00,101.98434,102.05287,101.96434,102.03287,1000
2026-01-23T12:31:00-05:00,102.05101,102.12081,102.03101,102.10081,1000
2026-01-23T12:32:00-05:00,102.11973,102.18531,102.09973,102.16531,1000
2026-01-23T12:33:00-05:00,102.19013,102.24648,102.17013,102.22648,1000
2026-01-23T12:34:00-05:00,102.26159,102.30471,102.24159,102.28471,1000
2026-01-23T12:35:00-05:00,102.33325,102.36059,102.31325,102.34059,1000
2026-01-23T12:36:00-05:00,102.40411,102.42411,102.37487,102.39487,1000
2026-01-23T12:37:00-05:00,102.47316,102.49316,102.42834,102.44834,1000
2026-01-23T12:38:00-05:00,102.53940,102.55940,102.48175,102.50175,1000
2026-01-23T12:39:00-05:00,102.60203,102.62203,102.53568,102.55568,1000
2026-01-23T12:40:00-05:00,102.66044,102.68044,102.59051,102.61051,1000
2026-01-23T12:41:00-05:00,102.71433,102.73433,102.64631,102.66631,1000
2026-01-23T12:42:00-05:00,102.76371,102.78371,102.70288,102.72288,1000
2026-01-23T12:43:00-05:00,102.80886,102.82886,102.75971,102.77971,1000
2026-01-23T12:44:00-05:00,102.85032,102.87032,102.81608,102.83608,1000
2026-01-23T12:45:00-05:00,102.88883,102.91105,102.86883,102.89105,1000
2026-01-23T12:46:00-05:00,102.92520,102.96364,102.90520,102.94364,1000
2026-01-23T12:47:00-05:00,102.96023,103.01286,102.94023,102.99286,1000
2026-01-23T12:48:00-05:00,102.99462,103.05785,102.97462,103.03785,1000
2026-01-23T12:49:00-05:00,103.02888,103.09795,103.00888,103.07795,1000
2026-01-23T12:50:00-05:00,103.06326,103.13277,103.04326,103.11277,1000
2026-01-23T12:51:00-05:00,103.09770,103.16220,103.07770,103.14220,1000
2026-01-23T12:52:00-05:00,103.13188,103.18647,103.11188,103.16647,1000
2026-01-23T12:53:00-05:00,103.16519,103.20605,103.14519,103.18605,1000
2026-01-23T12:54:00-05:00,103.19681,103.22166,103.17681,103.20166,1000
2026-01-23T12:55:00-05:00,103.22583,103.24583,103.19413,103.21413,1000
2026-01-23T12:56:00-05:00,103.25127,103.27127,103.20431,103.22431,1000
2026-01-23T12:57:00-05:00,103.27228,103.29228,103.21303,103.23303,1000
2026-01-23T12:58:00-05:00,103.28814,103.30814,103.22091,103.24091,1000
2026-01-23T12:59:00-05:00,103.29838,103.31838,103.22838,103.24838,1000
2026-01-23T13:00:00-05:00,103.30283,103.32283,103.23556,103.25556,1000
2026-01-23T13:01:00-05:00,103.30163,103.32163,103.24229,103.26229,1000
2026-01-23T13:02:00-05:00,103.29520,103.31520,103.24813,103.26813,1000
2026-01-23T13:03:00-05:00,103.28422,103.30422,103.25239,103.27239,1000
2026-01-23T13:04:00-05:00,103.26952,103.29424,103.24952,103.27424,1000
2026-01-23T13:05:00-05:00,103.25203,103.29277,103.23203,103.27277,1000
2026-01-23T13:06:00-05:00,103.23264,103.28713,103.21264,103.26713,1000
2026-01-23T13:07:00-05:00,103.21212,103.27656,103.19212,103.25656,1000
2026-01-23T13:08:00-05:00,103.19106,103.26055,103.17106,103.24055,1000
2026-01-23T13:09:00-05:00,103.16975,103.23885,103.14975,103.21885,1000
2026-01-23T13:10:00-05:00,103.14821,103.21151,103.12821,103.19151,1000
2026-01-23T13:11:00-05:00,103.12617,103.17890,103.10617,103.15890,1000
2026-01-23T13:12:00-05:00,103.10309,103.14165,103.08309,103.12165,1000
2026-01-23T13:13:00-05:00,103.07824,103.10059,103.05824,103.08059,1000
2026-01-23T13:14:00-05:00,103.05079,103.07079,103.01667,103.03667,1000
2026-01-23T13:15:00-05:00,103.01989,103.03989,102.97085,102.99085,1000
2026-01-23T13:16:00-05:00,102.98478,103.00478,102.92403,102.94403,1000
2026-01-23T13:17:00-05:00,102.94491,102.96491,102.87692,102.89692,1000
2026-01-23T13:18:00-05:00,102.89993,102.91993,102.82999,102.84999,1000
2026-01-23T13:19:00-05:00,102.84984,102.86984,102.78345,102.80345,1000
2026-01-23T13:20:00-05:00,102.79491,102.81491,102.73717,102.75717,1000
2026-01-23T13:21:00-05:00,102.73570,102.75570,102.69078,102.71078,1000
2026-01-23T13:22:00-05:00,102.67303,102.69303,102.64365,102.66365,1000
2026-01-23T13:23:00-05:00,102.60783,102.63504,102.58783,102.61504,1000
2026-01-23T13:24:00-05:00,102.54112,102.58412,102.52112,102.56412,1000
2026-01-23T13:25:00-05:00,102.47389,102.53015,102.45389,102.51015,1000
2026-01-23T13:26:00-05:00,102.40696,102.47249,102.38696,102.45249,1000
2026-01-23T13:27:00-05:00,102.34097,102.41075,102.32097,102.39075,1000
2026-01-23T13:28:00-05:00,102.27625,102.34481,102.25625,102.32481,1000
2026-01-23T13:29:00-05:00,102.21287,102.27486,102.19287,102.25486,1000
2026-01-23T13:30:00-05:00,102.15057,102.20137,102.13057,102.18137,1000
2026-01-23T13:31:00-05:00,102.08887,102.12508,102.06887,102.10508,1000
2026-01-23T13:32:00-05:00,102.02708,102.04708,102.00692,102.02692,1000
2026-01-23T13:33:00-05:00,101.96443,101.98443,101.92793,101.94793,1000
2026-01-23T13:34:00-05:00,101.90015,101.92015,101.84911,101.86911,1000
2026-01-23T13:35:00-05:00,101.83357,101.85357,101.77141,101.79141,1000
2026-01-23T13:36:00-05:00,101.76420,101.78420,101.69557,101.71557,1000
2026-01-23T13:37:00-05:00,101.69182,101.71182,101.62207,101.64207,1000
2026-01-23T13:38:00-05:00,101.61650,101.63650,101.55110,101.57110,1000
2026-01-23T13:39:00-05:00,101.53861,101.55861,101.48257,101.50257,1000
2026-01-23T13:40:00-05:00,101.45880,101.47880,101.41607,101.43607,1000
2026-01-23T13:41:00-05:00,101.37793,101.39793,101.35102,101.37102,1000
2026-01-23T13:42:00-05:00,101.29700,101.32668,101.27700,101.30668,1000
2026-01-23T13:43:00-05:00,101.21705,101.26225,101.19705,101.24225,1000
2026-01-23T13:44:00-05:00,101.13908,101.19702,101.11908,101.17702,1000
2026-01-23T13:45:00-05:00,101.06391,101.13041,101.04391,101.11041,1000
2026-01-23T13:46:00-05:00,100.99213,101.06208,100.97213,101.04208,1000
2026-01-23T13:47:00-05:00,100.92407,100.99197,100.90407,100.97197,1000
2026-01-23T13:48:00-05:00,100.85973,100.92030,100.83973,100.90030,1000
2026-01-23T13:49:00-05:00,100.79883,100.84761,100.77883,100.82761,1000
2026-01-23T13:50:00-05:00,100.74084,100.77466,100.72084,100.75466,1000
2026-01-23T13:51:00-05:00,100.68506,100.70506,100.66240,100.68240,1000
2026-01-23T13:52:00-05:00,100.63068,100.65068,100.59183,100.61183,1000
2026-01-23T13:53:00-05:00,100.57694,100.59694,100.52397,100.54397,1000
2026-01-23T13:54:00-05:00,100.52316,100.54316,100.45970,100.47970,1000
2026-01-23T13:55:00-05:00,100.46886,100.48886,100.39970,100.41970,1000
2026-01-23T13:56:00-05:00,100.41383,100.43383,100.34439,100.36439,1000
2026-01-23T13:57:00-05:00,100.35816,100.37816,100.29387,100.31387,1000
2026-01-23T13:58:00-05:00,100.30222,100.32222,100.24796,100.26796,1000
2026-01-23T13:59:00-05:00,100.24665,100.26665,100.20619,100.22619,1000
2026-01-23T14:00:00-05:00,100.19229,100.21229,100.16788,100.18788,1000
2026-01-23T14:01:00-05:00,100.14011,100.17224,100.12011,100.15224,1000
2026-01-23T14:02:00-05:00,100.09109,100.13843,100.07109,100.11843,1000
2026-01-23T14:03:00-05:00,100.04614,100.10567,100.02614,100.08567,1000
2026-01-23T14:04:00-05:00,100.00600,100.07337,99.98600,100.05337,1000
2026-01-23T14:05:00-05:00,99.97116,100.04115,99.95116,100.02115,1000
2026-01-23T14:06:00-05:00,99.94181,100.00893,99.92181,99.98893,1000
2026-01-23T14:07:00-05:00,99.91785,99.97691,99.89785,99.95691,1000
2026-01-23T14:08:00-05:00,99.89888,99.94558,99.87888,99.92558,1000
2026-01-23T14:09:00-05:00,99.88426,99.91565,99.86426,99.89565,1000
2026-01-23T14:10:00-05:00,99.87317,99.89317,99.84801,99.86801,1000
2026-01-23T14:11:00-05:00,99.86475,99.88475,99.82360,99.84360,1000
2026-01-23T14:12:00-05:00,99.85812,99.87812,99.80331,99.82331,1000
2026-01-23T14:13:00-05:00,99.85256,99.87256,99.78792,99.80792,1000
2026-01-23T14:14:00-05:00,99.84753,99.86753,99.77798,99.79798,1000
2026-01-23T14:15:00-05:00,99.84277,99.86277,99.77376,99.79376,1000
2026-01-23T14:16:00-05:00,99.83831,99.85831,99.77524,99.79524,1000
2026-01-23T14:17:00-05:00,99.83447,99.85447,99.78207,99.80207,1000
2026-01-23T14:18:00-05:00,99.83182,99.85182,99.79367,99.81367,1000
2026-01-23T14:19:00-05:00,99.83113,99.85113,99.80922,99.82922,1000
2026-01-23T14:20:00-05:00,99.83328,99.86782,99.81328,99.84782,1000
2026-01-23T14:21:00-05:00,99.83913,99.88853,99.81913,99.86853,1000
2026-01-23T14:22:00-05:00,99.84948,99.91049,99.82948,99.89049,1000
2026-01-23T14:23:00-05:00,99.86492,99.93304,99.84492,99.91304,1000
2026-01-23T14:24:00-05:00,99.88580,99.95572,99.86580,99.93572,1000
2026-01-23T14:25:00-05:00,99.91217,99.97840,99.89217,99.95840,1000
2026-01-23T14:26:00-05:00,99.94376,100.00121,99.92376,99.98121,1000
2026-01-23T14:27:00-05:00,99.98004,100.02459,99.96004,100.00459,1000
2026-01-23T14:28:00-05:00,100.02023,100.04917,100.00023,100.02917,1000
2026-01-23T14:29:00-05:00,100.06340,100.08340,100.03575,100.05575,1000
2026-01-23T14:30:00-05:00,100.10856,100.12856,100.06516,100.08516,1000
2026-01-23T14:31:00-05:00,100.15476,100.17476,100.09819,100.11819,1000
2026-01-23T14:32:00-05:00,100.20119,100.22119,100.13548,100.15548,1000
2026-01-23T14:33:00-05:00,100.24727,100.26727,100.17745,100.19745,1000
2026-01-23T14:34:00-05:00,100.29267,100.31267,100.22422,100.24422,1000
2026-01-23T14:35:00-05:00,100.33738,100.35738,100.27563,100.29563,1000
2026-01-23T14:36:00-05:00,100.38165,100.40165,100.33120,100.35120,1000
2026-01-23T14:37:00-05:00,100.42601,100.44601,100.39022,100.41022,1000
2026-01-23T14:38:00-05:00,100.47116,100.49176,100.45116,100.47176,1000
2026-01-23T14:39:00-05:00,100.51789,100.55481,100.49789,100.53481,1000
2026-01-23T14:40:00-05:00,100.56698,100.61836,100.54698,100.59836,1000
2026-01-23T14:41:00-05:00,100.61911,100.68151,100.59911,100.66151,1000
2026-01-23T14:42:00-05:00,100.67478,100.74351,100.65478,100.72351,1000
2026-01-23T14:43:00-05:00,100.73420,100.80391,100.71420,100.78391,1000
2026-01-23T14:44:00-05:00,100.79732,100.86253,100.77732,100.84253,1000
2026-01-23T14:45:00-05:00,100.86374,100.91948,100.84374,100.89948,1000
2026-01-23T14:46:00-05:00,100.93284,100.97517,100.91284,100.95517,1000
2026-01-23T14:47:00-05:00,101.00374,101.03020,100.98374,101.01020,1000
2026-01-23T14:48:00-05:00,101.07544,101.09544,101.04532,101.06532,1000
2026-01-23T14:49:00-05:00,101.14689,101.16689,101.10131,101.12131,1000
2026-01-23T14:50:00-05:00,101.21712,101.23712,101.15889,101.17889,1000
2026-01-23T14:51:00-05:00,101.28530,101.30530,101.21863,101.23863,1000
2026-01-23T14:52:00-05:00,101.35083,101.37083,101.28086,101.30086,1000
2026-01-23T14:53:00-05:00,101.41340,101.43340,101.34562,101.36562,1000
2026-01-23T14:54:00-05:00,101.47299,101.49299,101.41268,101.43268,1000
2026-01-23T14:55:00-05:00,101.52990,101.54990,101.48148,101.50148,1000
2026-01-23T14:56:00-05:00,101.58464,101.60464,101.55125,101.57125,1000
2026-01-23T14:57:00-05:00,101.63792,101.66102,101.61792,101.64102,1000
2026-01-23T14:58:00-05:00,101.69051,101.72977,101.67051,101.70977,1000
2026-01-23T14:59:00-05:00,101.74318,101.79648,101.72318,101.77648,1000
2026-01-23T15:00:00-05:00,101.79658,101.86025,101.77658,101.84025,1000
2026-01-23T15:01:00-05:00,101.85116,101.92039,101.83116,101.90039,1000
2026-01-23T15:02:00-05:00,101.90710,101.97648,101.88710,101.95648,1000
2026-01-23T15:03:00-05:00,101.96430,102.02838,101.94430,102.00838,1000
2026-01-23T15:04:00-05:00,102.02235,102.07629,102.00235,102.05629,1000
2026-01-23T15:05:00-05:00,102.08059,102.12065,102.06059,102.10065,1000
2026-01-23T15:06:00-05:00,102.13813,102.16210,102.11813,102.14210,1000
2026-01-23T15:07:00-05:00,102.19400,102.21400,102.16144,102.18144,1000
2026-01-23T15:08:00-05:00,102.24718,102.26718,102.19948,102.21948,1000
2026-01-23T15:09:00-05:00,102.29674,102.31674,102.23694,102.25694,1000
2026-01-23T15:10:00-05:00,102.34191,102.36191,102.27440,102.29440,1000
2026-01-23T15:11:00-05:00,102.38220,102.40220,102.31221,102.33221,1000
2026-01-23T15:12:00-05:00,102.41737,102.43737,102.35040,102.37040,1000
2026-01-23T15:13:00-05:00,102.44752,102.46752,102.38874,102.40874,1000
2026-01-23T15:14:00-05:00,102.47301,102.49301,102.42669,102.44669,1000
2026-01-23T15:15:00-05:00,102.49447,102.51447,102.46351,102.48351,1000
2026-01-23T15:16:00-05:00,102.51267,102.53827,102.49267,102.51827,1000
2026-01-23T15:17:00-05:00,102.52846,102.57001,102.50846,102.55001,1000
2026-01-23T15:18:00-05:00,102.54266,102.59779,102.52266,102.57779,1000
2026-01-23T15:19:00-05:00,102.55598,102.62081,102.53598,102.60081,1000
2026-01-23T15:20:00-05:00,102.56890,102.63851,102.54890,102.61851,1000
2026-01-23T15:21:00-05:00,102.58164,102.65056,102.56164,102.63056,1000
2026-01-23T15:22:00-05:00,102.59413,102.65698,102.57413,102.63698,1000
2026-01-23T15:23:00-05:00,102.60601,102.65806,102.58601,102.63806,1000
2026-01-23T15:24:00-05:00,102.61665,102.65439,102.59665,102.63439,1000
2026-01-23T15:25:00-05:00,102.62527,102.64673,102.60527,102.62673,1000
2026-01-23T15:26:00-05:00,102.63094,102.65094,102.59597,102.61597,1000
2026-01-23T15:27:00-05:00,102.63275,102.65275,102.58300,102.60300,1000
2026-01-23T15:28:00-05:00,102.62990,102.64990,102.56864,102.58864,1000
2026-01-23T15:29:00-05:00,102.62175,102.64175,102.55352,102.57352,1000
2026-01-23T15:30:00-05:00,102.60793,102.62793,102.53804,102.55804,1000
2026-01-23T15:31:00-05:00,102.58837,102.60837,102.52231,102.54231,1000
2026-01-23T15:32:00-05:00,102.56329,102.58329,102.50614,102.52614,1000
2026-01-23T15:33:00-05:00,102.53322,102.55322,102.48907,102.50907,1000
2026-01-23T15:34:00-05:00,102.49891,102.51891,102.47040,102.49040,1000
2026-01-23T15:35:00-05:00,102.46125,102.48934,102.44125,102.46934,1000
2026-01-23T15:36:00-05:00,102.42121,102.46499,102.40121,102.44499,1000
2026-01-23T15:37:00-05:00,102.37969,102.43655,102.35969,102.41655,1000
2026-01-23T15:38:00-05:00,102.33747,102.40336,102.31747,102.38336,1000
2026-01-23T15:39:00-05:00,102.29511,102.36497,102.27511,102.34497,1000
2026-01-23T15:40:00-05:00,102.25290,102.32124,102.23290,102.30124,1000
2026-01-23T15:41:00-05:00,102.21081,102.27231,102.19081,102.25231,1000
2026-01-23T15:42:00-05:00,102.16854,102.21864,102.14854,102.19864,1000
2026-01-23T15:43:00-05:00,102.12556,102.16093,102.10556,102.14093,1000
2026-01-23T15:44:00-05:00,102.08113,102.10113,102.06009,102.08009,1000
2026-01-23T15:45:00-05:00,102.03443,102.05443,101.99709,102.01709,1000
2026-01-23T15:46:00-05:00,101.98467,102.00467,101.93294,101.95294,1000
2026-01-23T15:47:00-05:00,101.93114,101.95114,101.86851,101.88851,1000
2026-01-23T15:48:00-05:00,101.87335,101.89335,101.80451,101.82451,1000
2026-01-23T15:49:00-05:00,101.81105,101.83105,101.74139,101.76139,1000
2026-01-23T15:50:00-05:00,101.74432,101.76432,101.67929,101.69929,1000
2026-01-23T15:51:00-05:00,101.67351,101.69351,101.61808,101.63808,1000
2026-01-23T15:52:00-05:00,101.59927,101.61927,101.55733,101.57733,1000
2026-01-23T15:53:00-05:00,101.52245,101.54245,101.49643,101.51643,1000
2026-01-23T15:54:00-05:00,101.44406,101.47461,101.42406,101.45461,1000
2026-01-23T15:55:00-05:00,101.36512,101.41108,101.34512,101.39108,1000
2026-01-23T15:56:00-05:00,101.28661,101.34512,101.26661,101.32512,1000
2026-01-23T15:57:00-05:00,101.20933,101.27616,101.18933,101.25616,1000
2026-01-23T15:58:00-05:00,101.13389,101.20387,101.11389,101.18387,1000
2026-01-23T15:59:00-05:00,101.06057,101.12821,101.04057,101.10821,1000
2026-01-26T09:30:00-05:00,100.98939,101.04944,100.96939,101.02944,1000
2026-01-26T09:31:00-05:00,100.92004,100.96810,100.90004,100.94810,1000
2026-01-26T09:32:00-05:00,100.85201,100.88498,100.83201,100.86498,1000
2026-01-26T09:33:00-05:00,100.78459,100.80459,100.76105,100.78105,1000
2026-01-26T09:34:00-05:00,100.71701,100.73701,100.67734,100.69734,1000
2026-01-26T09:35:00-05:00,100.64851,100.66851,100.59488,100.61488,1000
2026-01-26T09:36:00-05:00,100.57845,100.59845,100.51457,100.53457,1000
2026-01-26T09:37:00-05:00,100.50641,100.52641,100.43710,100.45710,1000
2026-01-26T09:38:00-05:00,100.43220,100.45220,100.36290,100.38290,1000
2026-01-26T09:39:00-05:00,100.35597,100.37597,100.29210,100.31210,1000
2026-01-26T09:40:00-05:00,100.27814,100.29814,100.22452,100.24452,1000
2026-01-26T09:41:00-05:00,100.19939,100.21939,100.15974,100.17974,1000
2026-01-26T09:42:00-05:00,100.12063,100.14063,100.09710,100.11710,1000
2026-01-26T09:43:00-05:00,100.04285,100.07584,100.02285,100.05584,1000
2026-01-26T09:44:00-05:00,99.96710,100.01517,99.94710,99.99517,1000
2026-01-26T09:45:00-05:00,99.89432,99.95438,99.87432,99.93438,1000
2026-01-26T09:46:00-05:00,99.82528,99.89292,99.80528,99.87292,1000
2026-01-26T09:47:00-05:00,99.76051,99.83050,99.74051,99.81050,1000
2026-01-26T09:48:00-05:00,99.70026,99.76708,99.68026,99.74708,1000
2026-01-26T09:49:00-05:00,99.64445,99.70295,99.62445,99.68295,1000
2026-01-26T09:50:00-05:00,99.59273,99.63867,99.57273,99.61867,1000
2026-01-26T09:51:00-05:00,99.54450,99.57503,99.52450,99.55503,1000
2026-01-26T09:52:00-05:00,99.49901,99.51901,99.47297,99.49297,1000
2026-01-26T09:53:00-05:00,99.45544,99.47544,99.41350,99.43350,1000
2026-01-26T09:54:00-05:00,99.41301,99.43301,99.35757,99.37757,1000
2026-01-26T09:55:00-05:00,99.37104,99.39104,99.30601,99.32601,1000
2026-01-26T09:56:00-05:00,99.32909,99.34909,99.25943,99.27943,1000
2026-01-26T09:57:00-05:00,99.28698,99.30698,99.21815,99.23815,1000
2026-01-26T09:58:00-05:00,99.24482,99.26482,99.18220,99.20220,1000
2026-01-26T09:59:00-05:00,99.20302,99.22302,99.15130,99.17130,1000
2026-01-26T10:00:00-05:00,99.16223,99.18223,99.12490,99.14490,1000
2026-01-26T10:01:00-05:00,99.12329,99.14329,99.10227,99.12227,1000
2026-01-26T10:02:00-05:00,99.08716,99.12255,99.06716,99.10255,1000
2026-01-26T10:03:00-05:00,99.05478,99.10489,99.03478,99.08489,1000
2026-01-26T10:04:00-05:00,99.02699,99.08851,99.00699,99.06851,1000
2026-01-26T10:05:00-05:00,99.00446,99.07281,98.98446,99.05281,1000
2026-01-26T10:06:00-05:00,98.98758,99.05744,98.96758,99.03744,1000
2026-01-26T10:07:00-05:00,98.97646,99.04234,98.95646,99.02234,1000
2026-01-26T10:08:00-05:00,98.97090,99.02775,98.95090,99.00775,1000
2026-01-26T10:09:00-05:00,98.97039,99.01416,98.95039,98.99416,1000
2026-01-26T10:10:00-05:00,98.97424,99.00231,98.95424,98.98231,1000
2026-01-26T10:11:00-05:00,98.98156,99.00156,98.95304,98.97304,1000
2026-01-26T10:12:00-05:00,98.99144,99.01144,98.94727,98.96727,1000
2026-01-26T10:13:00-05:00,99.00301,99.02301,98.94585,98.96585,1000
2026-01-26T10:14:00-05:00,99.01552,99.03552,98.94946,98.96946,1000
2026-01-26T10:15:00-05:00,99.02846,99.04846,98.95857,98.97857,1000
2026-01-26T10:16:00-05:00,99.04160,99.06160,98.97337,98.99337,1000
2026-01-26T10:17:00-05:00,99.05497,99.07497,98.99372,99.01372,1000
2026-01-26T10:18:00-05:00,99.06893,99.08893,99.01919,99.03919,1000
2026-01-26T10:19:00-05:00,99.08407,99.10407,99.04911,99.06911,1000
2026-01-26T10:20:00-05:00,99.10113,99.12261,99.08113,99.10261,1000
2026-01-26T10:21:00-05:00,99.12098,99.15873,99.10098,99.13873,1000
2026-01-26T10:22:00-05:00,99.14443,99.19650,99.12443,99.17650,1000
2026-01-26T10:23:00-05:00,99.17222,99.23508,99.15222,99.21508,1000
2026-01-26T10:24:00-05:00,99.20486,99.27378,99.18486,99.25378,1000
2026-01-26T10:25:00-05:00,99.24261,99.31221,99.22261,99.29221,1000
2026-01-26T10:26:00-05:00,99.28542,99.35025,99.26542,99.33025,1000
2026-01-26T10:27:00-05:00,99.33295,99.38806,99.31295,99.36806,1000
2026-01-26T10:28:00-05:00,99.38456,99.42610,99.36456,99.40610,1000
2026-01-26T10:29:00-05:00,99.43943,99.46501,99.41943,99.44501,1000
2026-01-26T10:30:00-05:00,99.49656,99.51656,99.46558,99.48558,1000
2026-01-26T10:31:00-05:00,99.55495,99.57495,99.50861,99.52861,1000
2026-01-26T10:32:00-05:00,99.61364,99.63364,99.55485,99.57485,1000
2026-01-26T10:33:00-05:00,99.67185,99.69185,99.60487,99.62487,1000
2026-01-26T10:34:00-05:00,99.72900,99.74900,99.65901,99.67901,1000
2026-01-26T10:35:00-05:00,99.78482,99.80482,99.71732,99.73732,1000
2026-01-26T10:36:00-05:00,99.83933,99.85933,99.77954,99.79954,1000
2026-01-26T10:37:00-05:00,99.89282,99.91282,99.84514,99.86514,1000
2026-01-26T10:38:00-05:00,99.94586,99.96586,99.91332,99.93332,1000
2026-01-26T10:39:00-05:00,99.99913,100.02312,99.97913,100.00312,1000
2026-01-26T10:40:00-05:00,100.05344,100.09351,100.03344,100.07351,1000
2026-01-26T10:41:00-05:00,100.10953,100.16348,100.08953,100.14348,1000
2026-01-26T10:42:00-05:00,100.16804,100.23213,100.14804,100.21213,1000
2026-01-26T10:43:00-05:00,100.22940,100.29878,100.20940,100.27878,1000
2026-01-26T10:44:00-05:00,100.29377,100.36300,100.27377,100.34300,1000
2026-01-26T10:45:00-05:00,100.36101,100.42467,100.34101,100.40467,1000
2026-01-26T10:46:00-05:00,100.43069,100.48398,100.41069,100.46398,1000
2026-01-26T10:47:00-05:00,100.50210,100.54134,100.48210,100.52134,1000
2026-01-26T10:48:00-05:00,100.57433,100.59742,100.55433,100.57742,1000
2026-01-26T10:49:00-05:00,100.64638,100.66638,100.61296,100.63296,1000
2026-01-26T10:50:00-05:00,100.71719,100.73719,100.66876,100.68876,1000
2026-01-26T10:51:00-05:00,100.78582,100.80582,100.72549,100.74549,1000
2026-01-26T10:52:00-05:00,100.85147,100.87147,100.78370,100.80370,1000
2026-01-26T10:53:00-05:00,100.91363,100.93363,100.84366,100.86366,1000
2026-01-26T10:54:00-05:00,100.97203,100.99203,100.90537,100.92537,1000
2026-01-26T10:55:00-05:00,101.02675,101.04675,100.96853,100.98853,1000
2026-01-26T10:56:00-05:00,101.07812,101.09812,101.03256,101.05256,1000
2026-01-26T10:57:00-05:00,101.12673,101.14673,101.09663,101.11663,1000
2026-01-26T10:58:00-05:00,101.17330,101.19978,101.15330,101.17978,1000
2026-01-26T10:59:00-05:00,101.21864,101.26099,101.19864,101.24099,1000
2026-01-26T11:00:00-05:00,101.26352,101.31927,101.24352,101.29927,1000
2026-01-26T11:01:00-05:00,101.30856,101.37378,101.28856,101.35378,1000
2026-01-26T11:02:00-05:00,101.35419,101.42390,101.33419,101.40390,1000
2026-01-26T11:03:00-05:00,101.40054,101.46928,101.38054,101.44928,1000
2026-01-26T11:04:00-05:00,101.44749,101.50987,101.42749,101.48987,1000
2026-01-26T11:05:00-05:00,101.49457,101.54594,101.47457,101.52594,1000
2026-01-26T11:06:00-05:00,101.54110,101.57801,101.52110,101.55801,1000
2026-01-26T11:07:00-05:00,101.58621,101.60679,101.56621,101.58679,1000
2026-01-26T11:08:00-05:00,101.62890,101.64890,101.59309,101.61309,1000
2026-01-26T11:09:00-05:00,101.66822,101.68822,101.61776,101.63776,1000
2026-01-26T11:10:00-05:00,101.70328,101.72328,101.64152,101.66152,1000
2026-01-26T11:11:00-05:00,101.73340,101.75340,101.66494,101.68494,1000
2026-01-26T11:12:00-05:00,101.75814,101.77814,101.68832,101.70832,1000
2026-01-26T11:13:00-05:00,101.77739,101.79739,101.71169,101.73169,1000
2026-01-26T11:14:00-05:00,101.79132,101.81132,101.73477,101.75477,1000
2026-01-26T11:15:00-05:00,101.80039,101.82039,101.75701,101.77701,1000
2026-01-26T11:16:00-05:00,101.80529,101.82529,101.77766,101.79766,1000
2026-01-26T11:17:00-05:00,101.80686,101.83581,101.78686,101.81581,1000
2026-01-26T11:18:00-05:00,101.80597,101.85053,101.78597,101.83053,1000
2026-01-26T11:19:00-05:00,101.80347,101.86093,101.78347,101.84093,1000
2026-01-26T11:20:00-05:00,101.80006,101.86629,101.78006,101.84629,1000
2026-01-26T11:21:00-05:00,101.79621,101.86612,101.77621,101.84612,1000
2026-01-26T11:22:00-05:00,101.79211,101.86021,101.77211,101.84021,1000
2026-01-26T11:23:00-05:00,101.78767,101.84867,101.76767,101.82867,1000
2026-01-26T11:24:00-05:00,101.78250,101.83188,101.76250,101.81188,1000
2026-01-26T11:25:00-05:00,101.77598,101.81051,101.75598,101.79051,1000
2026-01-26T11:26:00-05:00,101.76732,101.78732,101.74540,101.76540,1000
2026-01-26T11:27:00-05:00,101.75563,101.77563,101.71746,101.73746,1000
2026-01-26T11:28:00-05:00,101.74004,101.76004,101.68763,101.70763,1000
2026-01-26T11:29:00-05:00,101.71981,101.73981,101.65673,101.67673,1000
2026-01-26T11:30:00-05:00,101.69439,101.71439,101.62538,101.64538,1000
2026-01-26T11:31:00-05:00,101.66351,101.68351,101.59396,101.61396,1000
2026-01-26T11:32:00-05:00,101.62718,101.64718,101.56255,101.58255,1000
2026-01-26T11:33:00-05:00,101.58574,101.60574,101.53094,101.55094,1000
2026-01-26T11:34:00-05:00,101.53978,101.55978,101.49864,101.51864,1000
2026-01-26T11:35:00-05:00,101.49013,101.51013,101.46498,101.48498,1000
2026-01-26T11:36:00-05:00,101.43773,101.46915,101.41773,101.44915,1000
2026-01-26T11:37:00-05:00,101.38359,101.43030,101.36359,101.41030,1000
2026-01-26T11:38:00-05:00,101.32861,101.38768,101.30861,101.36768,1000
2026-01-26T11:39:00-05:00,101.27357,101.34070,101.25357,101.32070,1000
2026-01-26T11:40:00-05:00,101.21900,101.28900,101.19900,101.26900,1000
2026-01-26T11:41:00-05:00,101.16516,101.23252,101.14516,101.21252,1000
2026-01-26T11:42:00-05:00,101.11199,101.17150,101.09199,101.15150,1000
2026-01-26T11:43:00-05:00,101.05916,101.10648,101.03916,101.08648,1000
2026-01-26T11:44:00-05:00,101.00611,101.03822,100.98611,101.01822,1000
2026-01-26T11:45:00-05:00,100.95212,100.97212,100.92769,100.94769,1000
2026-01-26T11:46:00-05:00,100.89637,100.91637,100.85589,100.87589,1000
2026-01-26T11:47:00-05:00,100.83811,100.85811,100.78384,100.80384,1000
2026-01-26T11:48:00-05:00,100.77670,100.79670,100.71239,100.73239,1000
2026-01-26T11:49:00-05:00,100.71169,100.73169,100.64224,100.66224,1000
2026-01-26T11:50:00-05:00,100.64293,100.66293,100.57377,100.59377,1000
2026-01-26T11:51:00-05:00,100.57055,100.59055,100.50711,100.52711,1000
2026-01-26T11:52:00-05:00,100.49501,100.51501,100.44206,100.46206,1000
2026-01-26T11:53:00-05:00,100.41700,100.43700,100.37817,100.39817,1000
2026-01-26T11:54:00-05:00,100.33743,100.35743,100.31479,100.33479,1000
2026-01-26T11:55:00-05:00,100.25732,100.29116,100.23732,100.27116,1000
2026-01-26T11:56:00-05:00,100.17771,100.22651,100.15771,100.20651,1000
2026-01-26T11:57:00-05:00,100.09956,100.16014,100.07956,100.14014,1000
2026-01-26T11:58:00-05:00,100.02363,100.09154,100.00363,100.07154,1000
2026-01-26T11:59:00-05:00,99.95048,100.02043,99.93048,100.00043,1000
2026-01-26T12:00:00-05:00,99.88034,99.94684,99.86034,99.92684,1000
2026-01-26T12:01:00-05:00,99.81315,99.87108,99.79315,99.85108,1000
2026-01-26T12:02:00-05:00,99.74857,99.79375,99.72857,99.77375,1000
2026-01-26T12:03:00-05:00,99.68603,99.71570,99.66603,99.69570,1000
2026-01-26T12:04:00-05:00,99.62481,99.64481,99.59789,99.61789,1000
2026-01-26T12:05:00-05:00,99.56411,99.58411,99.52137,99.54137,1000
2026-01-26T12:06:00-05:00,99.50320,99.52320,99.44714,99.46714,1000
2026-01-26T12:07:00-05:00,99.44145,99.46145,99.37605,99.39605,1000
2026-01-26T12:08:00-05:00,99.37849,99.39849,99.30873,99.32873,1000
2026-01-26T12:09:00-05:00,99.31419,99.33419,99.24556,99.26556,1000
2026-01-26T12:10:00-05:00,99.24872,99.26872,99.18657,99.20657,1000
2026-01-26T12:11:00-05:00,99.18256,99.20256,99.13153,99.15153,1000
2026-01-26T12:12:00-05:00,99.11643,99.13643,99.07994,99.09994,1000
2026-01-26T12:13:00-05:00,99.05123,99.07123,99.03109,99.05109,1000
2026-01-26T12:14:00-05:00,98.98798,99.02421,98.96798,99.00421,1000
2026-01-26T12:15:00-05:00,98.92767,98.97848,98.90767,98.95848,1000
2026-01-26T12:16:00-05:00,98.87120,98.93320,98.85120,98.91320,1000
2026-01-26T12:17:00-05:00,98.81928,98.88785,98.79928,98.86785,1000
2026-01-26T12:18:00-05:00,98.77236,98.84214,98.75236,98.82214,1000
2026-01-26T12:19:00-05:00,98.73059,98.79611,98.71059,98.77611,1000
2026-01-26T12:20:00-05:00,98.69382,98.75007,98.67382,98.73007,1000
2026-01-26T12:21:00-05:00,98.66161,98.70459,98.64161,98.68459,1000
2026-01-26T12:22:00-05:00,98.63329,98.66049,98.61329,98.64049,1000
2026-01-26T12:23:00-05:00,98.60808,98.62808,98.57869,98.59869,1000
2026-01-26T12:24:00-05:00,98.58511,98.60511,98.54016,98.56016,1000
2026-01-26T12:25:00-05:00,98.56358,98.58358,98.50583,98.52583,1000
2026-01-26T12:26:00-05:00,98.54283,98.56283,98.47643,98.49643,1000
2026-01-26T12:27:00-05:00,98.52245,98.54245,98.45251,98.47251,1000
2026-01-26T12:28:00-05:00,98.50226,98.52226,98.43428,98.45428,1000
2026-01-26T12:29:00-05:00,98.48242,98.50242,98.42167,98.44167,1000
2026-01-26T12:30:00-05:00,98.46334,98.48334,98.41432,98.43432,1000
2026-01-26T12:31:00-05:00,98.44570,98.46570,98.41160,98.43160,1000
2026-01-26T12:32:00-05:00,98.43034,98.45270,98.41034,98.43270,1000
2026-01-26T12:33:00-05:00,98.41816,98.45674,98.39816,98.43674,1000
2026-01-26T12:34:00-05:00,98.41008,98.46282,98.39008,98.44282,1000
2026-01-26T12:35:00-05:00,98.40686,98.47016,98.38686,98.45016,1000
2026-01-26T12:36:00-05:00,98.40909,98.47819,98.38909,98.45819,1000
2026-01-26T12:37:00-05:00,98.41706,98.48655,98.39706,98.46655,1000
2026-01-26T12:38:00-05:00,98.43080,98.49522,98.41080,98.47522,1000
2026-01-26T12:39:00-05:00,98.44998,98.50446,98.42998,98.48446,1000
2026-01-26T12:40:00-05:00,98.47404,98.51478,98.45404,98.49478,1000
2026-01-26T12:41:00-05:00,98.50219,98.52690,98.48219,98.50690,1000
2026-01-26T12:42:00-05:00,98.53350,98.55350,98.50166,98.52166,1000
2026-01-26T12:43:00-05:00,98.56703,98.58703,98.51994,98.53994,1000
2026-01-26T12:44:00-05:00,98.60186,98.62186,98.54252,98.56252,1000
2026-01-26T12:45:00-05:00,98.63729,98.65729,98.57002,98.59002,1000
2026-01-26T12:46:00-05:00,98.67281,98.69281,98.60281,98.62281,1000
2026-01-26T12:47:00-05:00,98.70820,98.72820,98.64098,98.66098,1000
2026-01-26T12:48:00-05:00,98.74355,98.76355,98.68431,98.70431,1000
2026-01-26T12:49:00-05:00,98.77923,98.79923,98.73228,98.75228,1000
2026-01-26T12:50:00-05:00,98.81582,98.83582,98.78413,98.80413,1000
2026-01-26T12:51:00-05:00,98.85408,98.87895,98.83408,98.85895,1000
2026-01-26T12:52:00-05:00,98.89484,98.93572,98.87484,98.91572,1000
2026-01-26T12:53:00-05:00,98.93888,98.99348,98.91888,98.97348,1000
2026-01-26T12:54:00-05:00,98.98686,99.05137,98.96686,99.03137,1000
2026-01-26T12:55:00-05:00,99.03923,99.10874,99.01923,99.08874,1000
2026-01-26T12:56:00-05:00,99.09616,99.16523,99.07616,99.14523,1000
2026-01-26T12:57:00-05:00,99.15751,99.22074,99.13751,99.20074,1000
2026-01-26T12:58:00-05:00,99.22286,99.27548,99.20286,99.25548,1000
2026-01-26T12:59:00-05:00,99.29151,99.32993,99.27151,99.30993,1000
2026-01-26T13:00:00-05:00,99.36255,99.38475,99.34255,99.36475,1000
2026-01-26T13:01:00-05:00,99.43497,99.45497,99.40071,99.42071,1000
2026-01-26T13:02:00-05:00,99.50776,99.52776,99.45860,99.47860,1000
2026-01-26T13:03:00-05:00,99.57996,99.59996,99.51912,99.53912,1000
2026-01-26T13:04:00-05:00,99.65081,99.67081,99.58278,99.60278,1000
2026-01-26T13:05:00-05:00,99.71978,99.73978,99.64984,99.66984,1000
2026-01-26T13:06:00-05:00,99.78664,99.80664,99.72030,99.74030,1000
2026-01-26T13:07:00-05:00,99.85146,99.87146,99.79382,99.81382,1000
2026-01-26T13:08:00-05:00,99.91459,99.93459,99.86979,99.88979,1000
2026-01-26T13:09:00-05:00,99.97660,99.99660,99.94737,99.96737,1000
2026-01-26T13:10:00-05:00,100.03822,100.06558,100.01822,100.04558,1000
2026-01-26T13:11:00-05:00,100.10023,100.14337,100.08023,100.12337,1000
2026-01-26T13:12:00-05:00,100.16337,100.21974,100.14337,100.19974,1000
2026-01-26T13:13:00-05:00,100.22824,100.29383,100.20824,100.27383,1000
2026-01-26T13:14:00-05:00,100.29520,100.36500,100.27520,100.34500,1000
2026-01-26T13:15:00-05:00,100.36437,100.43290,100.34437,100.41290,1000
2026-01-26T13:16:00-05:00,100.43555,100.49746,100.41555,100.47746,1000
2026-01-26T13:17:00-05:00,100.50824,100.55892,100.48824,100.53892,1000
2026-01-26T13:18:00-05:00,100.58171,100.61778,100.56171,100.59778,1000
2026-01-26T13:19:00-05:00,100.65501,100.67501,100.63471,100.65471,1000
2026-01-26T13:20:00-05:00,100.72714,100.74714,100.69049,100.71049,1000
2026-01-26T13:21:00-05:00,100.79706,100.81706,100.74591,100.76591,1000
2026-01-26T13:22:00-05:00,100.86388,100.88388,100.80164,100.82164,1000
2026-01-26T13:23:00-05:00,100.92685,100.94685,100.85818,100.87818,1000
2026-01-26T13:24:00-05:00,100.98552,101.00552,100.91578,100.93578,1000
2026-01-26T13:25:00-05:00,101.03972,101.05972,100.97438,100.99438,1000
2026-01-26T13:26:00-05:00,101.08959,101.10959,101.03364,101.05364,1000
2026-01-26T13:27:00-05:00,101.13553,101.15553,101.09294,101.11294,1000
2026-01-26T13:28:00-05:00,101.17820,101.19820,101.15145,101.17145,1000
2026-01-26T13:29:00-05:00,101.21837,101.24820,101.19837,101.22820,1000
2026-01-26T13:30:00-05:00,101.25686,101.30218,101.23686,101.28218,1000
2026-01-26T13:31:00-05:00,101.29444,101.35247,101.27444,101.33247,1000
2026-01-26T13:32:00-05:00,101.33172,101.39828,101.31172,101.37828,1000
2026-01-26T13:33:00-05:00,101.36911,101.43907,101.34911,101.41907,1000
2026-01-26T13:34:00-05:00,101.40672,101.47458,101.38672,101.45458,1000
2026-01-26T13:35:00-05:00,101.44436,101.50485,101.42436,101.48485,1000
2026-01-26T13:36:00-05:00,101.48157,101.53023,101.46157,101.51023,1000
2026-01-26T13:37:00-05:00,101.51764,101.55132,101.49764,101.53132,1000
2026-01-26T13:38:00-05:00,101.55169,101.57169,101.52888,101.54888,1000
2026-01-26T13:39:00-05:00,101.58278,101.60278,101.54379,101.56379,1000
2026-01-26T13:40:00-05:00,101.60997,101.62997,101.55689,101.57689,1000
2026-01-26T13:41:00-05:00,101.63244,101.65244,101.56892,101.58892,1000
2026-01-26T13:42:00-05:00,101.64960,101.66960,101.58042,101.60042,1000
2026-01-26T13:43:00-05:00,101.66112,101.68112,101.59169,101.61169,1000
2026-01-26T13:44:00-05:00,101.66695,101.68695,101.60272,101.62272,1000
2026-01-26T13:45:00-05:00,101.66737,101.68737,101.61321,101.63321,1000
2026-01-26T13:46:00-05:00,101.66293,101.68293,101.62260,101.64260,1000
2026-01-26T13:47:00-05:00,101.65439,101.67439,101.63013,101.65013,1000
2026-01-26T13:48:00-05:00,101.64264,101.67491,101.62264,101.65491,1000
2026-01-26T13:49:00-05:00,101.62860,101.67606,101.60860,101.65606,1000
2026-01-26T13:50:00-05:00,101.61312,101.67274,101.59312,101.65274,1000
2026-01-26T13:51:00-05:00,101.59689,101.66431,101.57689,101.64431,1000
2026-01-26T13:52:00-05:00,101.58037,101.65037,101.56037,101.63037,1000
2026-01-26T13:53:00-05:00,101.56373,101.63080,101.54373,101.61080,1000
2026-01-26T13:54:00-05:00,101.54685,101.60582,101.52685,101.58582,1000
2026-01-26T13:55:00-05:00,101.52933,101.57590,101.50933,101.55590,1000
2026-01-26T13:56:00-05:00,101.51053,101.54178,101.49053,101.52178,1000
2026-01-26T13:57:00-05:00,101.48967,101.50967,101.46436,101.48436,1000
2026-01-26T13:58:00-05:00,101.46589,101.48589,101.42461,101.44461,1000
2026-01-26T13:59:00-05:00,101.43838,101.45838,101.38347,101.40347,1000
2026-01-26T14:00:00-05:00,101.40646,101.42646,101.34176,101.36176,1000
2026-01-26T14:01:00-05:00,101.36966,101.38966,101.30009,101.32009,1000
2026-01-26T14:02:00-05:00,101.32780,101.34780,101.25882,101.27882,1000
2026-01-26T14:03:00-05:00,101.28099,101.30099,101.21799,101.23799,1000
2026-01-26T14:04:00-05:00,101.22964,101.24964,101.17735,101.19735,1000
2026-01-26T14:05:00-05:00,101.17444,101.19444,101.13642,101.15642,1000
2026-01-26T14:06:00-05:00,101.11627,101.13627,101.09451,101.11451,1000
2026-01-26T14:07:00-05:00,101.05612,101.09081,101.03612,101.07081,1000
2026-01-26T14:08:00-05:00,100.99501,101.04452,100.97501,101.02452,1000
2026-01-26T14:09:00-05:00,100.93385,100.99495,100.91385,100.97495,1000
2026-01-26T14:10:00-05:00,100.87340,100.94155,100.85340,100.92155,1000
2026-01-26T14:11:00-05:00,100.81414,100.88405,100.79414,100.86405,1000
2026-01-26T14:12:00-05:00,100.75631,100.82248,100.73631,100.80248,1000
2026-01-26T14:13:00-05:00,100.69980,100.75715,100.67980,100.73715,1000
2026-01-26T14:14:00-05:00,100.64426,100.68868,100.62426,100.66868,1000
2026-01-26T14:15:00-05:00,100.58910,100.61789,100.56910,100.59789,1000
2026-01-26T14:16:00-05:00,100.53357,100.55357,100.50578,100.52578,1000
2026-01-26T14:17:00-05:00,100.47690,100.49690,100.43337,100.45337,1000
2026-01-26T14:18:00-05:00,100.41834,100.43834,100.36167,100.38167,1000
2026-01-26T14:19:00-05:00,100.35730,100.37730,100.29153,100.31153,1000
2026-01-26T14:20:00-05:00,100.29342,100.31342,100.22358,100.24358,1000
2026-01-26T14:21:00-05:00,100.22659,100.24659,100.15817,100.17817,1000
2026-01-26T14:22:00-05:00,100.15702,100.17702,100.09536,100.11536,1000
2026-01-26T14:23:00-05:00,100.08523,100.10523,100.03490,100.05490,1000
2026-01-26T14:24:00-05:00,100.01196,100.03196,99.97630,99.99630,1000
2026-01-26T14:25:00-05:00,99.93815,99.95889,99.91815,99.93889,1000
2026-01-26T14:26:00-05:00,99.86484,99.90190,99.84484,99.88190,1000
2026-01-26T14:27:00-05:00,99.79305,99.84455,99.77305,99.82455,1000
2026-01-26T14:28:00-05:00,99.72371,99.78618,99.70371,99.76618,1000
2026-01-26T14:29:00-05:00,99.65754,99.72631,99.63754,99.70631,1000
2026-01-26T14:30:00-05:00,99.59503,99.66472,99.57503,99.64472,1000
2026-01-26T14:31:00-05:00,99.53634,99.60149,99.51634,99.58149,1000
2026-01-26T14:32:00-05:00,99.48135,99.53699,99.46135,99.51699,1000
2026-01-26T14:33:00-05:00,99.42966,99.47185,99.40966,99.45185,1000
2026-01-26T14:34:00-05:00,99.38063,99.40695,99.36063,99.38695,1000
2026-01-26T14:35:00-05:00,99.33352,99.35352,99.30326,99.32326,1000
2026-01-26T14:36:00-05:00,99.28752,99.30752,99.24181,99.26181,1000
2026-01-26T14:37:00-05:00,99.24188,99.26188,99.18356,99.20356,1000
2026-01-26T14:38:00-05:00,99.19603,99.21603,99.12931,99.14931,1000
2026-01-26T14:39:00-05:00,99.14960,99.16960,99.07962,99.09962,1000
2026-01-26T14:40:00-05:00,99.10251,99.12251,99.03478,99.05478,1000
2026-01-26T14:41:00-05:00,99.05497,99.07497,98.99474,99.01474,1000
2026-01-26T14:42:00-05:00,99.00750,99.02750,98.95920,98.97920,1000
2026-01-26T14:43:00-05:00,98.96083,98.98083,98.92757,98.94757,1000
2026-01-26T14:44:00-05:00,98.91587,98.93912,98.89587,98.91912,1000
2026-01-26T14:45:00-05:00,98.87360,98.91300,98.85360,98.89300,1000
2026-01-26T14:46:00-05:00,98.83500,98.88841,98.81500,98.86841,1000
2026-01-26T14:47:00-05:00,98.80090,98.86464,98.78090,98.84464,1000
2026-01-26T14:48:00-05:00,98.77192,98.84118,98.75192,98.82118,1000
2026-01-26T14:49:00-05:00,98.74844,98.81779,98.72844,98.79779,1000
2026-01-26T14:50:00-05:00,98.73050,98.79452,98.71050,98.77452,1000
2026-01-26T14:51:00-05:00,98.71786,98.77170,98.69786,98.75170,1000
2026-01-26T14:52:00-05:00,98.71001,98.74993,98.69001,98.72993,1000
2026-01-26T14:53:00-05:00,98.70621,98.73003,98.68621,98.71003,1000
2026-01-26T14:54:00-05:00,98.70560,98.72560,98.67290,98.69290,1000
2026-01-26T14:55:00-05:00,98.70731,98.72731,98.65949,98.67949,1000
2026-01-26T14:56:00-05:00,98.71052,98.73052,98.65063,98.67063,1000
2026-01-26T14:57:00-05:00,98.71458,98.73458,98.64702,98.66702,1000
2026-01-26T14:58:00-05:00,98.71907,98.73907,98.64908,98.66908,1000
2026-01-26T14:59:00-05:00,98.72386,98.74386,98.65694,98.67694,1000
2026-01-26T15:00:00-05:00,98.72913,98.74913,98.67044,98.69044,1000
2026-01-26T15:01:00-05:00,98.73531,98.75531,98.68911,98.70911,1000
2026-01-26T15:02:00-05:00,98.74307,98.76307,98.71225,98.73225,1000
2026-01-26T15:03:00-05:00,98.75324,98.77899,98.73324,98.75899,1000
2026-01-26T15:04:00-05:00,98.76672,98.80840,98.74672,98.78840,1000
2026-01-26T15:05:00-05:00,98.78433,98.83956,98.76433,98.81956,1000
2026-01-26T15:06:00-05:00,98.80680,98.87170,98.78680,98.85170,1000
2026-01-26T15:07:00-05:00,98.83460,98.90423,98.81460,98.88423,1000
2026-01-26T15:08:00-05:00,98.86797,98.93686,98.84797,98.91686,1000
2026-01-26T15:09:00-05:00,98.90678,98.96956,98.88678,98.94956,1000
2026-01-26T15:10:00-05:00,98.95067,99.00261,98.93067,98.98261,1000
2026-01-26T15:11:00-05:00,98.99896,99.03656,98.97896,99.01656,1000
2026-01-26T15:12:00-05:00,99.05079,99.07211,99.03079,99.05211,1000
2026-01-26T15:13:00-05:00,99.10520,99.12520,99.07009,99.09009,1000
2026-01-26T15:14:00-05:00,99.16121,99.18121,99.11134,99.13134,1000
2026-01-26T15:15:00-05:00,99.21791,99.23791,99.15657,99.17657,1000
2026-01-26T15:16:00-05:00,99.27460,99.29460,99.20633,99.22633,1000
2026-01-26T15:17:00-05:00,99.33080,99.35080,99.26092,99.28092,1000
2026-01-26T15:18:00-05:00,99.38632,99.40632,99.32032,99.34032,1000
2026-01-26T15:19:00-05:00,99.44128,99.46128,99.38423,99.40423,1000
2026-01-26T15:20:00-05:00,99.49607,99.51607,99.45204,99.47204,1000
2026-01-26T15:21:00-05:00,99.55130,99.57130,99.52294,99.54294,1000
2026-01-26T15:22:00-05:00,99.60772,99.63595,99.58772,99.61595,1000
2026-01-26T15:23:00-05:00,99.66613,99.71005,99.64613,99.69005,1000
2026-01-26T15:24:00-05:00,99.72729,99.78426,99.70729,99.76426,1000
2026-01-26T15:25:00-05:00,99.79179,99.85774,99.77179,99.83774,1000
2026-01-26T15:26:00-05:00,99.86000,99.92987,99.84000,99.90987,1000
2026-01-26T15:27:00-05:00,99.93203,100.00033,99.91203,99.98033,1000
2026-01-26T15:28:00-05:00,100.00765,100.06907,99.98765,100.04907,1000
2026-01-26T15:29:00-05:00,100.08636,100.13634,100.06636,100.11634,1000
2026-01-26T15:30:00-05:00,100.16741,100.20264,100.14741,100.18264,1000
2026-01-26T15:31:00-05:00,100.24985,100.26985,100.22866,100.24866,1000
2026-01-26T15:32:00-05:00,100.33265,100.35265,100.29517,100.31517,1000
2026-01-26T15:33:00-05:00,100.41479,100.43479,100.36294,100.38294,1000
2026-01-26T15:34:00-05:00,100.49533,100.51533,100.43263,100.45263,1000
2026-01-26T15:35:00-05:00,100.57356,100.59356,100.50469,100.52469,1000
2026-01-26T15:36:00-05:00,100.64899,100.66899,100.57935,100.59935,1000
2026-01-26T15:37:00-05:00,100.72146,100.74146,100.65651,100.67651,1000
2026-01-26T15:38:00-05:00,100.79110,100.81110,100.73577,100.75577,1000
2026-01-26T15:39:00-05:00,100.85829,100.87829,100.81649,100.83649,1000
2026-01-26T15:40:00-05:00,100.92367,100.94367,100.89779,100.91779,1000
2026-01-26T15:41:00-05:00,100.98797,101.01866,100.96797,100.99866,1000
2026-01-26T15:42:00-05:00,101.05198,101.09806,101.03198,101.07806,1000
2026-01-26T15:43:00-05:00,101.11642,101.17503,101.09642,101.15503,1000
2026-01-26T15:44:00-05:00,101.18187,101.24875,101.16187,101.22875,1000
2026-01-26T15:45:00-05:00,101.24865,101.31864,101.22865,101.29864,1000
2026-01-26T15:46:00-05:00,101.31682,101.38441,101.29682,101.36441,1000
2026-01-26T15:47:00-05:00,101.38612,101.44609,101.36612,101.42609,1000
2026-01-26T15:48:00-05:00,101.45604,101.50397,101.43604,101.48397,1000
2026-01-26T15:49:00-05:00,101.52578,101.55861,101.50578,101.53861,1000
2026-01-26T15:50:00-05:00,101.59443,101.61443,101.57073,101.59073,1000
2026-01-26T15:51:00-05:00,101.66095,101.68095,101.62115,101.64115,1000
2026-01-26T15:52:00-05:00,101.72437,101.74437,101.67064,101.69064,1000
2026-01-26T15:53:00-05:00,101.78383,101.80383,101.71988,101.73988,1000
2026-01-26T15:54:00-05:00,101.83867,101.85867,101.76934,101.78934,1000
2026-01-26T15:55:00-05:00,101.88851,101.90851,101.81922,101.83922,1000
2026-01-26T15:56:00-05:00,101.93326,101.95326,101.86945,101.88945,1000
2026-01-26T15:57:00-05:00,101.97315,101.99315,101.91964,101.93964,1000
2026-01-26T15:58:00-05:00,102.00867,102.02867,101.96915,101.98915,1000
2026-01-26T15:59:00-05:00,102.04052,102.06052,102.01714,102.03714,1000
2026-01-27T09:30:00-05:00,102.06953,102.10266,102.04953,102.08266,1000
2026-01-27T09:31:00-05:00,102.09655,102.14474,102.07655,102.12474,1000
2026-01-27T09:32:00-05:00,102.12235,102.18250,102.10235,102.16250,1000
2026-01-27T09:33:00-05:00,102.14754,102.21523,102.12754,102.19523,1000
2026-01-27T09:34:00-05:00,102.17249,102.24247,102.15249,102.22247,1000
2026-01-27T09:35:00-05:00,102.19729,102.26405,102.17729,102.24405,1000
2026-01-27T09:36:00-05:00,102.22173,102.28013,102.20173,102.26013,1000
2026-01-27T09:37:00-05:00,102.24532,102.29114,102.22532,102.27114,1000
2026-01-27T09:38:00-05:00,102.26735,102.29774,102.24735,102.27774,1000
2026-01-27T09:39:00-05:00,102.28696,102.30696,102.26077,102.28077,1000
2026-01-27T09:40:00-05:00,102.30322,102.32322,102.26114,102.28114,1000
2026-01-27T09:41:00-05:00,102.31525,102.33525,102.25971,102.27971,1000
2026-01-27T09:42:00-05:00,102.32231,102.34231,102.25722,102.27722,1000
2026-01-27T09:43:00-05:00,102.32389,102.34389,102.25421,102.27421,1000
2026-01-27T09:44:00-05:00,102.31975,102.33975,102.25095,102.27095,1000
2026-01-27T09:45:00-05:00,102.30994,102.32994,102.24740,102.26740,1000
2026-01-27T09:46:00-05:00,102.29485,102.31485,102.24325,102.26325,1000
2026-01-27T09:47:00-05:00,102.27510,102.29510,102.23791,102.25791,1000
2026-01-27T09:48:00-05:00,102.25152,102.27152,102.23064,102.25064,1000
2026-01-27T09:49:00-05:00,102.22505,102.26058,102.20505,102.24058,1000
2026-01-27T09:50:00-05:00,102.19663,102.24686,102.17663,102.22686,1000
2026-01-27T09:51:00-05:00,102.16714,102.22874,102.14714,102.20874,1000
2026-01-27T09:52:00-05:00,102.13725,102.20563,102.11725,102.18563,1000
2026-01-27T09:53:00-05:00,102.10740,102.17724,102.08740,102.15724,1000
2026-01-27T09:54:00-05:00,102.07772,102.14355,102.05772,102.12355,1000
2026-01-27T09:55:00-05:00,102.04809,102.10484,102.02809,102.08484,1000
2026-01-27T09:56:00-05:00,102.01806,102.06170,101.99806,102.04170,1000
2026-01-27T09:57:00-05:00,101.98701,102.01493,101.96701,101.99493,1000
2026-01-27T09:58:00-05:00,101.95415,101.97415,101.92548,101.94548,1000
2026-01-27T09:59:00-05:00,101.91865,101.93865,101.87435,101.89435,1000
2026-01-27T10:00:00-05:00,101.87975,101.89975,101.82249,101.84249,1000
2026-01-27T10:01:00-05:00,101.83684,101.85684,101.77072,101.79072,1000
2026-01-27T10:02:00-05:00,101.78952,101.80952,101.71962,101.73962,1000
2026-01-27T10:03:00-05:00,101.73770,101.75770,101.66951,101.68951,1000
2026-01-27T10:04:00-05:00,101.68158,101.70158,101.62041,101.64041,1000
2026-01-27T10:05:00-05:00,101.62165,101.64165,101.57203,101.59203,1000
2026-01-27T10:06:00-05:00,101.55866,101.57866,101.52385,101.54385,1000
2026-01-27T10:07:00-05:00,101.49355,101.51518,101.47355,101.49518,1000
2026-01-27T10:08:00-05:00,101.42734,101.46524,101.40734,101.44524,1000
2026-01-27T10:09:00-05:00,101.36105,101.41324,101.34105,101.39324,1000
2026-01-27T10:10:00-05:00,101.29559,101.35852,101.27559,101.33852,1000
2026-01-27T10:11:00-05:00,101.23167,101.30062,101.21167,101.28062,1000
2026-01-27T10:12:00-05:00,101.16975,101.23934,101.14975,101.21934,1000
2026-01-27T10:13:00-05:00,101.11000,101.17476,101.09000,101.15476,1000
2026-01-27T10:14:00-05:00,101.05228,101.10729,101.03228,101.08729,1000
2026-01-27T10:15:00-05:00,100.99619,101.03759,100.97619,101.01759,1000
2026-01-27T10:16:00-05:00,100.94109,100.96653,100.92109,100.94653,1000
2026-01-27T10:17:00-05:00,100.88626,100.90626,100.85513,100.87513,1000
2026-01-27T10:18:00-05:00,100.83090,100.85090,100.78444,100.80444,1000
2026-01-27T10:19:00-05:00,100.77431,100.79431,100.71542,100.73542,1000
2026-01-27T10:20:00-05:00,100.71592,100.73592,100.64890,100.66890,1000
2026-01-27T10:21:00-05:00,100.65543,100.67543,100.58544,100.60544,1000
2026-01-27T10:22:00-05:00,100.59280,100.61280,100.52534,100.54534,1000
2026-01-27T10:23:00-05:00,100.52829,100.54829,100.46860,100.48860,1000
2026-01-27T10:24:00-05:00,100.46246,100.48246,100.41490,100.43490,1000
2026-01-27T10:25:00-05:00,100.39611,100.41611,100.36371,100.38371,1000
2026-01-27T10:26:00-05:00,100.33018,100.35431,100.31018,100.33431,1000
2026-01-27T10:27:00-05:00,100.26571,100.30592,100.24571,100.28592,1000
2026-01-27T10:28:00-05:00,100.20371,100.25777,100.18371,100.23777,1000
2026-01-27T10:29:00-05:00,100.14504,100.20921,100.12504,100.18921,1000
2026-01-27T10:30:00-05:00,100.09039,100.15980,100.07039,100.13980,1000
2026-01-27T10:31:00-05:00,100.04015,100.10936,100.02015,100.08936,1000
2026-01-27T10:32:00-05:00,99.99442,100.05800,99.97442,100.03800,1000
2026-01-27T10:33:00-05:00,99.95298,100.00616,99.93298,99.98616,1000
2026-01-27T10:34:00-05:00,99.91537,99.95448,99.89537,99.93448,1000
2026-01-27T10:35:00-05:00,99.88091,99.90385,99.86091,99.88385,1000
2026-01-27T10:36:00-05:00,99.84881,99.86881,99.81525,99.83525,1000
2026-01-27T10:37:00-05:00,99.81823,99.83823,99.76968,99.78968,1000
2026-01-27T10:38:00-05:00,99.78844,99.80844,99.72803,99.74803,1000
2026-01-27T10:39:00-05:00,99.75887,99.77887,99.69105,99.71105,1000
2026-01-27T10:40:00-05:00,99.72919,99.74919,99.65922,99.67922,1000
2026-01-27T10:41:00-05:00,99.69933,99.71933,99.63272,99.65272,1000
2026-01-27T10:42:00-05:00,99.66957,99.68957,99.61144,99.63144,1000
2026-01-27T10:43:00-05:00,99.64041,99.66041,99.59497,99.61497,1000
2026-01-27T10:44:00-05:00,99.61262,99.63262,99.58266,99.60266,1000
2026-01-27T10:45:00-05:00,99.58709,99.61372,99.56709,99.59372,1000
2026-01-27T10:46:00-05:00,99.56479,99.60727,99.54479,99.58727,1000
2026-01-27T10:47:00-05:00,99.54662,99.60248,99.52662,99.58248,1000
2026-01-27T10:48:00-05:00,99.53336,99.59864,99.51336,99.57864,1000
2026-01-27T10:49:00-05:00,99.52555,99.59528,99.50555,99.57528,1000
2026-01-27T10:50:00-05:00,99.52346,99.59216,99.50346,99.57216,1000
2026-01-27T10:51:00-05:00,99.52704,99.58935,99.50704,99.56935,1000
2026-01-27T10:52:00-05:00,99.53597,99.58722,99.51597,99.56722,1000
2026-01-27T10:53:00-05:00,99.54962,99.58639,99.52962,99.56639,1000
2026-01-27T10:54:00-05:00,99.56722,99.58765,99.54722,99.56765,1000
2026-01-27T10:55:00-05:00,99.58784,99.60784,99.55189,99.57189,1000
2026-01-27T10:56:00-05:00,99.61058,99.63058,99.56000,99.58000,1000
2026-01-27T10:57:00-05:00,99.63461,99.65461,99.57278,99.59278,1000
2026-01-27T10:58:00-05:00,99.65930,99.67930,99.59081,99.61081,1000
2026-01-27T10:59:00-05:00,99.68424,99.70424,99.61443,99.63443,1000
2026-01-27T11:00:00-05:00,99.70933,99.72933,99.64369,99.66369,1000
2026-01-27T11:01:00-05:00,99.73476,99.75476,99.67830,99.69830,1000
2026-01-27T11:02:00-05:00,99.76098,99.78098,99.71774,99.73774,1000
2026-01-27T11:03:00-05:00,99.78869,99.80869,99.76120,99.78120,1000
2026-01-27T11:04:00-05:00,99.81867,99.84778,99.79867,99.82778,1000
2026-01-27T11:05:00-05:00,99.85180,99.89649,99.83180,99.87649,1000
2026-01-27T11:06:00-05:00,99.88886,99.94641,99.86886,99.92641,1000
2026-01-27T11:07:00-05:00,99.93048,99.99677,99.91048,99.97677,1000
2026-01-27T11:08:00-05:00,99.97708,100.04701,99.95708,100.02701,1000
2026-01-27T11:09:00-05:00,100.02877,100.09684,100.00877,100.07684,1000
2026-01-27T11:10:00-05:00,100.08537,100.14628,100.06537,100.12628,1000
2026-01-27T11:11:00-05:00,100.14639,100.19565,100.12639,100.17565,1000
2026-01-27T11:12:00-05:00,100.21109,100.24548,100.19109,100.22548,1000
2026-01-27T11:13:00-05:00,100.27857,100.29857,100.25650,100.27650,1000
2026-01-27T11:14:00-05:00,100.34782,100.36782,100.30951,100.32951,1000
2026-01-27T11:15:00-05:00,100.41783,100.43783,100.36531,100.38531,1000
2026-01-27T11:16:00-05:00,100.48772,100.50772,100.42456,100.44456,1000
2026-01-27T11:17:00-05:00,100.55679,100.57679,100.48775,100.50775,1000
2026-01-27T11:18:00-05:00,100.62461,100.64461,100.55508,100.57508,1000
2026-01-27T11:19:00-05:00,100.69102,100.71102,100.62646,100.64646,1000
2026-01-27T11:20:00-05:00,100.75619,100.77619,100.70150,100.72150,1000
2026-01-27T11:21:00-05:00,100.82053,100.84053,100.77953,100.79953,1000
2026-01-27T11:22:00-05:00,100.88467,100.90467,100.85968,100.87968,1000
2026-01-27T11:23:00-05:00,100.94938,100.98094,100.92938,100.96094,1000
2026-01-27T11:24:00-05:00,101.01543,101.06227,100.99543,101.04227,1000
2026-01-27T11:25:00-05:00,101.08354,101.14270,101.06354,101.12270,1000
2026-01-27T11:26:00-05:00,101.15425,101.22143,101.13425,101.20143,1000
2026-01-27T11:27:00-05:00,101.22788,101.29788,101.20788,101.27788,1000
2026-01-27T11:28:00-05:00,101.30445,101.37176,101.28445,101.35176,1000
2026-01-27T11:29:00-05:00,101.38368,101.44310,101.36368,101.42310,1000
2026-01-27T11:30:00-05:00,101.46500,101.51220,101.44500,101.49220,1000
2026-01-27T11:31:00-05:00,101.54762,101.57958,101.52762,101.55958,1000
2026-01-27T11:32:00-05:00,101.63055,101.65055,101.60598,101.62598,1000
2026-01-27T11:33:00-05:00,101.71276,101.73276,101.67215,101.69215,1000
2026-01-27T11:34:00-05:00,101.79325,101.81325,101.73886,101.75886,1000
2026-01-27T11:35:00-05:00,101.87111,101.89111,101.80674,101.82674,1000
2026-01-27T11:36:00-05:00,101.94567,101.96567,101.87620,101.89620,1000
2026-01-27T11:37:00-05:00,102.01653,102.03653,101.94740,101.96740,1000
2026-01-27T11:38:00-05:00,102.08358,102.10358,102.02021,102.04021,1000
2026-01-27T11:39:00-05:00,102.14702,102.16702,102.09417,102.11417,1000
2026-01-27T11:40:00-05:00,102.20730,102.22730,102.16860,102.18860,1000
2026-01-27T11:41:00-05:00,102.26509,102.28509,102.24259,102.26259,1000
2026-01-27T11:42:00-05:00,102.32116,102.35514,102.30116,102.33514,1000
2026-01-27T11:43:00-05:00,102.37632,102.42523,102.35632,102.40523,1000
2026-01-27T11:44:00-05:00,102.43126,102.49194,102.41126,102.47194,1000
2026-01-27T11:45:00-05:00,102.48655,102.55450,102.46655,102.53450,1000
2026-01-27T11:46:00-05:00,102.54246,102.61241,102.52246,102.59241,1000
2026-01-27T11:47:00-05:00,102.59903,102.66548,102.57903,102.64548,1000
2026-01-27T11:48:00-05:00,102.65595,102.71379,102.63595,102.69379,1000
2026-01-27T11:49:00-05:00,102.71268,102.75773,102.69268,102.73773,1000
2026-01-27T11:50:00-05:00,102.76841,102.79792,102.74841,102.77792,1000
2026-01-27T11:51:00-05:00,102.82221,102.84221,102.79514,102.81514,1000
2026-01-27T11:52:00-05:00,102.87309,102.89309,102.83022,102.85022,1000
2026-01-27T11:53:00-05:00,102.92011,102.94011,102.86395,102.88395,1000
2026-01-27T11:54:00-05:00,102.96248,102.98248,102.89701,102.91701,1000
2026-01-27T11:55:00-05:00,102.99962,103.01962,102.92984,102.94984,1000
2026-01-27T11:56:00-05:00,103.03123,103.05123,102.96263,102.98263,1000
2026-01-27T11:57:00-05:00,103.05732,103.07732,102.99525,103.01525,1000
2026-01-27T11:58:00-05:00,103.07822,103.09822,103.02731,103.04731,1000
2026-01-27T11:59:00-05:00,103.09449,103.11449,103.05814,103.07814,1000
2026-01-27T12:00:00-05:00,103.10691,103.12692,103.08691,103.10692,1000
2026-01-27T12:01:00-05:00,103.11633,103.15270,103.09633,103.13270,1000
2026-01-27T12:02:00-05:00,103.12364,103.17457,103.10364,103.15457,1000
2026-01-27T12:03:00-05:00,103.12963,103.19171,103.10963,103.17171,1000
2026-01-27T12:04:00-05:00,103.13488,103.20348,103.11488,103.18348,1000
2026-01-27T12:05:00-05:00,103.13976,103.20953,103.11976,103.18953,1000
2026-01-27T12:06:00-05:00,103.14432,103.20978,103.12432,103.18978,1000
2026-01-27T12:07:00-05:00,103.14833,103.20448,103.12833,103.18448,1000
2026-01-27T12:08:00-05:00,103.15130,103.19416,103.13130,103.17416,1000
2026-01-27T12:09:00-05:00,103.15250,103.17955,103.13250,103.15955,1000
2026-01-27T12:10:00-05:00,103.15109,103.17109,103.12155,103.14155,1000
2026-01-27T12:11:00-05:00,103.14617,103.16617,103.10110,103.12110,1000
2026-01-27T12:12:00-05:00,103.13694,103.15694,103.07909,103.09909,1000
2026-01-27T12:13:00-05:00,103.12271,103.14271,103.05626,103.07626,1000
2026-01-27T12:14:00-05:00,103.10307,103.12307,103.03312,103.05312,1000
2026-01-27T12:15:00-05:00,103.07787,103.09787,103.00992,103.02992,1000
2026-01-27T12:16:00-05:00,103.04726,103.06726,102.98660,103.00660,1000
2026-01-27T12:17:00-05:00,103.01172,103.03172,102.96282,102.98282,1000
2026-01-27T12:18:00-05:00,102.97196,102.99196,102.93800,102.95800,1000
2026-01-27T12:19:00-05:00,102.92886,102.95138,102.90886,102.93138,1000
2026-01-27T12:20:00-05:00,102.88341,102.92212,102.86341,102.90212,1000
2026-01-27T12:21:00-05:00,102.83657,102.88943,102.81657,102.86943,1000
2026-01-27T12:22:00-05:00,102.78922,102.85259,102.76922,102.83259,1000
2026-01-27T12:23:00-05:00,102.74200,102.81113,102.72200,102.79113,1000
2026-01-27T12:24:00-05:00,102.69534,102.76481,102.67534,102.74481,1000
2026-01-27T12:25:00-05:00,102.64935,102.71371,102.62935,102.69371,1000
2026-01-27T12:26:00-05:00,102.60385,102.65822,102.58385,102.63822,1000
2026-01-27T12:27:00-05:00,102.55838,102.59898,102.53838,102.57898,1000
2026-01-27T12:28:00-05:00,102.51230,102.53686,102.49230,102.51686,1000
2026-01-27T12:29:00-05:00,102.46484,102.48484,102.43286,102.45286,1000
2026-01-27T12:30:00-05:00,102.41519,102.43519,102.36799,102.38799,1000
2026-01-27T12:31:00-05:00,102.36264,102.38264,102.30320,102.32320,1000
2026-01-27T12:32:00-05:00,102.30663,102.32663,102.23931,102.25931,1000
2026-01-27T12:33:00-05:00,102.24684,102.26684,102.17684,102.19684,1000
2026-01-27T12:34:00-05:00,102.18326,102.20326,102.11608,102.13608,1000
2026-01-27T12:35:00-05:00,102.11615,102.13615,102.05700,102.07700,1000
2026-01-27T12:36:00-05:00,102.04610,102.06610,101.99928,102.01928,1000
2026-01-27T12:37:00-05:00,101.97390,101.99390,101.94236,101.96236,1000
2026-01-27T12:38:00-05:00,101.90053,101.92554,101.88053,101.90554,1000
2026-01-27T12:39:00-05:00,101.82702,101.86804,101.80702,101.84804,1000
2026-01-27T12:40:00-05:00,101.75440,101.80910,101.73440,101.78910,1000
2026-01-27T12:41:00-05:00,101.68354,101.74811,101.66354,101.72811,1000
2026-01-27T12:42:00-05:00,101.61511,101.68464,101.59511,101.66464,1000
2026-01-27T12:43:00-05:00,101.54953,101.61857,101.52953,101.59857,1000
2026-01-27T12:44:00-05:00,101.48689,101.55004,101.46689,101.53004,1000
2026-01-27T12:45:00-05:00,101.42700,101.47951,101.40700,101.45951,1000
2026-01-27T12:46:00-05:00,101.36941,101.40770,101.34941,101.38770,1000
2026-01-27T12:47:00-05:00,101.31347,101.33552,101.29347,101.31552,1000
2026-01-27T12:48:00-05:00,101.25839,101.27839,101.22399,101.24399,1000
2026-01-27T12:49:00-05:00,101.20342,101.22342,101.15414,101.17414,1000
2026-01-27T12:50:00-05:00,101.14784,101.16784,101.08691,101.10691,1000
2026-01-27T12:51:00-05:00,101.09115,101.11115,101.02308,101.04308,1000
2026-01-27T12:52:00-05:00,101.03306,101.05306,100.96314,100.98314,1000
2026-01-27T12:53:00-05:00,100.97360,100.99360,100.90732,100.92732,1000
2026-01-27T12:54:00-05:00,100.91308,100.93308,100.85553,100.87553,1000
2026-01-27T12:55:00-05:00,100.85209,100.87209,100.80741,100.82741,1000
2026-01-27T12:56:00-05:00,100.79144,100.81144,100.76236,100.78236,1000
2026-01-27T12:57:00-05:00,100.73212,100.75962,100.71212,100.73962,1000
2026-01-27T12:58:00-05:00,100.67512,100.71838,100.65512,100.69838,1000
2026-01-27T12:59:00-05:00,100.62141,100.67787,100.60141,100.65787,1000
2026-01-27T13:00:00-05:00,100.57182,100.63747,100.55182,100.61747,1000
2026-01-27T13:01:00-05:00,100.52694,100.59675,100.50694,100.57675,1000
2026-01-27T13:02:00-05:00,100.48708,100.55557,100.46708,100.53557,1000
2026-01-27T13:03:00-05:00,100.45226,100.51409,100.43226,100.49409,1000
2026-01-27T13:04:00-05:00,100.42219,100.47275,100.40219,100.45275,1000
2026-01-27T13:05:00-05:00,100.39631,100.43224,100.37631,100.41224,1000
2026-01-27T13:06:00-05:00,100.37389,100.39389,100.35344,100.37344,1000
2026-01-27T13:07:00-05:00,100.35410,100.37410,100.31731,100.33731,1000
2026-01-27T13:08:00-05:00,100.33609,100.35609,100.28481,100.30481,1000
2026-01-27T13:09:00-05:00,100.31911,100.33911,100.25679,100.27679,1000
2026-01-27T13:10:00-05:00,100.30260,100.32260,100.23390,100.25390,1000
2026-01-27T13:11:00-05:00,100.28626,100.30626,100.21654,100.23654,1000
2026-01-27T13:12:00-05:00,100.27007,100.29007,100.20479,100.22479,1000
2026-01-27T13:13:00-05:00,100.25429,100.27429,100.19845,100.21845,1000
2026-01-27T13:14:00-05:00,100.23948,100.25948,100.19702,100.21702,1000
2026-01-27T13:15:00-05:00,100.22639,100.24639,100.19979,100.21979,1000
2026-01-27T13:16:00-05:00,100.21591,100.24588,100.19591,100.22588,1000
2026-01-27T13:17:00-05:00,100.20896,100.25442,100.18896,100.23442,1000
2026-01-27T13:18:00-05:00,100.20639,100.26453,100.18639,100.24453,1000
2026-01-27T13:19:00-05:00,100.20890,100.27552,100.18890,100.25552,1000
2026-01-27T13:20:00-05:00,100.21695,100.28692,100.19695,100.26692,1000
2026-01-27T13:21:00-05:00,100.23070,100.29852,100.21070,100.27852,1000
2026-01-27T13:22:00-05:00,100.25002,100.31043,100.23002,100.29043,1000
2026-01-27T13:23:00-05:00,100.27448,100.32302,100.25448,100.30302,1000
2026-01-27T13:24:00-05:00,100.30338,100.33692,100.28338,100.31692,1000
2026-01-27T13:25:00-05:00,100.33587,100.35587,100.31291,100.33291,1000
2026-01-27T13:26:00-05:00,100.37100,100.39100,100.33187,100.35187,1000
2026-01-27T13:27:00-05:00,100.40782,100.42782,100.35463,100.37463,1000
2026-01-27T13:28:00-05:00,100.44552,100.46552,100.38192,100.40192,1000
2026-01-27T13:29:00-05:00,100.48346,100.50346,100.41425,100.43425,1000
2026-01-27T13:30:00-05:00,100.52126,100.54126,100.45186,100.47186,1000
2026-01-27T13:31:00-05:00,100.55886,100.57886,100.49471,100.51471,1000
2026-01-27T13:32:00-05:00,100.59646,100.61646,100.54241,100.56241,1000
2026-01-27T13:33:00-05:00,100.63455,100.65455,100.59435,100.61435,1000
2026-01-27T13:34:00-05:00,100.67379,100.69379,100.64968,100.66968,1000
2026-01-27T13:35:00-05:00,100.71501,100.74742,100.69501,100.72742,1000
2026-01-27T13:36:00-05:00,100.75900,100.80658,100.73900,100.78658,1000
2026-01-27T13:37:00-05:00,100.80651,100.86622,100.78651,100.84622,1000
2026-01-27T13:38:00-05:00,100.85812,100.92558,100.83812,100.90558,1000
2026-01-27T13:39:00-05:00,100.91414,100.98414,100.89414,100.96414,1000
2026-01-27T13:40:00-05:00,100.97461,101.04163,100.95461,101.02163,1000
2026-01-27T13:41:00-05:00,101.03925,101.09813,101.01925,101.07813,1000
2026-01-27T13:42:00-05:00,101.10751,101.15396,101.08751,101.13396,1000
2026-01-27T13:43:00-05:00,101.17858,101.20969,101.15858,101.18969,1000
2026-01-27T13:44:00-05:00,101.25151,101.27151,101.22605,101.24605,1000
2026-01-27T13:45:00-05:00,101.32526,101.34526,101.28384,101.30384,1000
2026-01-27T13:46:00-05:00,101.39882,101.41882,101.34380,101.36380,1000
2026-01-27T13:47:00-05:00,101.47134,101.49134,101.40657,101.42657,1000
2026-01-27T13:48:00-05:00,101.54214,101.56214,101.47255,101.49255,1000
2026-01-27T13:49:00-05:00,101.61083,101.63083,101.54188,101.56188,1000
2026-01-27T13:50:00-05:00,101.67732,101.69732,101.61439,101.63439,1000
2026-01-27T13:51:00-05:00,101.74180,101.76180,101.68963,101.70963,1000
2026-01-27T13:52:00-05:00,101.80475,101.82475,101.76688,101.78688,1000
2026-01-27T13:53:00-05:00,101.86682,101.88682,101.84520,101.86520,1000
2026-01-27T13:54:00-05:00,101.92876,101.96359,101.90876,101.94359,1000
2026-01-27T13:55:00-05:00,101.99136,102.04099,101.97136,102.02099,1000
2026-01-27T13:56:00-05:00,102.05530,102.11648,102.03530,102.09648,1000
2026-01-27T13:57:00-05:00,102.12107,102.18927,102.10107,102.16927,1000
2026-01-27T13:58:00-05:00,102.18895,102.25885,102.16895,102.23885,1000
2026-01-27T13:59:00-05:00,102.25889,102.32500,102.23889,102.30500,1000
2026-01-27T14:00:00-05:00,102.33055,102.38780,102.31055,102.36780,1000
2026-01-27T14:01:00-05:00,102.40333,102.44762,102.38333,102.42762,1000
2026-01-27T14:02:00-05:00,102.47638,102.50503,102.45638,102.48503,1000
2026-01-27T14:03:00-05:00,102.54872,102.56872,102.52078,102.54078,1000
2026-01-27T14:04:00-05:00,102.61932,102.63932,102.57567,102.59567,1000
2026-01-27T14:05:00-05:00,102.68719,102.70719,102.63043,102.65043,1000
2026-01-27T14:06:00-05:00,102.75150,102.77150,102.68567,102.70567,1000
2026-01-27T14:07:00-05:00,102.81163,102.83163,102.74178,102.76178,1000
2026-01-27T14:08:00-05:00,102.86726,102.88726,102.79888,102.81888,1000
2026-01-27T14:09:00-05:00,102.91835,102.93835,102.85677,102.87677,1000
2026-01-27T14:10:00-05:00,102.96518,102.98518,102.91497,102.93497,1000
2026-01-27T14:11:00-05:00,103.00828,103.02828,102.97277,102.99277,1000
2026-01-27T14:12:00-05:00,103.04836,103.06925,103.02836,103.04925,1000
2026-01-27T14:13:00-05:00,103.08623,103.12343,103.06623,103.10343,1000
2026-01-27T14:14:00-05:00,103.12269,103.17431,103.10269,103.15431,1000
2026-01-27T14:15:00-05:00,103.15847,103.22102,103.13847,103.20102,1000
2026-01-27T14:16:00-05:00,103.19409,103.26288,103.17409,103.24288,1000
2026-01-27T14:17:00-05:00,103.22980,103.29948,103.20980,103.27948,1000
2026-01-27T14:18:00-05:00,103.26560,103.33069,103.24560,103.31069,1000
2026-01-27T14:19:00-05:00,103.30117,103.35670,103.28117,103.33670,1000
2026-01-27T14:20:00-05:00,103.33592,103.37799,103.31592,103.35799,1000
2026-01-27T14:21:00-05:00,103.36906,103.39523,103.34906,103.37523,1000
2026-01-27T14:22:00-05:00,103.39966,103.41966,103.36925,103.38925,1000
2026-01-27T14:23:00-05:00,103.42676,103.44676,103.38093,103.40093,1000
2026-01-27T14:24:00-05:00,103.44949,103.46949,103.39107,103.41107,1000
2026-01-27T14:25:00-05:00,103.46711,103.48711,103.40034,103.42034,1000
2026-01-27T14:26:00-05:00,103.47915,103.49915,103.40916,103.42916,1000
2026-01-27T14:27:00-05:00,103.48539,103.50539,103.41770,103.43770,1000
2026-01-27T14:28:00-05:00,103.48595,103.50595,103.42581,103.44581,1000
2026-01-27T14:29:00-05:00,103.48124,103.50124,103.43307,103.45307,1000
2026-01-27T14:30:00-05:00,103.47192,103.49192,103.43881,103.45881,1000
2026-01-27T14:31:00-05:00,103.45880,103.48220,103.43880,103.46220,1000
2026-01-27T14:32:00-05:00,103.44282,103.48235,103.42282,103.46235,1000
2026-01-27T14:33:00-05:00,103.42486,103.47838,103.40486,103.45838,1000
2026-01-27T14:34:00-05:00,103.40573,103.46954,103.38573,103.44954,1000
2026-01-27T14:35:00-05:00,103.38600,103.45528,103.36600,103.43528,1000
2026-01-27T14:36:00-05:00,103.36601,103.43534,103.34601,103.41534,1000
2026-01-27T14:37:00-05:00,103.34580,103.40975,103.32580,103.38975,1000
2026-01-27T14:38:00-05:00,103.32512,103.37884,103.30512,103.35884,1000
2026-01-27T14:39:00-05:00,103.30344,103.34323,103.28344,103.32323,1000
2026-01-27T14:40:00-05:00,103.28005,103.30373,103.26005,103.28373,1000
2026-01-27T14:41:00-05:00,103.25413,103.27413,103.22128,103.24128,1000
2026-01-27T14:42:00-05:00,103.22481,103.24481,103.17687,103.19687,1000
2026-01-27T14:43:00-05:00,103.19135,103.21135,103.13138,103.15138,1000
2026-01-27T14:44:00-05:00,103.15315,103.17315,103.08555,103.10555,1000
2026-01-27T14:45:00-05:00,103.10986,103.12986,103.03988,103.05988,1000
2026-01-27T14:46:00-05:00,103.06144,103.08144,102.99457,103.01457,1000
2026-01-27T14:47:00-05:00,103.00815,103.02815,102.94955,102.96955,1000
2026-01-27T14:48:00-05:00,102.95052,102.97052,102.90445,102.92445,1000
2026-01-27T14:49:00-05:00,102.88934,102.90934,102.85867,102.87867,1000
2026-01-27T14:50:00-05:00,102.82556,102.85146,102.80556,102.83146,1000
2026-01-27T14:51:00-05:00,102.76019,102.80201,102.74019,102.78201,1000
2026-01-27T14:52:00-05:00,102.69422,102.74955,102.67422,102.72955,1000
2026-01-27T14:53:00-05:00,102.62848,102.69345,102.60848,102.67345,1000
2026-01-27T14:54:00-05:00,102.56364,102.63328,102.54364,102.61328,1000
2026-01-27T14:55:00-05:00,102.50005,102.56891,102.48005,102.54891,1000
2026-01-27T14:56:00-05:00,102.43779,102.50049,102.41779,102.48049,1000
2026-01-27T14:57:00-05:00,102.37665,102.42848,102.35665,102.40848,1000
2026-01-27T14:58:00-05:00,102.31615,102.35361,102.29615,102.33361,1000
2026-01-27T14:59:00-05:00,102.25561,102.27678,102.23561,102.25678,1000
2026-01-27T15:00:00-05:00,102.19427,102.21427,102.15902,102.17902,1000
2026-01-27T15:01:00-05:00,102.13136,102.15136,102.08137,102.10137,1000
2026-01-27T15:02:00-05:00,102.06618,102.08618,102.00475,102.02475,1000
2026-01-27T15:03:00-05:00,101.99825,102.01825,101.92994,101.94994,1000
2026-01-27T15:04:00-05:00,101.92730,101.94730,101.85743,101.87743,1000
2026-01-27T15:05:00-05:00,101.85340,101.87340,101.78746,101.80746,1000
2026-01-27T15:06:00-05:00,101.77687,101.79687,101.71992,101.73992,1000
2026-01-27T15:07:00-05:00,101.69836,101.71836,101.65446,101.67446,1000
2026-01-27T15:08:00-05:00,101.61871,101.63871,101.59050,101.61050,1000
2026-01-27T15:09:00-05:00,101.53892,101.56729,101.51892,101.54729,1000
2026-01-27T15:10:00-05:00,101.46002,101.50407,101.44002,101.48407,1000
2026-01-27T15:11:00-05:00,101.38302,101.44008,101.36302,101.42008,1000
2026-01-27T15:12:00-05:00,101.30875,101.37475,101.28875,101.35475,1000
2026-01-27T15:13:00-05:00,101.23784,101.30772,101.21784,101.28772,1000
2026-01-27T15:14:00-05:00,101.17062,101.23888,101.15062,101.21888,1000
2026-01-27T15:15:00-05:00,101.10712,101.16846,101.08712,101.14846,1000
2026-01-27T15:16:00-05:00,101.04710,101.09696,101.02710,101.07696,1000
2026-01-27T15:17:00-05:00,100.99003,101.02512,100.97003,101.00512,1000
2026-01-27T15:18:00-05:00,100.93522,100.95522,100.91388,100.93388,1000
2026-01-27T15:19:00-05:00,100.88188,100.90188,100.84426,100.86426,1000
2026-01-27T15:20:00-05:00,100.82922,100.84922,100.77726,100.79726,1000
2026-01-27T15:21:00-05:00,100.77656,100.79656,100.71378,100.73378,1000
2026-01-27T15:22:00-05:00,100.72341,100.74341,100.65452,100.67452,1000
2026-01-27T15:23:00-05:00,100.66954,100.68954,100.59992,100.61992,1000
2026-01-27T15:24:00-05:00,100.61500,100.63500,100.55010,100.57010,1000
2026-01-27T15:25:00-05:00,100.56014,100.58014,100.50492,100.52492,1000
2026-01-27T15:26:00-05:00,100.50558,100.52558,100.46391,100.48391,1000
2026-01-27T15:27:00-05:00,100.45216,100.47216,100.42643,100.44643,1000
2026-01-27T15:28:00-05:00,100.40083,100.43167,100.38083,100.41167,1000
2026-01-27T15:29:00-05:00,100.35258,100.39879,100.33258,100.37879,1000
2026-01-27T15:30:00-05:00,100.30833,100.36703,100.28833,100.34703,1000
2026-01-27T15:31:00-05:00,100.26882,100.33575,100.24882,100.31575,1000
2026-01-27T15:32:00-05:00,100.23458,100.30457,100.21458,100.28457,1000
2026-01-27T15:33:00-05:00,100.20583,100.27338,100.18583,100.25338,1000
2026-01-27T15:34:00-05:00,100.18247,100.24235,100.16247,100.22235,1000
2026-01-27T15:35:00-05:00,100.16414,100.21195,100.14414,100.19195,1000
2026-01-27T15:36:00-05:00,100.15021,100.18290,100.13021,100.16290,1000
2026-01-27T15:37:00-05:00,100.13989,100.15989,100.11605,100.13605,1000
2026-01-27T15:38:00-05:00,100.13228,100.15228,100.09234,100.11234,1000
2026-01-27T15:39:00-05:00,100.12653,100.14653,100.07268,100.09268,1000
2026-01-27T15:40:00-05:00,100.12189,100.14189,100.05786,100.07786,1000
2026-01-27T15:41:00-05:00,100.11781,100.13781,100.04845,100.06845,1000
2026-01-27T15:42:00-05:00,100.11400,100.13400,100.04474,100.06474,1000
2026-01-27T15:43:00-05:00,100.11047,100.13047,100.04674,100.06674,1000
2026-01-27T15:44:00-05:00,100.10752,100.12752,100.05412,100.07412,1000
2026-01-27T15:45:00-05:00,100.10570,100.12570,100.06631,100.08631,1000
2026-01-27T15:46:00-05:00,100.10576,100.12576,100.08253,100.10253,1000
2026-01-27T15:47:00-05:00,100.10859,100.14186,100.08859,100.12186,1000
2026-01-27T15:48:00-05:00,100.11505,100.16336,100.09505,100.14336,1000
2026-01-27T15:49:00-05:00,100.12593,100.18617,100.10593,100.16617,1000
2026-01-27T15:50:00-05:00,100.14187,100.20960,100.12187,100.18960,1000
2026-01-27T15:51:00-05:00,100.16321,100.23319,100.14321,100.21319,1000
2026-01-27T15:52:00-05:00,100.19005,100.25676,100.17005,100.23676,1000
2026-01-27T15:53:00-05:00,100.22214,100.28045,100.20214,100.26045,1000
2026-01-27T15:54:00-05:00,100.25895,100.30464,100.23895,100.28464,1000
2026-01-27T15:55:00-05:00,100.29974,100.32998,100.27974,100.30998,1000
2026-01-27T15:56:00-05:00,100.34358,100.36358,100.31724,100.33724,1000
2026-01-27T15:57:00-05:00,100.38947,100.40947,100.34726,100.36726,1000
2026-01-27T15:58:00-05:00,100.43648,100.45648,100.38083,100.40083,1000
2026-01-27T15:59:00-05:00,100.48377,100.50377,100.41861,100.43861,1000
2026-01-28T09:30:00-05:00,100.53073,100.55073,100.46103,100.48103,1000
2026-01-28T09:31:00-05:00,100.57702,100.59702,100.50826,100.52826,1000
2026-01-28T09:32:00-05:00,100.62260,100.64260,100.56013,100.58013,1000
2026-01-28T09:33:00-05:00,100.66770,100.68770,100.61622,100.63622,1000
2026-01-28T09:34:00-05:00,100.71284,100.73284,100.67580,100.69580,1000
2026-01-28T09:35:00-05:00,100.75870,100.77870,100.73797,100.75797,1000
2026-01-28T09:36:00-05:00,100.80607,100.84174,100.78607,100.82174,1000
2026-01-28T09:37:00-05:00,100.85573,100.90607,100.83573,100.88607,1000
2026-01-28T09:38:00-05:00,100.90838,100.97005,100.88838,100.95005,1000
2026-01-28T09:39:00-05:00,100.96452,101.03294,100.94452,101.01294,1000
2026-01-28T09:40:00-05:00,101.02440,101.09424,101.00440,101.07424,1000
2026-01-28T09:41:00-05:00,101.08798,101.15375,101.06798,101.13375,1000
2026-01-28T09:42:00-05:00,101.15491,101.21157,101.13491,101.19157,1000
2026-01-28T09:43:00-05:00,101.22456,101.26807,101.20456,101.24807,1000
2026-01-28T09:44:00-05:00,101.29608,101.32386,101.27608,101.30386,1000
2026-01-28T09:45:00-05:00,101.36848,101.38848,101.33966,101.35966,1000
2026-01-28T09:46:00-05:00,101.44070,101.46070,101.39627,101.41627,1000
2026-01-28T09:47:00-05:00,101.51176,101.53176,101.45440,101.47440,1000
2026-01-28T09:48:00-05:00,101.58082,101.60082,101.51465,101.53465,1000
2026-01-28T09:49:00-05:00,101.64727,101.66727,101.57736,101.59736,1000
2026-01-28T09:50:00-05:00,101.71075,101.73075,101.64260,101.66260,1000
2026-01-28T09:51:00-05:00,101.77125,101.79125,101.71016,101.73016,1000
2026-01-28T09:52:00-05:00,101.82901,101.84901,101.77951,101.79951,1000
2026-01-28T09:53:00-05:00,101.88456,101.90456,101.84989,101.86989,1000
2026-01-28T09:54:00-05:00,101.93857,101.96035,101.91857,101.94035,1000
2026-01-28T09:55:00-05:00,101.99182,102.02985,101.97182,102.00985,1000
2026-01-28T09:56:00-05:00,102.04508,102.09738,102.02508,102.07738,1000
2026-01-28T09:57:00-05:00,102.09903,102.16203,102.07903,102.14203,1000
2026-01-28T09:58:00-05:00,102.15411,102.22309,102.13411,102.20309,1000
2026-01-28T09:59:00-05:00,102.21055,102.28011,102.19055,102.26011,1000
2026-01-28T10:00:00-05:00,102.26825,102.33295,102.24825,102.31295,1000
2026-01-28T10:01:00-05:00,102.32684,102.38174,102.30684,102.36174,1000
2026-01-28T10:02:00-05:00,102.38567,102.42693,102.36567,102.40693,1000
2026-01-28T10:03:00-05:00,102.44387,102.46916,102.42387,102.44916,1000
2026-01-28T10:04:00-05:00,102.50046,102.52046,102.46920,102.48920,1000
2026-01-28T10:05:00-05:00,102.55444,102.57444,102.50785,102.52785,1000
2026-01-28T10:06:00-05:00,102.60486,102.62486,102.54588,102.56588,1000
2026-01-28T10:07:00-05:00,102.65094,102.67094,102.58386,102.60386,1000
2026-01-28T10:08:00-05:00,102.69215,102.71215,102.62215,102.64215,1000
2026-01-28T10:09:00-05:00,102.72824,102.74824,102.66083,102.68083,1000
2026-01-28T10:10:00-05:00,102.75928,102.77928,102.69968,102.71968,1000
2026-01-28T10:11:00-05:00,102.78562,102.80562,102.73818,102.75818,1000
2026-01-28T10:12:00-05:00,102.80786,102.82786,102.77560,102.79560,1000
2026-01-28T10:13:00-05:00,102.82676,102.85104,102.80676,102.83104,1000
2026-01-28T10:14:00-05:00,102.84318,102.88353,102.82318,102.86353,1000
2026-01-28T10:15:00-05:00,102.85794,102.91211,102.83794,102.89211,1000
2026-01-28T10:16:00-05:00,102.87176,102.93599,102.85176,102.91599,1000
2026-01-28T10:17:00-05:00,102.88514,102.95456,102.86514,102.93456,1000
2026-01-28T10:18:00-05:00,102.89832,102.96750,102.87832,102.94750,1000
2026-01-28T10:19:00-05:00,102.91127,102.97478,102.89127,102.95478,1000
2026-01-28T10:20:00-05:00,102.92363,102.97669,102.90363,102.95669,1000
2026-01-28T10:21:00-05:00,102.93480,102.97378,102.91480,102.95378,1000
2026-01-28T10:22:00-05:00,102.94401,102.96680,102.92401,102.94680,1000
2026-01-28T10:23:00-05:00,102.95033,102.97033,102.91663,102.93663,1000
2026-01-28T10:24:00-05:00,102.95286,102.97286,102.90418,102.92418,1000
2026-01-28T10:25:00-05:00,102.95077,102.97077,102.89027,102.91027,1000
2026-01-28T10:26:00-05:00,102.94342,102.96342,102.87556,102.89556,1000
2026-01-28T10:27:00-05:00,102.93041,102.95041,102.86045,102.88045,1000
2026-01-28T10:28:00-05:00,102.91163,102.93163,102.84508,102.86508,1000
2026-01-28T10:29:00-05:00,102.88731,102.90731,102.82929,102.84929,1000
2026-01-28T10:30:00-05:00,102.85794,102.87794,102.81263,102.83263,1000
2026-01-28T10:31:00-05:00,102.82424,102.84424,102.79443,102.81443,1000
2026-01-28T10:32:00-05:00,102.78711,102.81389,102.76711,102.79389,1000
2026-01-28T10:33:00-05:00,102.74752,102.79013,102.72752,102.77013,1000
2026-01-28T10:34:00-05:00,102.70637,102.76232,102.68637,102.74232,1000
2026-01-28T10:35:00-05:00,102.66446,102.72980,102.64446,102.70980,1000
2026-01-28T10:36:00-05:00,102.62236,102.69210,102.60236,102.67210,1000
2026-01-28T10:37:00-05:00,102.58038,102.64904,102.56038,102.62904,1000
2026-01-28T10:38:00-05:00,102.53853,102.60076,102.51853,102.58076,1000
2026-01-28T10:39:00-05:00,102.49654,102.54768,102.47654,102.52768,1000
2026-01-28T10:40:00-05:00,102.45386,102.49049,102.43386,102.47049,1000
2026-01-28T10:41:00-05:00,102.40979,102.43008,102.38979,102.41008,1000
2026-01-28T10:42:00-05:00,102.36351,102.38351,102.32742,102.34742,1000
2026-01-28T10:43:00-05:00,102.31422,102.33422,102.26352,102.28352,1000
2026-01-28T10:44:00-05:00,102.26119,102.28119,102.19928,102.21928,1000
2026-01-28T10:45:00-05:00,102.20393,102.22393,102.13540,102.15540,1000
2026-01-28T10:46:00-05:00,102.14217,102.16217,102.07237,102.09237,1000
2026-01-28T10:47:00-05:00,102.07593,102.09593,102.01035,102.03035,1000
2026-01-28T10:48:00-05:00,102.00558,102.02558,101.94923,101.96923,1000
2026-01-28T10:49:00-05:00,101.93172,101.95172,101.88861,101.90861,1000
2026-01-28T10:50:00-05:00,101.85521,101.87521,101.82787,101.84787,1000
2026-01-28T10:51:00-05:00,101.77702,101.80627,101.75702,101.78627,1000
2026-01-28T10:52:00-05:00,101.69820,101.74302,101.67820,101.72302,1000
2026-01-28T10:53:00-05:00,101.61972,101.67737,101.59972,101.65737,1000
2026-01-28T10:54:00-05:00,101.54242,101.60876,101.52242,101.58876,1000
2026-01-28T10:55:00-05:00,101.46689,101.53683,101.44689,101.51683,1000
2026-01-28T10:56:00-05:00,101.39348,101.46150,101.37348,101.44150,1000
2026-01-28T10:57:00-05:00,101.32219,101.38302,101.30219,101.36302,1000
2026-01-28T10:58:00-05:00,101.25277,101.30191,101.23277,101.28191,1000
2026-01-28T10:59:00-05:00,101.18470,101.21894,101.16470,101.19894,1000
2026-01-28T11:00:00-05:00,101.11730,101.13730,101.09507,101.11507,1000
2026-01-28T11:01:00-05:00,101.04978,101.06978,101.01134,101.03134,1000
2026-01-28T11:02:00-05:00,100.98139,101.00139,100.92876,100.94876,1000
2026-01-28T11:03:00-05:00,100.91148,100.93148,100.84825,100.86825,1000
2026-01-28T11:04:00-05:00,100.83960,100.85960,100.77053,100.79053,1000
2026-01-28T11:05:00-05:00,100.76556,100.78556,100.69605,100.71605,1000
2026-01-28T11:06:00-05:00,100.68945,100.70945,100.62495,100.64495,1000
2026-01-28T11:07:00-05:00,100.61168,100.63168,100.55710,100.57710,1000
2026-01-28T11:08:00-05:00,100.53294,100.55294,100.49207,100.51207,1000
2026-01-28T11:09:00-05:00,100.45409,100.47409,100.42924,100.44924,1000
2026-01-28T11:10:00-05:00,100.37613,100.40783,100.35613,100.38783,1000
2026-01-28T11:11:00-05:00,100.30011,100.34707,100.28011,100.32707,1000
2026-01-28T11:12:00-05:00,100.22698,100.28623,100.20698,100.26623,1000
2026-01-28T11:13:00-05:00,100.15753,100.22475,100.13753,100.20475,1000
2026-01-28T11:14:00-05:00,100.09231,100.16231,100.07231,100.14231,1000
2026-01-28T11:15:00-05:00,100.03158,100.09885,100.01158,100.07885,1000
2026-01-28T11:16:00-05:00,99.97531,100.03464,99.95531,100.01464,1000
2026-01-28T11:17:00-05:00,99.92315,99.97022,99.90315,99.95022,1000
2026-01-28T11:18:00-05:00,99.87453,99.90635,99.85453,99.88635,1000
2026-01-28T11:19:00-05:00,99.82870,99.84870,99.80398,99.82398,1000
2026-01-28T11:20:00-05:00,99.78485,99.80485,99.74411,99.76411,1000
2026-01-28T11:21:00-05:00,99.74219,99.76219,99.68769,99.70769,1000
2026-01-28T11:22:00-05:00,99.70002,99.72002,99.63559,99.65559,1000
2026-01-28T11:23:00-05:00,99.65790,99.67790,99.58841,99.60841,1000
2026-01-28T11:24:00-05:00,99.61560,99.63560,99.54651,99.56651,1000
2026-01-28T11:25:00-05:00,99.57323,99.59323,99.50993,99.52993,1000
2026-01-28T11:26:00-05:00,99.53116,99.55116,99.47843,99.49843,1000
2026-01-28T11:27:00-05:00,99.49003,99.51003,99.45147,99.47147,1000
2026-01-28T11:28:00-05:00,99.45068,99.47068,99.42833,99.44833,1000
2026-01-28T11:29:00-05:00,99.41405,99.44817,99.39405,99.42817,1000
2026-01-28T11:30:00-05:00,99.38108,99.43012,99.36108,99.41012,1000
2026-01-28T11:31:00-05:00,99.35264,99.41340,99.33264,99.39340,1000
2026-01-28T11:32:00-05:00,99.32940,99.39739,99.30940,99.37739,1000
2026-01-28T11:33:00-05:00,99.31178,99.38172,99.29178,99.36172,1000
2026-01-28T11:34:00-05:00,99.29991,99.36630,99.27991,99.34630,1000
2026-01-28T11:35:00-05:00,99.29361,99.35135,99.27361,99.33135,1000
2026-01-28T11:36:00-05:00,99.29242,99.33735,99.27242,99.31735,1000
2026-01-28T11:37:00-05:00,99.29563,99.32500,99.27563,99.30500,1000
2026-01-28T11:38:00-05:00,99.30238,99.32238,99.27517,99.29517,1000
2026-01-28T11:39:00-05:00,99.31176,99.33176,99.26875,99.28875,1000
2026-01-28T11:40:00-05:00,99.32287,99.34287,99.26660,99.28660,1000
2026-01-28T11:41:00-05:00,99.33497,99.35497,99.26944,99.28944,1000
2026-01-28T11:42:00-05:00,99.34752,99.36752,99.27774,99.29774,1000
2026-01-28T11:43:00-05:00,99.36026,99.38026,99.29170,99.31170,1000
2026-01-28T11:44:00-05:00,99.37323,99.39323,99.31124,99.33124,1000
2026-01-28T11:45:00-05:00,99.38673,99.40673,99.33593,99.35593,1000
2026-01-28T11:46:00-05:00,99.40134,99.42134,99.36513,99.38513,1000
2026-01-28T11:47:00-05:00,99.41781,99.43796,99.39781,99.41796,1000
2026-01-28T11:48:00-05:00,99.43698,99.47348,99.41698,99.45348,1000
2026-01-28T11:49:00-05:00,99.45968,99.51073,99.43968,99.49073,1000
2026-01-28T11:50:00-05:00,99.48666,99.54882,99.46666,99.52882,1000
2026-01-28T11:51:00-05:00,99.51846,99.58709,99.49846,99.56709,1000
2026-01-28T11:52:00-05:00,99.55534,99.62509,99.53534,99.60509,1000
2026-01-28T11:53:00-05:00,99.59729,99.66269,99.57729,99.64269,1000
2026-01-28T11:54:00-05:00,99.64398,99.70003,99.62398,99.68003,1000
2026-01-28T11:55:00-05:00,99.69481,99.73754,99.67481,99.71754,1000
2026-01-28T11:56:00-05:00,99.74896,99.77586,99.72896,99.75586,1000
2026-01-28T11:57:00-05:00,99.80544,99.82544,99.77576,99.79576,1000
2026-01-28T11:58:00-05:00,99.86326,99.88326,99.81806,99.83806,1000
2026-01-28T11:59:00-05:00,99.92144,99.94144,99.86349,99.88349,1000
2026-01-28T12:00:00-05:00,99.97917,99.99917,99.91266,99.93266,1000
2026-01-28T12:01:00-05:00,100.03588,100.05588,99.96593,99.98593,1000
2026-01-28T12:02:00-05:00,100.09126,100.11126,100.02336,100.04336,1000
2026-01-28T12:03:00-05:00,100.14531,100.16531,100.08473,100.10473,1000
2026-01-28T12:04:00-05:00,100.19830,100.21830,100.14952,100.16952,1000
2026-01-28T12:05:00-05:00,100.25077,100.27077,100.21695,100.23695,1000
2026-01-28T12:06:00-05:00,100.30342,100.32608,100.28342,100.30608,1000
2026-01-28T12:07:00-05:00,100.35702,100.39587,100.33702,100.37587,1000
2026-01-28T12:08:00-05:00,100.41234,100.46530,100.39234,100.44530,1000
2026-01-28T12:09:00-05:00,100.47003,100.53348,100.45003,100.51348,1000
2026-01-28T12:10:00-05:00,100.53053,100.59969,100.51053,100.57969,1000
2026-01-28T12:11:00-05:00,100.59404,100.66348,100.57404,100.64348,1000
2026-01-28T12:12:00-05:00,100.66043,100.72472,100.64043,100.70472,1000
2026-01-28T12:13:00-05:00,100.72929,100.78355,100.70929,100.76355,1000
2026-01-28T12:14:00-05:00,100.79994,100.84040,100.77994,100.82040,1000
2026-01-28T12:15:00-05:00,100.87148,100.89589,100.85148,100.87589,1000
2026-01-28T12:16:00-05:00,100.94291,100.96291,100.91078,100.93078,1000
2026-01-28T12:17:00-05:00,101.01318,101.03318,100.96585,100.98585,1000
2026-01-28T12:18:00-05:00,101.08132,101.10132,101.02180,101.04180,1000
2026-01-28T12:19:00-05:00,101.14655,101.16655,101.07918,101.09918,1000
2026-01-28T12:20:00-05:00,101.20829,101.22829,101.13829,101.15829,1000
2026-01-28T12:21:00-05:00,101.26628,101.28628,101.19916,101.21916,1000
2026-01-28T12:22:00-05:00,101.32057,101.34057,101.26151,101.28151,1000
2026-01-28T12:23:00-05:00,101.37146,101.39146,101.32476,101.34476,1000
2026-01-28T12:24:00-05:00,101.41952,101.43952,101.38812,101.40812,1000
2026-01-28T12:25:00-05:00,101.46548,101.49064,101.44548,101.47064,1000
2026-01-28T12:26:00-05:00,101.51014,101.55129,101.49014,101.53129,1000
2026-01-28T12:27:00-05:00,101.55427,101.60908,101.53427,101.58908,1000
2026-01-28T12:28:00-05:00,101.59851,101.66315,101.57851,101.64315,1000
2026-01-28T12:29:00-05:00,101.64330,101.71285,101.62330,101.69285,1000
2026-01-28T12:30:00-05:00,101.68882,101.75783,101.66882,101.73783,1000
2026-01-28T12:31:00-05:00,101.73493,101.79801,101.71493,101.77801,1000
2026-01-28T12:32:00-05:00,101.78123,101.83362,101.76123,101.81362,1000
2026-01-28T12:33:00-05:00,101.82703,101.86518,101.80703,101.84518,1000
2026-01-28T12:34:00-05:00,101.87146,101.89337,101.85146,101.87337,1000
2026-01-28T12:35:00-05:00,101.91356,101.93356,101.87902,101.89902,1000
2026-01-28T12:36:00-05:00,101.95235,101.97235,101.90295,101.92295,1000
2026-01-28T12:37:00-05:00,101.98694,102.00694,101.92593,101.94593,1000
2026-01-28T12:38:00-05:00,102.01662,102.03662,101.94851,101.96851,1000
2026-01-28T12:39:00-05:00,102.04095,102.06095,101.97103,101.99103,1000
2026-01-28T12:40:00-05:00,102.05977,102.07977,101.99355,102.01355,1000
2026-01-28T12:41:00-05:00,102.07324,102.09324,102.01580,102.03580,1000
2026-01-28T12:42:00-05:00,102.08180,102.10180,102.03726,102.05726,1000
2026-01-28T12:43:00-05:00,102.08612,102.10612,102.05718,102.07718,1000
2026-01-28T12:44:00-05:00,102.08702,102.11467,102.06702,102.09467,1000
2026-01-28T12:45:00-05:00,102.08540,102.12880,102.06540,102.10880,1000
2026-01-28T12:46:00-05:00,102.08210,102.13866,102.06210,102.11866,1000
2026-01-28T12:47:00-05:00,102.07782,102.14353,102.05782,102.12353,1000
2026-01-28T12:48:00-05:00,102.07307,102.14289,102.05307,102.12289,1000
2026-01-28T12:49:00-05:00,102.06806,102.13651,102.04806,102.11651,1000
2026-01-28T12:50:00-05:00,102.06272,102.12447,102.04272,102.10447,1000
2026-01-28T12:51:00-05:00,102.05669,102.10714,102.03669,102.08714,1000
2026-01-28T12:52:00-05:00,102.04936,102.08516,102.02936,102.06516,1000
2026-01-28T12:53:00-05:00,102.03995,102.05995,102.01935,102.03935,1000
2026-01-28T12:54:00-05:00,102.02756,102.04756,101.99064,102.01064,1000
2026-01-28T12:55:00-05:00,102.01134,102.03134,101.95996,101.97996,1000
2026-01-28T12:56:00-05:00,101.99053,102.01053,101.92814,101.94814,1000
2026-01-28T12:57:00-05:00,101.96456,101.98456,101.89582,101.91582,1000
2026-01-28T12:58:00-05:00,101.93312,101.95312,101.86341,101.88341,1000
2026-01-28T12:59:00-05:00,101.89622,101.91622,101.83101,101.85101,1000
2026-01-28T13:00:00-05:00,101.85416,101.87416,101.79842,101.81842,1000
2026-01-28T13:01:00-05:00,101.80752,101.82752,101.76520,101.78520,1000
2026-01-28T13:02:00-05:00,101.75712,101.77712,101.73065,101.75065,1000
2026-01-28T13:03:00-05:00,101.70388,101.73400,101.68388,101.71400,1000
2026-01-28T13:04:00-05:00,101.64881,101.69439,101.62881,101.67439,1000
2026-01-28T13:05:00-05:00,101.59283,101.65106,101.57283,101.63106,1000
2026-01-28T13:06:00-05:00,101.53673,101.60340,101.51673,101.58340,1000
2026-01-28T13:07:00-05:00,101.48106,101.55104,101.46106,101.53104,1000
2026-01-28T13:08:00-05:00,101.42610,101.49387,101.40610,101.47387,1000
2026-01-28T13:09:00-05:00,101.37182,101.43214,101.35182,101.41214,1000
2026-01-28T13:10:00-05:00,101.31792,101.36634,101.29792,101.34634,1000
2026-01-28T13:11:00-05:00,101.26384,101.29724,101.24384,101.27724,1000
2026-01-28T13:12:00-05:00,101.20887,101.22887,101.18577,101.20577,1000
2026-01-28T13:13:00-05:00,101.15221,101.17221,101.11295,101.13295,1000
2026-01-28T13:14:00-05:00,101.09309,101.11309,101.03979,101.05979,1000
2026-01-28T13:15:00-05:00,101.03084,101.05084,100.96717,100.98717,1000
2026-01-28T13:16:00-05:00,100.96502,100.98502,100.89579,100.91579,1000
2026-01-28T13:17:00-05:00,100.89545,100.91545,100.82607,100.84607,1000
2026-01-28T13:18:00-05:00,100.82224,100.84224,100.75816,100.77816,1000
2026-01-28T13:19:00-05:00,100.74581,100.76581,100.69187,100.71187,1000
2026-01-28T13:20:00-05:00,100.66684,100.68684,100.62678,100.64678,1000
2026-01-28T13:21:00-05:00,100.58622,100.60622,100.56226,100.58226,1000
2026-01-28T13:22:00-05:00,100.50498,100.53754,100.48498,100.51754,1000
2026-01-28T13:23:00-05:00,100.42415,100.47186,100.40415,100.45186,1000
2026-01-28T13:24:00-05:00,100.34470,100.40450,100.32470,100.38450,1000
2026-01-28T13:25:00-05:00,100.26743,100.33494,100.24743,100.31494,1000
2026-01-28T13:26:00-05:00,100.19288,100.26287,100.17288,100.24287,1000
2026-01-28T13:27:00-05:00,100.12133,100.18830,100.10133,100.16830,1000
2026-01-28T13:28:00-05:00,100.05275,100.11153,100.03275,100.09153,1000
2026-01-28T13:29:00-05:00,99.98680,100.03313,99.96680,100.01313,1000
2026-01-28T13:30:00-05:00,99.92295,99.95391,99.90295,99.93391,1000
2026-01-28T13:31:00-05:00,99.86047,99.88047,99.83486,99.85486,1000
2026-01-28T13:32:00-05:00,99.79857,99.81857,99.75702,99.77702,1000
2026-01-28T13:33:00-05:00,99.73650,99.75650,99.68137,99.70137,1000
2026-01-28T13:34:00-05:00,99.67364,99.69364,99.60881,99.62881,1000
2026-01-28T13:35:00-05:00,99.60958,99.62958,99.53997,99.55997,1000
2026-01-28T13:36:00-05:00,99.54417,99.56417,99.47525,99.49525,1000
2026-01-28T13:37:00-05:00,99.47757,99.49757,99.41473,99.43473,1000
2026-01-28T13:38:00-05:00,99.41023,99.43023,99.35817,99.37817,1000
2026-01-28T13:39:00-05:00,99.34284,99.36284,99.30510,99.32510,1000
2026-01-28T13:40:00-05:00,99.27631,99.29631,99.25484,99.27484,1000
2026-01-28T13:41:00-05:00,99.21163,99.24660,99.19163,99.22660,1000
2026-01-28T13:42:00-05:00,99.14982,99.19957,99.12982,99.17957,1000
2026-01-28T13:43:00-05:00,99.09178,99.15304,99.07178,99.13304,1000
2026-01-28T13:44:00-05:00,99.03823,99.10646,99.01823,99.08646,1000
2026-01-28T13:45:00-05:00,98.98966,99.05955,98.96966,99.03955,1000
2026-01-28T13:46:00-05:00,98.94623,99.01228,98.92623,98.99228,1000
2026-01-28T13:47:00-05:00,98.90781,98.96497,98.88781,98.94497,1000
2026-01-28T13:48:00-05:00,98.87400,98.91816,98.85400,98.89816,1000
2026-01-28T13:49:00-05:00,98.84414,98.87265,98.82414,98.85265,1000
2026-01-28T13:50:00-05:00,98.81744,98.83744,98.78936,98.80936,1000
2026-01-28T13:51:00-05:00,98.79305,98.81305,98.74927,98.76927,1000
2026-01-28T13:52:00-05:00,98.77016,98.79016,98.71329,98.73329,1000
2026-01-28T13:53:00-05:00,98.74810,98.76810,98.68221,98.70221,1000
2026-01-28T13:54:00-05:00,98.72641,98.74641,98.65655,98.67655,1000
2026-01-28T13:55:00-05:00,98.70492,98.72492,98.63658,98.65658,1000
2026-01-28T13:56:00-05:00,98.68375,98.70375,98.62225,98.64225,1000
2026-01-28T13:57:00-05:00,98.66330,98.68330,98.61320,98.63320,1000
2026-01-28T13:58:00-05:00,98.64422,98.66422,98.60885,98.62885,1000
2026-01-28T13:59:00-05:00,98.62734,98.64838,98.60734,98.62838,1000
2026-01-28T14:00:00-05:00,98.61357,98.65091,98.59357,98.63091,1000
2026-01-28T14:01:00-05:00,98.60383,98.65556,98.58383,98.63556,1000
2026-01-28T14:02:00-05:00,98.59889,98.66152,98.57889,98.64152,1000
2026-01-28T14:03:00-05:00,98.59935,98.66819,98.57935,98.64819,1000
2026-01-28T14:04:00-05:00,98.60556,98.67522,98.58556,98.65522,1000
2026-01-28T14:05:00-05:00,98.61752,98.68254,98.59752,98.66254,1000
2026-01-28T14:06:00-05:00,98.63497,98.69040,98.61497,98.67040,1000
2026-01-28T14:07:00-05:00,98.65735,98.69928,98.63735,98.67928,1000
2026-01-28T14:08:00-05:00,98.68388,98.70990,98.66388,98.68990,1000
2026-01-28T14:09:00-05:00,98.71364,98.73364,98.68309,98.70309,1000
2026-01-28T14:10:00-05:00,98.74569,98.76569,98.69973,98.71973,1000
2026-01-28T14:11:00-05:00,98.77912,98.79912,98.72061,98.74061,1000
2026-01-28T14:12:00-05:00,98.81319,98.83319,98.74636,98.76636,1000
2026-01-28T14:13:00-05:00,98.84737,98.86737,98.77739,98.79739,1000
2026-01-28T14:14:00-05:00,98.88144,98.90144,98.81380,98.83380,1000
2026-01-28T14:15:00-05:00,98.91544,98.93544,98.85539,98.87539,1000
2026-01-28T14:16:00-05:00,98.94972,98.96972,98.90167,98.92167,1000
2026-01-28T14:17:00-05:00,98.98486,99.00486,98.95189,98.97189,1000
2026-01-28T14:18:00-05:00,99.02161,99.04516,99.00161,99.02516,1000
2026-01-28T14:19:00-05:00,99.06079,99.10046,99.04079,99.08046,1000
2026-01-28T14:20:00-05:00,99.10319,99.15682,99.08319,99.13682,1000
2026-01-28T14:21:00-05:00,99.14949,99.21337,99.12949,99.19337,1000
2026-01-28T14:22:00-05:00,99.20014,99.26945,99.18014,99.24945,1000
2026-01-28T14:23:00-05:00,99.25535,99.32465,99.23535,99.30465,1000
2026-01-28T14:24:00-05:00,99.31500,99.37888,99.29500,99.35888,1000
2026-01-28T14:25:00-05:00,99.37869,99.43231,99.35869,99.41231,1000
2026-01-28T14:26:00-05:00,99.44574,99.48539,99.42574,99.46539,1000
2026-01-28T14:27:00-05:00,99.51526,99.53879,99.49526,99.51879,1000
2026-01-28T14:28:00-05:00,99.58625,99.60625,99.55327,99.57327,1000
2026-01-28T14:29:00-05:00,99.65768,99.67768,99.60961,99.62961,1000
2026-01-28T14:30:00-05:00,99.72859,99.74859,99.66852,99.68852,1000
2026-01-28T14:31:00-05:00,99.79819,99.81819,99.73055,99.75055,1000
2026-01-28T14:32:00-05:00,99.86596,99.88596,99.79597,99.81597,1000
2026-01-28T14:33:00-05:00,99.93161,99.95161,99.86479,99.88479,1000
2026-01-28T14:34:00-05:00,99.99521,100.01521,99.93671,99.95671,1000
2026-01-28T14:35:00-05:00,100.05709,100.07709,100.01114,100.03114,1000
2026-01-28T14:36:00-05:00,100.11779,100.13779,100.08726,100.10726,1000
2026-01-28T14:37:00-05:00,100.17803,100.20408,100.15803,100.18408,1000
2026-01-28T14:38:00-05:00,100.23861,100.28056,100.21861,100.26056,1000
2026-01-28T14:39:00-05:00,100.30026,100.35570,100.28026,100.33570,1000
2026-01-28T14:40:00-05:00,100.36359,100.42862,100.34359,100.40862,1000
2026-01-28T14:41:00-05:00,100.42900,100.49867,100.40900,100.47867,1000
2026-01-28T14:42:00-05:00,100.49662,100.56545,100.47662,100.54545,1000
2026-01-28T14:43:00-05:00,100.56628,100.62889,100.54628,100.60889,1000
2026-01-28T14:44:00-05:00,100.63749,100.68921,100.61749,100.66921,1000
2026-01-28T14:45:00-05:00,100.70955,100.74687,100.68955,100.72687,1000
2026-01-28T14:46:00-05:00,100.78152,100.80254,100.76152,100.78254,1000
2026-01-28T14:47:00-05:00,100.85240,100.87240,100.81701,100.83701,1000
2026-01-28T14:48:00-05:00,100.92116,100.94116,100.87105,100.89105,1000
2026-01-28T14:49:00-05:00,100.98687,101.00687,100.92535,100.94535,1000
2026-01-28T14:50:00-05:00,101.04879,101.06879,100.98044,101.00044,1000
2026-01-28T14:51:00-05:00,101.10643,101.12643,101.03657,101.05657,1000
2026-01-28T14:52:00-05:00,101.15960,101.17960,101.09372,101.11372,1000
2026-01-28T14:53:00-05:00,101.20842,101.22842,101.15157,101.17157,1000
2026-01-28T14:54:00-05:00,101.25329,101.27329,101.20952,101.22952,1000
2026-01-28T14:55:00-05:00,101.29481,101.31481,101.26674,101.28674,1000
2026-01-28T14:56:00-05:00,101.33377,101.36229,101.31377,101.34229,1000
2026-01-28T14:57:00-05:00,101.37098,101.41516,101.35098,101.39516,1000
2026-01-28T14:58:00-05:00,101.40723,101.46440,101.38723,101.44440,1000
2026-01-28T14:59:00-05:00,101.44315,101.50921,101.42315,101.48921,1000
2026-01-28T15:00:00-05:00,101.47914,101.54904,101.45914,101.52904,1000
2026-01-28T15:01:00-05:00,101.51536,101.58359,101.49536,101.56359,1000
2026-01-28T15:02:00-05:00,101.55164,101.61289,101.53164,101.59289,1000
2026-01-28T15:03:00-05:00,101.58754,101.63727,101.56754,101.61727,1000
2026-01-28T15:04:00-05:00,101.62235,101.65730,101.60235,101.63730,1000
2026-01-28T15:05:00-05:00,101.65523,101.67523,101.63375,101.65375,1000
2026-01-28T15:06:00-05:00,101.68522,101.70522,101.64747,101.66747,1000
2026-01-28T15:07:00-05:00,101.71138,101.73138,101.65931,101.67931,1000
2026-01-28T15:08:00-05:00,101.73289,101.75289,101.67004,101.69004,1000
2026-01-28T15:09:00-05:00,101.74913,101.76913,101.68020,101.70020,1000
2026-01-28T15:10:00-05:00,101.75973,101.77973,101.69013,101.71013,1000
2026-01-28T15:11:00-05:00,101.76465,101.78465,101.69982,101.71982,1000
2026-01-28T15:12:00-05:00,101.76412,101.78412,101.70901,101.72901,1000
2026-01-28T15:13:00-05:00,101.75869,101.77869,101.71715,101.73715,1000
2026-01-28T15:14:00-05:00,101.74908,101.76908,101.72350,101.74350,1000
2026-01-28T15:15:00-05:00,101.73620,101.76718,101.71620,101.74718,1000
2026-01-28T15:16:00-05:00,101.72095,101.76729,101.70095,101.74729,1000
2026-01-28T15:17:00-05:00,101.70421,101.76300,101.68421,101.74300,1000
2026-01-28T15:18:00-05:00,101.68667,101.75365,101.66667,101.73365,1000
2026-01-28T15:19:00-05:00,101.66881,101.73880,101.64881,101.71880,1000
2026-01-28T15:20:00-05:00,101.65084,101.71834,101.63084,101.69834,1000
2026-01-28T15:21:00-05:00,101.63264,101.69243,101.61264,101.67243,1000
2026-01-28T15:22:00-05:00,101.61385,101.66154,101.59385,101.64154,1000
2026-01-28T15:23:00-05:00,101.59385,101.62639,101.57385,101.60639,1000
2026-01-28T15:24:00-05:00,101.57184,101.59184,101.54786,101.56786,1000
2026-01-28T15:25:00-05:00,101.54699,101.56699,101.50692,101.52692,1000
2026-01-28T15:26:00-05:00,101.51848,101.53848,101.46452,101.48452,1000
2026-01-28T15:27:00-05:00,101.48560,101.50560,101.42150,101.44150,1000
2026-01-28T15:28:00-05:00,101.44787,101.46787,101.37849,101.39849,1000
2026-01-28T15:29:00-05:00,101.40509,101.42509,101.33586,101.35586,1000
2026-01-28T15:30:00-05:00,101.35733,101.37733,101.29367,101.31367,1000
2026-01-28T15:31:00-05:00,101.30501,101.32501,101.25172,101.27172,1000
2026-01-28T15:32:00-05:00,101.24877,101.26877,101.20952,101.22952,1000
2026-01-28T15:33:00-05:00,101.18949,101.20949,101.16640,101.18640,1000
2026-01-28T15:34:00-05:00,101.12815,101.16156,101.10815,101.14156,1000
2026-01-28T15:35:00-05:00,101.06577,101.11421,101.04577,101.09421,1000
2026-01-28T15:36:00-05:00,101.00328,101.06361,100.98328,101.04361,1000
2026-01-28T15:37:00-05:00,100.94145,101.00923,100.92145,100.98923,1000
2026-01-28T15:38:00-05:00,100.88080,100.95077,100.86080,100.93077,1000
2026-01-28T15:39:00-05:00,100.82155,100.88822,100.80155,100.86822,1000
2026-01-28T15:40:00-05:00,100.76366,100.82188,100.74366,100.80188,1000
2026-01-28T15:41:00-05:00,100.70678,100.75234,100.68678,100.73234,1000
2026-01-28T15:42:00-05:00,100.65032,100.68042,100.63032,100.66042,1000
2026-01-28T15:43:00-05:00,100.59357,100.61357,100.56709,100.58709,1000
2026-01-28T15:44:00-05:00,100.53574,100.55574,100.49340,100.51340,1000
2026-01-28T15:45:00-05:00,100.47609,100.49609,100.42034,100.44034,1000
2026-01-28T15:46:00-05:00,100.41400,100.43400,100.34878,100.36878,1000
2026-01-28T15:47:00-05:00,100.34908,100.36908,100.27937,100.29937,1000
2026-01-28T15:48:00-05:00,100.28122,100.30122,100.21249,100.23249,1000
2026-01-28T15:49:00-05:00,100.21060,100.23060,100.14822,100.16822,1000
2026-01-28T15:50:00-05:00,100.13771,100.15771,100.08634,100.10634,1000
2026-01-28T15:51:00-05:00,100.06327,100.08327,100.02637,100.04637,1000
2026-01-28T15:52:00-05:00,99.98823,100.00823,99.96765,99.98765,1000
2026-01-28T15:53:00-05:00,99.91360,99.94941,99.89360,99.92941,1000
2026-01-28T15:54:00-05:00,99.84041,99.89088,99.82041,99.87088,1000
2026-01-28T15:55:00-05:00,99.76962,99.83137,99.74962,99.81137,1000
2026-01-28T15:56:00-05:00,99.70195,99.77041,99.68195,99.75041,1000
2026-01-28T15:57:00-05:00,99.63792,99.70774,99.61792,99.68774,1000
2026-01-28T15:58:00-05:00,99.57771,99.64341,99.55771,99.62341,1000
2026-01-28T15:59:00-05:00,99.52122,99.57777,99.50122,99.55777,1000
2026-01-29T09:30:00-05:00,99.46807,99.51145,99.44807,99.49145,1000
2026-01-29T09:31:00-05:00,99.41766,99.44529,99.39766,99.42529,1000
2026-01-29T09:32:00-05:00,99.36922,99.38922,99.34026,99.36026,1000
2026-01-29T09:33:00-05:00,99.32197,99.34197,99.27740,99.29740,1000
2026-01-29T09:34:00-05:00,99.27514,99.29514,99.21768,99.23768,1000
2026-01-29T09:35:00-05:00,99.22813,99.24813,99.16190,99.18190,1000
2026-01-29T09:36:00-05:00,99.18057,99.20057,99.11066,99.13066,1000
2026-01-29T09:37:00-05:00,99.13236,99.15236,99.06425,99.08425,1000
2026-01-29T09:38:00-05:00,99.08367,99.10367,99.02267,99.04267,1000
2026-01-29T09:39:00-05:00,99.03500,99.05500,98.98562,99.00562,1000
2026-01-29T09:40:00-05:00,98.98707,99.00707,98.95255,98.97255,1000
2026-01-29T09:41:00-05:00,98.94079,98.96271,98.92079,98.94271,1000
2026-01-29T09:42:00-05:00,98.89713,98.93529,98.87713,98.91529,1000
2026-01-29T09:43:00-05:00,98.85705,98.90946,98.83705,98.88946,1000
2026-01-29T09:44:00-05:00,98.82143,98.88451,98.80143,98.86451,1000
2026-01-29T09:45:00-05:00,98.79089,98.85991,98.77089,98.83991,1000
2026-01-29T09:46:00-05:00,98.76584,98.83539,98.74584,98.81539,1000
2026-01-29T09:47:00-05:00,98.74634,98.81097,98.72634,98.79097,1000
2026-01-29T09:48:00-05:00,98.73219,98.78698,98.71219,98.76698,1000
2026-01-29T09:49:00-05:00,98.72286,98.76400,98.70286,98.74400,1000
2026-01-29T09:50:00-05:00,98.71767,98.74281,98.69767,98.72281,1000
2026-01-29T09:51:00-05:00,98.71574,98.73574,98.68433,98.70433,1000
2026-01-29T09:52:00-05:00,98.71620,98.73620,98.66949,98.68949,1000
2026-01-29T09:53:00-05:00,98.71823,98.73823,98.65916,98.67916,1000
2026-01-29T09:54:00-05:00,98.72116,98.74116,98.65403,98.67403,1000
2026-01-29T09:55:00-05:00,98.72455,98.74455,98.65455,98.67455,1000
2026-01-29T09:56:00-05:00,98.72825,98.74825,98.66088,98.68088,1000
2026-01-29T09:57:00-05:00,98.73240,98.75240,98.67288,98.69288,1000
2026-01-29T09:58:00-05:00,98.73743,98.75743,98.69011,98.71011,1000
2026-01-29T09:59:00-05:00,98.74398,98.76398,98.71187,98.73187,1000
2026-01-29T10:00:00-05:00,98.75289,98.77732,98.73289,98.75732,1000
2026-01-29T10:01:00-05:00,98.76503,98.80551,98.74503,98.78551,1000
2026-01-29T10:02:00-05:00,98.78125,98.83553,98.76125,98.81553,1000
2026-01-29T10:03:00-05:00,98.80229,98.86659,98.78229,98.84659,1000
2026-01-29T10:04:00-05:00,98.82864,98.89809,98.80864,98.87809,1000
2026-01-29T10:05:00-05:00,98.86055,98.92970,98.84055,98.90970,1000
2026-01-29T10:06:00-05:00,98.89794,98.96138,98.87794,98.94138,1000
2026-01-29T10:07:00-05:00,98.94044,98.99339,98.92044,98.97339,1000
2026-01-29T10:08:00-05:00,98.98741,99.02625,98.96741,99.00625,1000
2026-01-29T10:09:00-05:00,99.03802,99.06066,99.01802,99.04066,1000
2026-01-29T10:10:00-05:00,99.09128,99.11128,99.05744,99.07744,1000
2026-01-29T10:11:00-05:00,99.14622,99.16622,99.09742,99.11742,1000
2026-01-29T10:12:00-05:00,99.20194,99.22194,99.14135,99.16135,1000
2026-01-29T10:13:00-05:00,99.25769,99.27769,99.18978,99.20978,1000
2026-01-29T10:14:00-05:00,99.31298,99.33298,99.24303,99.26303,1000
2026-01-29T10:15:00-05:00,99.36761,99.38761,99.30111,99.32111,1000
2026-01-29T10:16:00-05:00,99.42167,99.44167,99.36374,99.38374,1000
2026-01-29T10:17:00-05:00,99.47552,99.49552,99.43034,99.45034,1000
2026-01-29T10:18:00-05:00,99.52977,99.54977,99.50010,99.52010,1000
2026-01-29T10:19:00-05:00,99.58515,99.61207,99.56515,99.59207,1000
2026-01-29T10:20:00-05:00,99.64247,99.68521,99.62247,99.66521,1000
2026-01-29T10:21:00-05:00,99.70248,99.75854,99.68248,99.73854,1000
2026-01-29T10:22:00-05:00,99.76580,99.83121,99.74580,99.81121,1000
2026-01-29T10:23:00-05:00,99.83283,99.90258,99.81283,99.88258,1000
2026-01-29T10:24:00-05:00,99.90367,99.97230,99.88367,99.95230,1000
2026-01-29T10:25:00-05:00,99.97815,100.04030,99.95815,100.02030,1000
2026-01-29T10:26:00-05:00,100.05578,100.10680,100.03578,100.08680,1000
2026-01-29T10:27:00-05:00,100.13582,100.17230,100.11582,100.15230,1000
2026-01-29T10:28:00-05:00,100.21733,100.23747,100.19733,100.21747,1000
2026-01-29T10:29:00-05:00,100.29930,100.31930,100.26308,100.28308,1000
2026-01-29T10:30:00-05:00,100.38069,100.40069,100.32988,100.34988,1000
2026-01-29T10:31:00-05:00,100.46057,100.48057,100.39857,100.41857,1000
2026-01-29T10:32:00-05:00,100.53818,100.55818,100.46962,100.48962,1000
2026-01-29T10:33:00-05:00,100.61304,100.63304,100.54326,100.56326,1000
2026-01-29T10:34:00-05:00,100.68494,100.70494,100.61942,100.63942,1000
2026-01-29T10:35:00-05:00,100.75400,100.77400,100.69775,100.71775,1000
2026-01-29T10:36:00-05:00,100.82058,100.84058,100.77760,100.79760,1000
2026-01-29T10:37:00-05:00,100.88530,100.90530,100.85810,100.87810,1000
2026-01-29T10:38:00-05:00,100.94888,100.97827,100.92888,100.95827,1000
2026-01-29T10:39:00-05:00,101.01213,101.05707,100.99213,101.03707,1000
2026-01-29T10:40:00-05:00,101.07576,101.13351,101.05576,101.11351,1000
2026-01-29T10:41:00-05:00,101.14036,101.20676,101.12036,101.18676,1000
2026-01-29T10:42:00-05:00,101.20629,101.27623,101.18629,101.25623,1000
2026-01-29T10:43:00-05:00,101.27362,101.34161,101.25362,101.32161,1000
2026-01-29T10:44:00-05:00,101.34213,101.40288,101.32213,101.38288,1000
2026-01-29T10:45:00-05:00,101.41131,101.46033,101.39131,101.44033,1000
2026-01-29T10:46:00-05:00,101.48039,101.51450,101.46039,101.49450,1000
2026-01-29T10:47:00-05:00,101.54846,101.56846,101.52610,101.54610,1000
2026-01-29T10:48:00-05:00,101.61451,101.63451,101.57593,101.59593,1000
2026-01-29T10:49:00-05:00,101.67753,101.69753,101.62479,101.64479,1000
2026-01-29T10:50:00-05:00,101.73666,101.75666,101.67335,101.69335,1000
2026-01-29T10:51:00-05:00,101.79122,101.81122,101.72212,101.74212,1000
2026-01-29T10:52:00-05:00,101.84080,101.86080,101.77132,101.79132,1000
2026-01-29T10:53:00-05:00,101.88531,101.90531,101.82088,101.84088,1000
2026-01-29T10:54:00-05:00,101.92493,101.94493,101.87045,101.89045,1000
2026-01-29T10:55:00-05:00,101.96015,101.98015,101.91942,101.93942,1000
2026-01-29T10:56:00-05:00,101.99164,102.01164,101.96694,101.98694,1000
2026-01-29T10:57:00-05:00,102.02024,102.05208,102.00024,102.03208,1000
2026-01-29T10:58:00-05:00,102.04678,102.09387,102.02678,102.07387,1000
2026-01-29T10:59:00-05:00,102.07205,102.13140,102.05205,102.11140,1000
2026-01-29T11:00:00-05:00,102.09669,102.16396,102.07669,102.14396,1000
2026-01-29T11:01:00-05:00,102.12107,102.19107,102.10107,102.17107,1000
2026-01-29T11:02:00-05:00,102.14532,102.21254,102.12532,102.19254,1000
2026-01-29T11:03:00-05:00,102.16924,102.22849,102.14924,102.20849,1000
2026-01-29T11:04:00-05:00,102.19238,102.23932,102.17238,102.21932,1000
2026-01-29T11:05:00-05:00,102.21402,102.24570,102.19402,102.22570,1000
2026-01-29T11:06:00-05:00,102.23332,102.25332,102.20845,102.22845,1000
2026-01-29T11:07:00-05:00,102.24936,102.26936,102.20847,102.22847,1000
2026-01-29T11:08:00-05:00,102.26124,102.28124,102.20664,102.22664,1000
2026-01-29T11:09:00-05:00,102.26821,102.28821,102.20371,102.22371,1000
2026-01-29T11:10:00-05:00,102.26974,102.28974,102.20023,102.22023,1000
2026-01-29T11:11:00-05:00,102.26556,102.28556,102.19650,102.21650,1000
2026-01-29T11:12:00-05:00,102.25572,102.27572,102.19250,102.21250,1000
2026-01-29T11:13:00-05:00,102.24056,102.26056,102.18794,102.20794,1000
2026-01-29T11:14:00-05:00,102.22069,102.24069,102.18226,102.20226,1000
2026-01-29T11:15:00-05:00,102.19693,102.21693,102.17472,102.19472,1000
2026-01-29T11:16:00-05:00,102.17021,102.20447,102.15021,102.18447,1000
2026-01-29T11:17:00-05:00,102.14148,102.19064,102.12148,102.17064,1000
2026-01-29T11:18:00-05:00,102.11162,102.17247,102.09162,102.15247,1000
2026-01-29T11:19:00-05:00,102.08133,102.14936,102.06133,102.12936,1000
2026-01-29T11:20:00-05:00,102.05105,102.12099,102.03105,102.10099,1000
2026-01-29T11:21:00-05:00,102.02097,102.08731,102.00097,102.06731,1000
2026-01-29T11:22:00-05:00,101.99096,102.04860,101.97096,102.02860,1000
2026-01-29T11:23:00-05:00,101.96061,102.00541,101.94061,101.98541,1000
2026-01-29T11:24:00-05:00,101.92929,101.95852,101.90929,101.93852,1000
2026-01-29T11:25:00-05:00,101.89624,101.91624,101.86888,101.88888,1000
2026-01-29T11:26:00-05:00,101.86063,101.88063,101.81750,101.83750,1000
2026-01-29T11:27:00-05:00,101.82169,101.84169,101.76533,101.78533,1000
2026-01-29T11:28:00-05:00,101.77878,101.79878,101.71319,101.73319,1000
2026-01-29T11:29:00-05:00,101.73150,101.75150,101.66170,101.68170,1000
2026-01-29T11:30:00-05:00,101.67972,101.69972,101.61120,101.63120,1000
2026-01-29T11:31:00-05:00,101.62362,101.64362,101.56171,101.58171,1000
2026-01-29T11:32:00-05:00,101.56368,101.58368,101.51300,101.53300,1000
2026-01-29T11:33:00-05:00,101.50062,101.52062,101.46454,101.48454,1000
2026-01-29T11:34:00-05:00,101.43536,101.45567,101.41536,101.43567,1000
2026-01-29T11:35:00-05:00,101.36894,101.40559,101.34894,101.38559,1000
2026-01-29T11:36:00-05:00,101.30236,101.35352,101.28236,101.33352,1000
2026-01-29T11:37:00-05:00,101.23655,101.29879,101.21655,101.27879,1000
2026-01-29T11:38:00-05:00,101.17225,101.24092,101.15225,101.22092,1000
2026-01-29T11:39:00-05:00,101.10994,101.17968,101.08994,101.15968,1000
2026-01-29T11:40:00-05:00,101.04980,101.11514,101.02980,101.09514,1000
2026-01-29T11:41:00-05:00,100.99172,101.04766,100.97172,101.02766,1000
2026-01-29T11:42:00-05:00,100.93532,100.97791,100.91532,100.95791,1000
2026-01-29T11:43:00-05:00,100.87998,100.90673,100.85998,100.88673,1000
2026-01-29T11:44:00-05:00,100.82497,100.84497,100.79515,100.81515,1000
2026-01-29T11:45:00-05:00,100.76952,100.78952,100.72419,100.74419,1000
2026-01-29T11:46:00-05:00,100.71288,100.73288,100.65484,100.67484,1000
2026-01-29T11:47:00-05:00,100.65450,100.67450,100.58794,100.60794,1000
2026-01-29T11:48:00-05:00,100.59404,100.61404,100.52408,100.54408,1000
2026-01-29T11:49:00-05:00,100.53144,100.55144,100.46358,100.48358,1000
2026-01-29T11:50:00-05:00,100.46694,100.48694,100.40645,100.42645,1000
2026-01-29T11:51:00-05:00,100.40108,100.42108,100.35242,100.37242,1000
2026-01-29T11:52:00-05:00,100.33463,100.35463,100.30095,100.32095,1000
2026-01-29T11:53:00-05:00,100.26853,100.29134,100.24853,100.27134,1000
2026-01-29T11:54:00-05:00,100.20383,100.24282,100.18383,100.22282,1000
2026-01-29T11:55:00-05:00,100.14152,100.19460,100.12152,100.17460,1000
2026-01-29T11:56:00-05:00,100.08250,100.14602,100.06250,100.12602,1000
2026-01-29T11:57:00-05:00,100.02745,100.09663,100.00745,100.07663,1000
2026-01-29T11:58:00-05:00,99.97681,100.04623,99.95681,100.02623,1000
2026-01-29T11:59:00-05:00,99.93068,99.99490,99.91068,99.97490,1000
2026-01-29T12:00:00-05:00,99.88889,99.94305,99.86889,99.92305,1000
2026-01-29T12:01:00-05:00,99.85098,99.89131,99.83098,99.87131,1000
2026-01-29T12:02:00-05:00,99.81630,99.84056,99.79630,99.82056,1000
2026-01-29T12:03:00-05:00,99.78403,99.80403,99.75176,99.77176,1000
2026-01-29T12:04:00-05:00,99.75338,99.77338,99.70592,99.72592,1000
2026-01-29T12:05:00-05:00,99.72357,99.74357,99.66396,99.68396,1000
2026-01-29T12:06:00-05:00,99.69403,99.71403,99.62661,99.64661,1000
2026-01-29T12:07:00-05:00,99.66440,99.68440,99.59440,99.61440,1000
2026-01-29T12:08:00-05:00,99.63461,99.65461,99.56753,99.58753,1000
2026-01-29T12:09:00-05:00,99.60488,99.62488,99.54591,99.56591,1000
2026-01-29T12:10:00-05:00,99.57572,99.59572,99.52915,99.54915,1000
2026-01-29T12:11:00-05:00,99.54786,99.56786,99.51661,99.53661,1000
2026-01-29T12:12:00-05:00,99.52221,99.54752,99.50221,99.52752,1000
2026-01-29T12:13:00-05:00,99.49972,99.54100,99.47972,99.52100,1000
2026-01-29T12:14:00-05:00,99.48130,99.53622,99.46130,99.51622,1000
2026-01-29T12:15:00-05:00,99.46774,99.53245,99.44774,99.51245,1000
2026-01-29T12:16:00-05:00,99.45961,99.52918,99.43961,99.50918,1000
2026-01-29T12:17:00-05:00,99.45720,99.52618,99.43720,99.50618,1000
2026-01-29T12:18:00-05:00,99.46049,99.52349,99.44049,99.50349,1000
2026-01-29T12:19:00-05:00,99.46916,99.52144,99.44916,99.50144,1000
2026-01-29T12:20:00-05:00,99.48263,99.52065,99.46263,99.50065,1000
2026-01-29T12:21:00-05:00,99.50012,99.52188,99.48012,99.50188,1000
2026-01-29T12:22:00-05:00,99.52072,99.54072,99.48604,99.50604,1000
2026-01-29T12:23:00-05:00,99.54352,99.56352,99.49401,99.51401,1000
2026-01-29T12:24:00-05:00,99.56768,99.58768,99.50659,99.52659,1000
2026-01-29T12:25:00-05:00,99.59255,99.61255,99.52440,99.54440,1000
2026-01-29T12:26:00-05:00,99.61770,99.63770,99.54779,99.56779,1000
2026-01-29T12:27:00-05:00,99.64301,99.66301,99.57684,99.59684,1000
2026-01-29T12:28:00-05:00,99.66864,99.68864,99.61129,99.63129,1000
2026-01-29T12:29:00-05:00,99.69503,99.71503,99.65062,99.67062,1000
2026-01-29T12:30:00-05:00,99.72285,99.74285,99.69405,99.71405,1000
2026-01-29T12:31:00-05:00,99.75289,99.78069,99.73289,99.76069,1000
2026-01-29T12:32:00-05:00,99.78602,99.82955,99.76602,99.80955,1000
2026-01-29T12:33:00-05:00,99.82303,99.87969,99.80303,99.85969,1000
2026-01-29T12:34:00-05:00,99.86457,99.93034,99.84457,99.91034,1000
2026-01-29T12:35:00-05:00,99.91107,99.98091,99.89107,99.96091,1000
2026-01-29T12:36:00-05:00,99.96268,100.03109,99.94268,100.01109,1000
2026-01-29T12:37:00-05:00,100.01922,100.08089,99.99922,100.06089,1000
2026-01-29T12:38:00-05:00,100.08025,100.13058,100.06025,100.11058,1000
2026-01-29T12:39:00-05:00,100.14504,100.18070,100.12504,100.16070,1000
2026-01-29T12:40:00-05:00,100.21270,100.23270,100.19195,100.21195,1000
2026-01-29T12:41:00-05:00,100.28220,100.30220,100.24514,100.26514,1000
2026-01-29T12:42:00-05:00,100.35256,100.37256,100.30106,100.32106,1000
2026-01-29T12:43:00-05:00,100.42288,100.44288,100.36040,100.38040,1000
2026-01-29T12:44:00-05:00,100.49242,100.51242,100.42366,100.44366,1000
2026-01-29T12:45:00-05:00,100.56075,100.58075,100.49106,100.51106,1000
2026-01-29T12:46:00-05:00,100.62768,100.64768,100.56253,100.58253,1000
2026-01-29T12:47:00-05:00,100.69336,100.71336,100.63772,100.65772,1000
2026-01-29T12:48:00-05:00,100.75817,100.77817,100.71598,100.73598,1000
2026-01-29T12:49:00-05:00,100.82275,100.84275,100.79643,100.81643,1000
2026-01-29T12:50:00-05:00,100.88783,100.91809,100.86783,100.89809,1000
2026-01-29T12:51:00-05:00,100.95420,100.99991,100.93420,100.97991,1000
2026-01-29T12:52:00-05:00,101.02258,101.08091,101.00258,101.06091,1000
2026-01-29T12:53:00-05:00,101.09355,101.16027,101.07355,101.14027,1000
2026-01-29T12:54:00-05:00,101.16743,101.23740,101.14743,101.21740,1000
2026-01-29T12:55:00-05:00,101.24426,101.31199,101.22426,101.29199,1000
2026-01-29T12:56:00-05:00,101.32380,101.38402,101.30380,101.36402,1000
2026-01-29T12:57:00-05:00,101.40549,101.45379,101.38549,101.43379,1000
2026-01-29T12:58:00-05:00,101.48856,101.52181,101.46856,101.50181,1000
2026-01-29T12:59:00-05:00,101.57203,101.59203,101.54878,101.56878,1000
2026-01-29T13:00:00-05:00,101.65488,101.67488,101.61548,101.63548,1000
2026-01-29T13:01:00-05:00,101.73608,101.75608,101.68267,101.70267,1000
2026-01-29T13:02:00-05:00,101.81473,101.83473,101.75099,101.77099,1000
2026-01-29T13:03:00-05:00,101.89014,101.91014,101.82088,101.84088,1000
2026-01-29T13:04:00-05:00,101.96188,101.98188,101.89252,101.91252,1000
2026-01-29T13:05:00-05:00,102.02981,102.04981,101.96579,101.98579,1000
2026-01-29T13:06:00-05:00,102.09411,102.11411,102.04028,102.06028,1000
2026-01-29T13:07:00-05:00,102.15522,102.17522,102.11530,102.13530,1000
2026-01-29T13:08:00-05:00,102.21379,102.23379,102.18997,102.20997,1000
2026-01-29T13:09:00-05:00,102.27059,102.30329,102.25059,102.28329,1000
2026-01-29T13:10:00-05:00,102.32641,102.37424,102.30641,102.35424,1000
2026-01-29T13:11:00-05:00,102.38199,102.44187,102.36199,102.42187,1000
2026-01-29T13:12:00-05:00,102.43787,102.50543,102.41787,102.48543,1000
2026-01-29T13:13:00-05:00,102.49438,102.56438,102.47438,102.54438,1000
2026-01-29T13:14:00-05:00,102.55156,102.61849,102.53156,102.59849,1000
2026-01-29T13:15:00-05:00,102.60914,102.66783,102.58914,102.64783,1000
2026-01-29T13:16:00-05:00,102.66659,102.71278,102.64659,102.69278,1000
2026-01-29T13:17:00-05:00,102.72311,102.75393,102.70311,102.73393,1000
2026-01-29T13:18:00-05:00,102.77780,102.79780,102.75205,102.77205,1000
2026-01-29T13:19:00-05:00,102.82965,102.84965,102.78796,102.80796,1000
2026-01-29T13:20:00-05:00,102.87772,102.89772,102.82249,102.84249,1000
2026-01-29T13:21:00-05:00,102.92120,102.94120,102.85630,102.87630,1000
2026-01-29T13:22:00-05:00,102.95949,102.97949,102.88987,102.90987,1000
2026-01-29T13:23:00-05:00,102.99228,103.01228,102.92339,102.94339,1000
2026-01-29T13:24:00-05:00,103.01955,103.03955,102.95678,102.97678,1000
2026-01-29T13:25:00-05:00,103.04160,103.06160,102.98965,103.00965,1000
2026-01-29T13:26:00-05:00,103.05897,103.07897,103.02137,103.04137,1000
2026-01-29T13:27:00-05:00,103.07243,103.09243,103.05111,103.07111,1000
2026-01-29T13:28:00-05:00,103.08283,103.11794,103.06283,103.09794,1000
2026-01-29T13:29:00-05:00,103.09106,103.14094,103.07106,103.12094,1000
2026-01-29T13:30:00-05:00,103.09792,103.15926,103.07792,103.13926,1000
2026-01-29T13:31:00-05:00,103.10401,103.17228,103.08401,103.15228,1000
2026-01-29T13:32:00-05:00,103.10972,103.17960,103.08972,103.15960,1000
2026-01-29T13:33:00-05:00,103.11512,103.18112,103.09512,103.16112,1000
2026-01-29T13:34:00-05:00,103.12002,103.17707,103.10002,103.15707,1000
2026-01-29T13:35:00-05:00,103.12392,103.16795,103.10392,103.14795,1000
2026-01-29T13:36:00-05:00,103.12613,103.15449,103.10613,103.13449,1000
2026-01-29T13:37:00-05:00,103.12580,103.14580,103.09757,103.11757,1000
2026-01-29T13:38:00-05:00,103.12205,103.14205,103.07813,103.09813,1000
2026-01-29T13:39:00-05:00,103.11404,103.13404,103.05708,103.07708,1000
2026-01-29T13:40:00-05:00,103.10110,103.12110,103.03516,103.05516,1000
2026-01-29T13:41:00-05:00,103.08278,103.10278,103.01291,103.03291,1000
2026-01-29T13:42:00-05:00,103.05890,103.07890,102.99059,103.01059,1000
2026-01-29T13:43:00-05:00,103.02960,103.04960,102.96818,102.98818,1000
2026-01-29T13:44:00-05:00,102.99533,103.01533,102.94535,102.96535,1000
2026-01-29T13:45:00-05:00,102.95677,102.97677,102.92154,102.94154,1000
2026-01-29T13:46:00-05:00,102.91482,102.93601,102.89482,102.91601,1000
2026-01-29T13:47:00-05:00,102.87043,102.90791,102.85043,102.88791,1000
2026-01-29T13:48:00-05:00,102.82460,102.87645,102.80460,102.85645,1000
2026-01-29T13:49:00-05:00,102.77819,102.84090,102.75819,102.82090,1000
2026-01-29T13:50:00-05:00,102.73189,102.80075,102.71189,102.78075,1000
2026-01-29T13:51:00-05:00,102.68613,102.75577,102.66613,102.73577,1000
2026-01-29T13:52:00-05:00,102.64104,102.70600,102.62104,102.68600,1000
2026-01-29T13:53:00-05:00,102.59647,102.65179,102.57647,102.63179,1000
2026-01-29T13:54:00-05:00,102.55199,102.59379,102.53199,102.57379,1000
2026-01-29T13:55:00-05:00,102.50697,102.53284,102.48697,102.51284,1000
2026-01-29T13:56:00-05:00,102.46062,102.48062,102.42993,102.44993,1000
2026-01-29T13:57:00-05:00,102.41217,102.43217,102.36608,102.38608,1000
2026-01-29T13:58:00-05:00,102.36086,102.38086,102.30226,102.32226,1000
2026-01-29T13:59:00-05:00,102.30614,102.32614,102.23927,102.25927,1000
2026-01-29T14:00:00-05:00,102.24767,102.26767,102.17768,102.19768,1000
2026-01-29T14:01:00-05:00,102.18540,102.20540,102.11780,102.13780,1000
2026-01-29T14:02:00-05:00,102.11958,102.13958,102.05962,102.07962,1000
2026-01-29T14:03:00-05:00,102.05076,102.07076,102.00283,102.02283,1000
2026-01-29T14:04:00-05:00,101.97973,101.99973,101.94691,101.96691,1000
2026-01-29T14:05:00-05:00,101.90746,101.93115,101.88746,101.91115,1000
2026-01-29T14:06:00-05:00,101.83497,101.87478,101.81497,101.85478,1000
2026-01-29T14:07:00-05:00,101.76330,101.81703,101.74330,101.79703,1000
2026-01-29T14:08:00-05:00,101.69333,101.75728,101.67333,101.73728,1000
2026-01-29T14:09:00-05:00,101.62575,101.69509,101.60575,101.67509,1000
2026-01-29T14:10:00-05:00,101.56101,101.63029,101.54101,101.61029,1000
2026-01-29T14:11:00-05:00,101.49922,101.56302,101.47922,101.54302,1000
2026-01-29T14:12:00-05:00,101.44021,101.49372,101.42021,101.47372,1000
2026-01-29T14:13:00-05:00,101.38355,101.42307,101.36355,101.40307,1000
2026-01-29T14:14:00-05:00,101.32860,101.35198,101.30860,101.33198,1000
2026-01-29T14:15:00-05:00,101.27459,101.29459,101.24146,101.26146,1000
2026-01-29T14:16:00-05:00,101.22074,101.24074,101.17254,101.19254,1000
2026-01-29T14:17:00-05:00,101.16634,101.18634,101.10619,101.12619,1000
2026-01-29T14:18:00-05:00,101.11087,101.13087,101.04318,101.06318,1000
2026-01-29T14:19:00-05:00,101.05402,101.07402,100.98404,101.00404,1000
2026-01-29T14:20:00-05:00,100.99579,101.01579,100.92903,100.94903,1000
2026-01-29T14:21:00-05:00,100.93647,100.95647,100.87807,100.89807,1000
2026-01-29T14:22:00-05:00,100.87663,100.89663,100.83082,100.85082,1000
2026-01-29T14:23:00-05:00,100.81708,100.83708,100.78669,100.80669,1000
2026-01-29T14:24:00-05:00,100.75876,100.78495,100.73876,100.76495,1000
2026-01-29T14:25:00-05:00,100.70269,100.74478,100.68269,100.72478,1000
2026-01-29T14:26:00-05:00,100.64985,100.70540,100.62985,100.68540,1000
2026-01-29T14:27:00-05:00,100.60108,100.66617,100.58108,100.64617,1000
2026-01-29T14:28:00-05:00,100.55698,100.62666,100.53698,100.60666,1000
2026-01-29T14:29:00-05:00,100.51790,100.58669,100.49790,100.56669,1000
2026-01-29T14:30:00-05:00,100.48387,100.54641,100.46387,100.52641,1000
2026-01-29T14:31:00-05:00,100.45462,100.50622,100.43462,100.48622,1000
2026-01-29T14:32:00-05:00,100.42963,100.46681,100.40963,100.44681,1000
2026-01-29T14:33:00-05:00,100.40816,100.42904,100.38816,100.40904,1000
2026-01-29T14:34:00-05:00,100.38939,100.40939,100.35386,100.37386,1000
2026-01-29T14:35:00-05:00,100.37247,100.39247,100.32225,100.34225,1000
2026-01-29T14:36:00-05:00,100.35665,100.37665,100.29505,100.31505,1000
2026-01-29T14:37:00-05:00,100.34133,100.36133,100.27295,100.29295,1000
2026-01-29T14:38:00-05:00,100.32621,100.34621,100.25636,100.27636,1000
2026-01-29T14:39:00-05:00,100.31122,100.33122,100.24540,100.26540,1000
2026-01-29T14:40:00-05:00,100.29662,100.31662,100.23987,100.25987,1000
2026-01-29T14:41:00-05:00,100.28294,100.30294,100.23931,100.25931,1000
2026-01-29T14:42:00-05:00,100.27093,100.29093,100.24301,100.26301,1000
2026-01-29T14:43:00-05:00,100.26145,100.29012,100.24145,100.27012,1000
2026-01-29T14:44:00-05:00,100.25543,100.29973,100.23543,100.27973,1000
2026-01-29T14:45:00-05:00,100.25373,100.31100,100.23373,100.29100,1000
2026-01-29T14:46:00-05:00,100.25707,100.32319,100.23707,100.30319,1000
2026-01-29T14:47:00-05:00,100.26593,100.33583,100.24593,100.31583,1000
2026-01-29T14:48:00-05:00,100.28049,100.34868,100.26049,100.32868,1000
2026-01-29T14:49:00-05:00,100.30065,100.36182,100.28065,100.34182,1000
2026-01-29T14:50:00-05:00,100.32599,100.37560,100.30599,100.35560,1000
2026-01-29T14:51:00-05:00,100.35584,100.39065,100.33584,100.37065,1000
2026-01-29T14:52:00-05:00,100.38936,100.40936,100.36772,100.38772,1000
2026-01-29T14:53:00-05:00,100.42559,100.44559,100.38769,100.40769,1000
2026-01-29T14:54:00-05:00,100.46360,100.48360,100.41141,100.43141,1000
2026-01-29T14:55:00-05:00,100.50254,100.52254,100.43961,100.45961,1000
2026-01-29T14:56:00-05:00,100.54177,100.56177,100.47281,100.49281,1000
2026-01-29T14:57:00-05:00,100.58088,100.60088,100.51130,100.53130,1000
2026-01-29T14:58:00-05:00,100.61979,100.63979,100.55503,100.57503,1000
2026-01-29T14:59:00-05:00,100.65868,100.67868,100.60367,100.62367,1000
2026-01-29T15:00:00-05:00,100.69801,100.71801,100.65661,100.67661,1000
2026-01-29T15:01:00-05:00,100.73844,100.75844,100.71301,100.73301,1000
2026-01-29T15:02:00-05:00,100.78078,100.81191,100.76078,100.79191,1000
2026-01-29T15:03:00-05:00,100.82584,100.87230,100.80584,100.85230,1000
2026-01-29T15:04:00-05:00,100.87437,100.93325,100.85437,100.91325,1000
2026-01-29T15:05:00-05:00,100.92695,100.99398,100.90695,100.97398,1000
2026-01-29T15:06:00-05:00,100.98393,101.05393,100.96393,101.03393,1000
2026-01-29T15:07:00-05:00,101.04538,101.11284,101.02538,101.09284,1000
2026-01-29T15:08:00-05:00,101.11104,101.17073,101.09104,101.15073,1000
2026-01-29T15:09:00-05:00,101.18036,101.22793,101.16036,101.20793,1000
2026-01-29T15:10:00-05:00,101.25258,101.28497,101.23258,101.26497,1000
2026-01-29T15:11:00-05:00,101.32673,101.34673,101.30260,101.32260,1000
2026-01-29T15:12:00-05:00,101.40179,101.42179,101.36158,101.38158,1000
2026-01-29T15:13:00-05:00,101.47675,101.49675,101.42268,101.44268,1000
2026-01-29T15:14:00-05:00,101.55071,101.57071,101.48655,101.50655,1000
2026-01-29T15:15:00-05:00,101.62301,101.64301,101.55361,101.57361,1000
2026-01-29T15:16:00-05:00,101.69322,101.71322,101.62402,101.64402,1000
2026-01-29T15:17:00-05:00,101.76123,101.78123,101.69765,101.71765,1000
2026-01-29T15:18:00-05:00,101.82722,101.84722,101.77404,101.79404,1000
2026-01-29T15:19:00-05:00,101.89162,101.91162,101.85251,101.87251,1000
2026-01-29T15:20:00-05:00,101.95508,101.97508,101.93214,101.95214,1000
2026-01-29T15:21:00-05:00,102.01836,102.05192,101.99836,102.03192,1000
2026-01-29T15:22:00-05:00,102.08224,102.13080,102.06224,102.11080,1000
2026-01-29T15:23:00-05:00,102.14741,102.20782,102.12741,102.18782,1000
2026-01-29T15:24:00-05:00,102.21439,102.28221,102.19439,102.26221,1000
2026-01-29T15:25:00-05:00,102.28346,102.35342,102.26346,102.33342,1000
2026-01-29T15:26:00-05:00,102.35460,102.42121,102.33460,102.40121,1000
2026-01-29T15:27:00-05:00,102.42752,102.48564,102.40752,102.46564,1000
2026-01-29T15:28:00-05:00,102.50160,102.54704,102.48160,102.52704,1000
2026-01-29T15:29:00-05:00,102.57603,102.60599,102.55603,102.58599,1000
2026-01-29T15:30:00-05:00,102.64984,102.66984,102.62321,102.64321,1000
2026-01-29T15:31:00-05:00,102.72198,102.74198,102.67951,102.69951,1000
2026-01-29T15:32:00-05:00,102.79148,102.81148,102.73562,102.75562,1000
2026-01-29T15:33:00-05:00,102.85747,102.87747,102.79219,102.81219,1000
2026-01-29T15:34:00-05:00,102.91932,102.93932,102.84960,102.86960,1000
2026-01-29T15:35:00-05:00,102.97669,102.99669,102.90799,102.92799,1000
2026-01-29T15:36:00-05:00,103.02951,103.04951,102.96721,102.98721,1000
2026-01-29T15:37:00-05:00,103.07804,103.09804,103.02679,103.04679,1000
2026-01-29T15:38:00-05:00,103.12279,103.14279,103.08602,103.10602,1000
2026-01-29T15:39:00-05:00,103.16446,103.18446,103.14402,103.16402,1000
2026-01-29T15:40:00-05:00,103.20385,103.23980,103.18385,103.21980,1000
2026-01-29T15:41:00-05:00,103.24178,103.29235,103.22178,103.27235,1000
2026-01-29T15:42:00-05:00,103.27897,103.34081,103.25897,103.32081,1000
2026-01-29T15:43:00-05:00,103.31596,103.38445,103.29596,103.36445,1000
2026-01-29T15:44:00-05:00,103.35304,103.42285,103.33304,103.40285,1000
2026-01-29T15:45:00-05:00,103.39023,103.45587,103.37023,103.43587,1000
2026-01-29T15:46:00-05:00,103.42721,103.48366,103.40721,103.46366,1000
2026-01-29T15:47:00-05:00,103.46343,103.50668,103.44343,103.48668,1000
2026-01-29T15:48:00-05:00,103.49811,103.52559,103.47811,103.50559,1000
2026-01-29T15:49:00-05:00,103.53032,103.55032,103.50122,103.52122,1000
2026-01-29T15:50:00-05:00,103.55912,103.57912,103.51443,103.53443,1000
2026-01-29T15:51:00-05:00,103.58361,103.60361,103.52605,103.54605,1000
2026-01-29T15:52:00-05:00,103.60304,103.62304,103.53675,103.55675,1000
2026-01-29T15:53:00-05:00,103.61690,103.63690,103.54698,103.56698,1000
2026-01-29T15:54:00-05:00,103.62499,103.64499,103.55692,103.57692,1000
2026-01-29T15:55:00-05:00,103.62737,103.64737,103.56645,103.58645,1000
2026-01-29T15:56:00-05:00,103.62444,103.64444,103.57517,103.59517,1000
2026-01-29T15:57:00-05:00,103.61682,103.63682,103.58244,103.60244,1000
2026-01-29T15:58:00-05:00,103.60535,103.62743,103.58535,103.60743,1000
2026-01-29T15:59:00-05:00,103.59094,103.62925,103.57094,103.60925,1000
2026-01-30T09:30:00-05:00,103.57448,103.62701,103.55448,103.60701,1000
2026-01-30T09:31:00-05:00,103.55679,103.61995,103.53679,103.59995,1000
2026-01-30T09:32:00-05:00,103.53847,103.60751,103.51847,103.58751,1000
2026-01-30T09:33:00-05:00,103.51987,103.58940,103.49987,103.56940,1000
2026-01-30T09:34:00-05:00,103.50105,103.56562,103.48105,103.54562,1000
2026-01-30T09:35:00-05:00,103.48179,103.53648,103.46179,103.51648,1000
2026-01-30T09:36:00-05:00,103.46158,103.50258,103.44158,103.48258,1000
2026-01-30T09:37:00-05:00,103.43973,103.46472,103.41973,103.44472,1000
2026-01-30T09:38:00-05:00,103.41540,103.43540,103.38384,103.40384,1000
2026-01-30T09:39:00-05:00,103.38775,103.40775,103.34092,103.36092,1000
2026-01-30T09:40:00-05:00,103.35601,103.37601,103.29684,103.31684,1000
2026-01-30T09:41:00-05:00,103.31956,103.33956,103.25238,103.27238,1000
2026-01-30T09:42:00-05:00,103.27804,103.29804,103.20804,103.22804,1000
2026-01-30T09:43:00-05:00,103.23138,103.25138,103.16407,103.18407,1000
2026-01-30T09:44:00-05:00,103.17982,103.19982,103.12039,103.14039,1000
2026-01-30T09:45:00-05:00,103.12386,103.14386,103.07667,103.09667,1000
2026-01-30T09:46:00-05:00,103.06428,103.08428,103.03232,103.05232,1000
2026-01-30T09:47:00-05:00,103.00203,103.02660,102.98203,103.00660,1000
2026-01-30T09:48:00-05:00,102.93809,102.97871,102.91809,102.95871,1000
2026-01-30T09:49:00-05:00,102.87348,102.92786,102.85348,102.90786,1000
2026-01-30T09:50:00-05:00,102.80904,102.87341,102.78904,102.85341,1000
2026-01-30T09:51:00-05:00,102.74545,102.81492,102.72545,102.79492,1000
2026-01-30T09:52:00-05:00,102.68310,102.75222,102.66310,102.73222,1000
2026-01-30T09:53:00-05:00,102.62208,102.68545,102.60208,102.66545,1000
2026-01-30T09:54:00-05:00,102.56220,102.61504,102.54220,102.59504,1000
2026-01-30T09:55:00-05:00,102.50299,102.54169,102.48299,102.52169,1000
2026-01-30T09:56:00-05:00,102.44382,102.46631,102.42382,102.44631,1000
2026-01-30T09:57:00-05:00,102.38390,102.40390,102.34992,102.36992,1000
2026-01-30T09:58:00-05:00,102.32246,102.34246,102.27354,102.29354,1000
2026-01-30T09:59:00-05:00,102.25881,102.27881,102.19814,102.21814,1000
2026-01-30T10:00:00-05:00,102.19243,102.21243,102.12448,102.14448,1000
2026-01-30T10:01:00-05:00,102.12304,102.14304,102.05309,102.07309,1000
2026-01-30T10:02:00-05:00,102.05067,102.07067,101.98423,102.00423,1000
2026-01-30T10:03:00-05:00,101.97565,101.99565,101.91782,101.93782,1000
2026-01-30T10:04:00-05:00,101.89858,101.91858,101.85352,101.87352,1000
2026-01-30T10:05:00-05:00,101.82029,101.84029,101.79077,101.81077,1000
2026-01-30T10:06:00-05:00,101.74177,101.76883,101.72177,101.74883,1000
2026-01-30T10:07:00-05:00,101.66406,101.70693,101.64406,101.68693,1000
2026-01-30T10:08:00-05:00,101.58816,101.64433,101.56816,101.62433,1000
2026-01-30T10:09:00-05:00,101.51494,101.58041,101.49494,101.56041,1000
2026-01-30T10:10:00-05:00,101.44503,101.51480,101.42503,101.49480,1000
2026-01-30T10:11:00-05:00,101.37880,101.44739,101.35880,101.42739,1000
2026-01-30T10:12:00-05:00,101.31630,101.37836,101.29630,101.35836,1000
2026-01-30T10:13:00-05:00,101.25729,101.30820,101.23729,101.28820,1000
2026-01-30T10:14:00-05:00,101.20128,101.23763,101.18128,101.21763,1000
2026-01-30T10:15:00-05:00,101.14759,101.16759,101.12758,101.14758,1000
2026-01-30T10:16:00-05:00,101.09543,101.11543,101.05906,101.07906,1000
2026-01-30T10:17:00-05:00,101.04400,101.06400,100.99307,101.01307,1000
2026-01-30T10:18:00-05:00,100.99262,101.01262,100.93054,100.95054,1000
2026-01-30T10:19:00-05:00,100.94078,100.96078,100.87218,100.89218,1000
2026-01-30T10:20:00-05:00,100.88822,100.90822,100.81845,100.83845,1000
2026-01-30T10:21:00-05:00,100.83496,100.85496,100.76950,100.78950,1000
2026-01-30T10:22:00-05:00,100.78135,100.80135,100.72520,100.74520,1000
2026-01-30T10:23:00-05:00,100.72798,100.74798,100.68512,100.70512,1000
2026-01-30T10:24:00-05:00,100.67567,100.69567,100.64862,100.66862,1000
2026-01-30T10:25:00-05:00,100.62536,100.65490,100.60536,100.63490,1000
2026-01-30T10:26:00-05:00,100.57806,100.62313,100.55806,100.60313,1000
2026-01-30T10:27:00-05:00,100.53467,100.59252,100.51467,100.57252,1000
2026-01-30T10:28:00-05:00,100.49598,100.56244,100.47598,100.54244,1000
2026-01-30T10:29:00-05:00,100.46252,100.53247,100.44252,100.51247,1000
2026-01-30T10:30:00-05:00,100.43453,100.50248,100.41453,100.48248,1000
2026-01-30T10:31:00-05:00,100.41196,100.47262,100.39196,100.45262,1000
2026-01-30T10:32:00-05:00,100.39445,100.44335,100.37445,100.42335,1000
2026-01-30T10:33:00-05:00,100.38139,100.41535,100.36139,100.39535,1000
2026-01-30T10:34:00-05:00,100.37199,100.39199,100.34948,100.36948,1000
2026-01-30T10:35:00-05:00,100.36538,100.38538,100.32667,100.34667,1000
2026-01-30T10:36:00-05:00,100.36069,100.38069,100.30783,100.32783,1000
2026-01-30T10:37:00-05:00,100.35716,100.37716,100.29378,100.31378,1000
2026-01-30T10:38:00-05:00,100.35421,100.37421,100.28509,100.30509,1000
2026-01-30T10:39:00-05:00,100.35155,100.37155,100.28208,100.30208,1000
2026-01-30T10:40:00-05:00,100.34914,100.36914,100.28478,100.30478,1000
2026-01-30T10:41:00-05:00,100.34728,100.36728,100.29291,100.31291,1000
2026-01-30T10:42:00-05:00,100.34649,100.36649,100.30589,100.32589,1000
2026-01-30T10:43:00-05:00,100.34751,100.36751,100.32296,100.34296,1000
2026-01-30T10:44:00-05:00,100.35122,100.38321,100.33122,100.36321,1000
2026-01-30T10:45:00-05:00,100.35849,100.40570,100.33849,100.38570,1000
2026-01-30T10:46:00-05:00,100.37012,100.42956,100.35012,100.40956,1000
2026-01-30T10:47:00-05:00,100.38675,100.45408,100.36675,100.43408,1000
2026-01-30T10:48:00-05:00,100.40877,100.47877,100.38877,100.45877,1000
2026-01-30T10:49:00-05:00,100.43628,100.50345,100.41628,100.48345,1000
2026-01-30T10:50:00-05:00,100.46907,100.52822,100.44907,100.50822,1000
2026-01-30T10:51:00-05:00,100.50663,100.55345,100.48663,100.53345,1000
2026-01-30T10:52:00-05:00,100.54822,100.57976,100.52822,100.55976,1000
2026-01-30T10:53:00-05:00,100.59293,100.61293,100.56791,100.58791,1000
2026-01-30T10:54:00-05:00,100.63978,100.65978,100.59876,100.61876,1000
2026-01-30T10:55:00-05:00,100.68780,100.70780,100.63309,100.65309,1000
2026-01-30T10:56:00-05:00,100.73615,100.75615,100.67158,100.69158,1000
2026-01-30T10:57:00-05:00,100.78422,100.80422,100.71468,100.73468,1000
2026-01-30T10:58:00-05:00,100.83162,100.85162,100.76258,100.78258,1000
2026-01-30T10:59:00-05:00,100.87829,100.89829,100.81515,100.83515,1000
2026-01-30T11:00:00-05:00,100.92446,100.94446,100.87196,100.89196,1000
2026-01-30T11:01:00-05:00,100.97061,100.99061,100.93232,100.95232,1000
2026-01-30T11:02:00-05:00,101.01741,101.03741,100.99535,101.01535,1000
2026-01-30T11:03:00-05:00,101.06564,101.10005,101.04564,101.08005,1000
2026-01-30T11:04:00-05:00,101.11611,101.16539,101.09611,101.14539,1000
2026-01-30T11:05:00-05:00,101.16951,101.23044,101.14951,101.21044,1000
2026-01-30T11:06:00-05:00,101.22636,101.29443,101.20636,101.27443,1000
2026-01-30T11:07:00-05:00,101.28694,101.35686,101.26694,101.33686,1000
2026-01-30T11:08:00-05:00,101.35122,101.41750,101.33122,101.39750,1000
2026-01-30T11:09:00-05:00,101.41888,101.47643,101.39888,101.45643,1000
2026-01-30T11:10:00-05:00,101.48932,101.53399,101.46932,101.51399,1000
2026-01-30T11:11:00-05:00,101.56169,101.59077,101.54169,101.57077,1000
2026-01-30T11:12:00-05:00,101.63501,101.65501,101.60751,101.62751,1000
2026-01-30T11:13:00-05:00,101.70824,101.72824,101.66497,101.68497,1000
2026-01-30T11:14:00-05:00,101.78038,101.80038,101.72391,101.74391,1000
2026-01-30T11:15:00-05:00,101.85056,101.87056,101.78491,101.80491,1000
2026-01-30T11:16:00-05:00,101.91816,101.93816,101.84835,101.86835,1000
2026-01-30T11:17:00-05:00,101.98281,102.00281,101.91432,101.93432,1000
2026-01-30T11:18:00-05:00,102.04446,102.06446,101.98263,102.00263,1000
2026-01-30T11:19:00-05:00,102.10333,102.12333,102.05277,102.07277,1000
2026-01-30T11:20:00-05:00,102.15993,102.17993,102.12400,102.14400,1000
2026-01-30T11:21:00-05:00,102.21493,102.23538,102.19493,102.21538,1000
2026-01-30T11:22:00-05:00,102.26910,102.30589,102.24910,102.28589,1000
2026-01-30T11:23:00-05:00,102.32322,102.37450,102.30322,102.35450,1000
2026-01-30T11:24:00-05:00,102.37796,102.44028,102.35796,102.42028,1000
2026-01-30T11:25:00-05:00,102.43381,102.50251,102.41381,102.48251,1000
2026-01-30T11:26:00-05:00,102.49100,102.56072,102.47100,102.54072,1000
2026-01-30T11:27:00-05:00,102.54946,102.61474,102.52946,102.59474,1000
2026-01-30T11:28:00-05:00,102.60884,102.66468,102.58884,102.64468,1000
2026-01-30T11:29:00-05:00,102.66852,102.71098,102.64852,102.69098,1000
2026-01-30T11:30:00-05:00,102.72763,102.75424,102.70763,102.73424,1000
2026-01-30T11:31:00-05:00,102.78521,102.80521,102.75524,102.77524,1000
2026-01-30T11:32:00-05:00,102.84025,102.86025,102.79479,102.81479,1000
2026-01-30T11:33:00-05:00,102.89178,102.91178,102.83365,102.85365,1000
2026-01-30T11:34:00-05:00,102.93903,102.95903,102.87241,102.89241,1000
2026-01-30T11:35:00-05:00,102.98143,103.00143,102.91146,102.93146,1000
2026-01-30T11:36:00-05:00,103.01871,103.03871,102.95089,102.97089,1000
2026-01-30T11:37:00-05:00,103.05092,103.07092,102.99051,103.01051,1000
2026-01-30T11:38:00-05:00,103.07837,103.09837,103.02984,103.04984,1000
2026-01-30T11:39:00-05:00,103.10167,103.12167,103.06813,103.08813,1000
2026-01-30T11:40:00-05:00,103.12155,103.14451,103.10155,103.12451,1000
2026-01-30T11:41:00-05:00,103.13888,103.17801,103.11888,103.15801,1000
2026-01-30T11:42:00-05:00,103.15448,103.20767,103.13448,103.18767,1000
2026-01-30T11:43:00-05:00,103.16907,103.23267,103.14907,103.21267,1000
2026-01-30T11:44:00-05:00,103.18319,103.25240,103.16319,103.23240,1000
2026-01-30T11:45:00-05:00,103.19710,103.26650,103.17710,103.24650,1000
2026-01-30T11:46:00-05:00,103.21077,103.27492,103.19077,103.25492,1000
2026-01-30T11:47:00-05:00,103.22388,103.27793,103.20388,103.25793,1000
2026-01-30T11:48:00-05:00,103.23586,103.27606,103.21586,103.25606,1000
2026-01-30T11:49:00-05:00,103.24593,103.27004,103.22593,103.25004,1000
2026-01-30T11:50:00-05:00,103.25318,103.27318,103.22077,103.24077,1000
2026-01-30T11:51:00-05:00,103.25670,103.27670,103.20912,103.22912,1000
2026-01-30T11:52:00-05:00,103.25566,103.27566,103.19595,103.21595,1000
2026-01-30T11:53:00-05:00,103.24938,103.26938,103.18192,103.20192,1000
2026-01-30T11:54:00-05:00,103.23746,103.25746,103.16747,103.18747,1000
2026-01-30T11:55:00-05:00,103.21977,103.23977,103.15274,103.17274,1000
2026-01-30T11:56:00-05:00,103.19649,103.21649,103.13761,103.15761,1000
2026-01-30T11:57:00-05:00,103.16809,103.18809,103.12165,103.14165,1000
2026-01-30T11:58:00-05:00,103.13531,103.15531,103.10420,103.12420,1000
2026-01-30T11:59:00-05:00,103.09901,103.12446,103.07901,103.10446,1000
2026-01-30T12:00:00-05:00,103.06015,103.10157,103.04015,103.08157,1000
2026-01-30T12:01:00-05:00,103.01967,103.07469,102.99967,103.05469,1000
2026-01-30T12:02:00-05:00,102.97835,103.04312,102.95835,103.02312,1000
2026-01-30T12:03:00-05:00,102.93681,103.00640,102.91681,102.98640,1000
2026-01-30T12:04:00-05:00,102.89536,102.96431,102.87536,102.94431,1000
2026-01-30T12:05:00-05:00,102.85405,102.91697,102.83405,102.89697,1000
2026-01-30T12:06:00-05:00,102.81261,102.86477,102.79261,102.84477,1000
2026-01-30T12:07:00-05:00,102.77053,102.80840,102.75053,102.78840,1000
2026-01-30T12:08:00-05:00,102.72710,102.74871,102.70710,102.72871,1000
2026-01-30T12:09:00-05:00,102.68153,102.70153,102.64670,102.66670,1000
2026-01-30T12:10:00-05:00,102.63299,102.65299,102.58336,102.60336,1000
2026-01-30T12:11:00-05:00,102.58077,102.60077,102.51959,102.53959,1000
2026-01-30T12:12:00-05:00,102.52433,102.54433,102.45614,102.47614,1000
2026-01-30T12:13:00-05:00,102.46339,102.48339,102.39349,102.41349,1000
2026-01-30T12:14:00-05:00,102.39796,102.41796,102.33185,102.35185,1000
2026-01-30T12:15:00-05:00,102.32836,102.34836,102.27111,102.29111,1000
2026-01-30T12:16:00-05:00,102.25519,102.27519,102.21091,102.23091,1000
2026-01-30T12:17:00-05:00,102.17928,102.19928,102.15063,102.17063,1000
2026-01-30T12:18:00-05:00,102.10161,102.12955,102.08161,102.10955,1000
2026-01-30T12:19:00-05:00,102.02321,102.06686,102.00321,102.04686,1000
2026-01-30T12:20:00-05:00,101.94507,102.00183,101.92507,101.98183,1000
2026-01-30T12:21:00-05:00,101.86803,101.93386,101.84803,101.91386,1000
2026-01-30T12:22:00-05:00,101.79273,101.86258,101.77273,101.84258,1000
2026-01-30T12:23:00-05:00,101.71952,101.78790,101.69952,101.76790,1000
2026-01-30T12:24:00-05:00,101.64843,101.71001,101.62843,101.69001,1000
2026-01-30T12:25:00-05:00,101.57923,101.62944,101.55923,101.60944,1000
2026-01-30T12:26:00-05:00,101.51142,101.54693,101.49142,101.52693,1000
2026-01-30T12:27:00-05:00,101.44432,101.46432,101.42343,101.44343,1000
2026-01-30T12:28:00-05:00,101.37717,101.39717,101.33997,101.35997,1000
2026-01-30T12:29:00-05:00,101.30919,101.32919,101.25758,101.27758,1000
2026-01-30T12:30:00-05:00,101.23973,101.25973,101.17718,101.19718,1000
2026-01-30T12:31:00-05:00,101.16832,101.18832,101.09952,101.11952,1000
2026-01-30T12:32:00-05:00,101.09473,101.11473,101.02505,101.04505,1000
2026-01-30T12:33:00-05:00,101.01905,101.03905,100.95397,100.97397,1000
2026-01-30T12:34:00-05:00,100.94167,100.96167,100.88614,100.90614,1000
2026-01-30T12:35:00-05:00,100.86323,100.88323,100.82116,100.84116,1000
2026-01-30T12:36:00-05:00,100.78460,100.80460,100.75843,100.77843,1000
2026-01-30T12:37:00-05:00,100.70678,100.73718,100.68678,100.71718,1000
2026-01-30T12:38:00-05:00,100.63079,100.67663,100.61079,100.65663,1000
2026-01-30T12:39:00-05:00,100.55762,100.61604,100.53762,100.59604,1000
2026-01-30T12:40:00-05:00,100.48806,100.55484,100.46806,100.53484,1000
2026-01-30T12:41:00-05:00,100.42270,100.49268,100.40270,100.47268,1000
2026-01-30T12:42:00-05:00,100.36180,100.42949,100.34180,100.40949,1000
2026-01-30T12:43:00-05:00,100.30537,100.36550,100.28537,100.34550,1000
2026-01-30T12:44:00-05:00,100.25307,100.30125,100.23307,100.28125,1000
2026-01-30T12:45:00-05:00,100.20436,100.23747,100.18436,100.21747,1000
2026-01-30T12:46:00-05:00,100.15850,100.17850,100.13509,100.15509,1000
2026-01-30T12:47:00-05:00,100.11466,100.13466,100.07513,100.09513,1000
2026-01-30T12:48:00-05:00,100.07206,100.09206,100.01854,100.03854,1000
2026-01-30T12:49:00-05:00,100.03001,100.05001,99.96619,99.98619,1000
2026-01-30T12:50:00-05:00,99.98800,100.00800,99.91872,99.93872,1000
2026-01-30T12:51:00-05:00,99.94583,99.96583,99.87650,99.89650,1000
2026-01-30T12:52:00-05:00,99.90355,99.92355,99.83960,99.85960,1000
2026-01-30T12:53:00-05:00,99.86152,99.88152,99.80780,99.82780,1000
2026-01-30T12:54:00-05:00,99.82037,99.84037,99.78058,99.80058,1000
2026-01-30T12:55:00-05:00,99.78091,99.80091,99.75724,99.77724,1000
2026-01-30T12:56:00-05:00,99.74408,99.77693,99.72408,99.75693,1000
2026-01-30T12:57:00-05:00,99.71084,99.75879,99.69084,99.73879,1000
2026-01-30T12:58:00-05:00,99.68205,99.74202,99.66205,99.72202,1000
2026-01-30T12:59:00-05:00,99.65840,99.72600,99.63840,99.70600,1000
2026-01-30T13:00:00-05:00,99.64034,99.71033,99.62034,99.69033,1000
2026-01-30T13:01:00-05:00,99.62803,99.69490,99.60803,99.67490,1000
2026-01-30T13:02:00-05:00,99.62131,99.67990,99.60131,99.65990,1000
2026-01-30T13:03:00-05:00,99.61972,99.66579,99.59972,99.64579,1000
2026-01-30T13:04:00-05:00,99.62259,99.65326,99.60259,99.63326,1000
2026-01-30T13:05:00-05:00,99.62907,99.64907,99.60317,99.62317,1000
2026-01-30T13:06:00-05:00,99.63822,99.65822,99.59641,99.61641,1000
2026-01-30T13:07:00-05:00,99.64918,99.66918,99.59384,99.61384,1000
2026-01-30T13:08:00-05:00,99.66117,99.68117,99.59620,99.61620,1000
2026-01-30T13:09:00-05:00,99.67363,99.69363,99.60399,99.62399,1000
2026-01-30T13:10:00-05:00,99.68628,99.70628,99.61743,99.63743,1000
2026-01-30T13:11:00-05:00,99.69913,99.71913,99.63644,99.65644,1000
2026-01-30T13:12:00-05:00,99.71248,99.73248,99.66065,99.68065,1000
2026-01-30T13:13:00-05:00,99.72687,99.74687,99.68941,99.70941,1000
2026-01-30T13:14:00-05:00,99.74304,99.76304,99.72187,99.74187,1000
2026-01-30T13:15:00-05:00,99.76184,99.79709,99.74184,99.77709,1000
2026-01-30T13:16:00-05:00,99.78410,99.83409,99.76410,99.81409,1000
2026-01-30T13:17:00-05:00,99.81058,99.87201,99.79058,99.85201,1000
2026-01-30T13:18:00-05:00,99.84182,99.91013,99.82182,99.89013,1000
2026-01-30T13:19:00-05:00,99.87813,99.94799,99.85813,99.92799,1000
2026-01-30T13:20:00-05:00,99.91951,99.98545,99.89951,99.96545,1000
2026-01-30T13:21:00-05:00,99.96566,100.02261,99.94566,100.00261,1000
2026-01-30T13:22:00-05:00,100.01600,100.05990,99.99600,100.03990,1000
2026-01-30T13:23:00-05:00,100.06971,100.09792,100.04971,100.07792,1000
2026-01-30T13:24:00-05:00,100.12584,100.14584,100.09746,100.11746,1000
2026-01-30T13:25:00-05:00,100.18336,100.20336,100.13931,100.15931,1000
2026-01-30T13:26:00-05:00,100.24131,100.26131,100.18425,100.20425,1000
2026-01-30T13:27:00-05:00,100.29887,100.31887,100.23286,100.25286,1000
2026-01-30T13:28:00-05:00,100.35543,100.37543,100.28555,100.30555,1000
2026-01-30T13:29:00-05:00,100.41066,100.43066,100.34239,100.36239,1000
2026-01-30T13:30:00-05:00,100.46453,100.48453,100.40320,100.42320,1000
2026-01-30T13:31:00-05:00,100.51732,100.53732,100.46746,100.48746,1000
2026-01-30T13:32:00-05:00,100.56952,100.58952,100.53443,100.55443,1000
2026-01-30T13:33:00-05:00,100.62182,100.64316,100.60182,100.62316,1000
2026-01-30T13:34:00-05:00,100.67501,100.71263,100.65501,100.69263,1000
2026-01-30T13:35:00-05:00,100.72985,100.78181,100.70985,100.76181,1000
2026-01-30T13:36:00-05:00,100.78701,100.84979,100.76701,100.82979,1000
2026-01-30T13:37:00-05:00,100.84695,100.91584,100.82695,100.89584,1000
2026-01-30T13:38:00-05:00,100.90987,100.97950,100.88987,100.95950,1000
2026-01-30T13:39:00-05:00,100.97569,101.04058,100.95569,101.02058,1000
2026-01-30T13:40:00-05:00,101.04402,101.09923,101.02402,101.07923,1000
2026-01-30T13:41:00-05:00,101.11418,101.15585,101.09418,101.13585,1000
2026-01-30T13:42:00-05:00,101.18531,101.21104,101.16531,101.19104,1000
2026-01-30T13:43:00-05:00,101.25639,101.27639,101.22555,101.24555,1000
2026-01-30T13:44:00-05:00,101.32639,101.34639,101.28018,101.30018,1000
2026-01-30T13:45:00-05:00,101.39433,101.41433,101.33563,101.35563,1000
2026-01-30T13:46:00-05:00,101.45939,101.47939,101.39246,101.41246,1000
2026-01-30T13:47:00-05:00,101.52100,101.54100,101.45101,101.47101,1000
2026-01-30T13:48:00-05:00,101.57886,101.59886,101.51131,101.53131,1000
2026-01-30T13:49:00-05:00,101.63298,101.65298,101.57311,101.59311,1000
2026-01-30T13:50:00-05:00,101.68367,101.70367,101.63586,101.65586,1000
2026-01-30T13:51:00-05:00,101.73147,101.75147,101.69878,101.71878,1000
2026-01-30T13:52:00-05:00,101.77709,101.80093,101.75709,101.78093,1000
2026-01-30T13:53:00-05:00,101.82134,101.86129,101.80134,101.84129,1000
2026-01-30T13:54:00-05:00,101.86500,101.91884,101.84500,101.89884,1000
2026-01-30T13:55:00-05:00,101.90871,101.97274,101.88871,101.95274,1000
2026-01-30T13:56:00-05:00,101.95294,102.02230,101.93294,102.00230,1000
2026-01-30T13:57:00-05:00,101.99788,102.06714,101.97788,102.04714,1000
2026-01-30T13:58:00-05:00,102.04344,102.10717,102.02344,102.08717,1000
2026-01-30T13:59:00-05:00,102.08920,102.14260,102.06920,102.12260,1000
2026-01-30T14:00:00-05:00,102.13453,102.17390,102.11453,102.15390,1000
2026-01-30T14:01:00-05:00,102.17855,102.20178,102.15855,102.18178,1000
2026-01-30T14:02:00-05:00,102.22031,102.24031,102.18704,102.20704,1000
2026-01-30T14:03:00-05:00,102.25883,102.27883,102.21051,102.23051,1000
2026-01-30T14:04:00-05:00,102.29320,102.31320,102.23296,102.25296,1000
2026-01-30T14:05:00-05:00,102.32270,102.34270,102.25497,102.27497,1000
2026-01-30T14:06:00-05:00,102.34687,102.36687,102.27689,102.29689,1000
2026-01-30T14:07:00-05:00,102.36552,102.38552,102.29881,102.31881,1000
2026-01-30T14:08:00-05:00,102.37879,102.39879,102.32048,102.34048,1000
2026-01-30T14:09:00-05:00,102.38710,102.40710,102.34141,102.36141,1000
2026-01-30T14:10:00-05:00,102.39109,102.41109,102.36085,102.38085,1000
2026-01-30T14:11:00-05:00,102.39160,102.41793,102.37160,102.39793,1000
2026-01-30T14:12:00-05:00,102.38949,102.43171,102.36949,102.41171,1000
2026-01-30T14:13:00-05:00,102.38564,102.44129,102.36564,102.42129,1000
2026-01-30T14:14:00-05:00,102.38075,102.44591,102.36075,102.42591,1000
2026-01-30T14:15:00-05:00,102.37535,102.44505,102.35535,102.42505,1000
2026-01-30T14:16:00-05:00,102.36968,102.43844,102.34968,102.41844,1000
2026-01-30T14:17:00-05:00,102.36369,102.42615,102.34369,102.40615,1000
2026-01-30T14:18:00-05:00,102.35703,102.40852,102.33703,102.38852,1000
2026-01-30T14:19:00-05:00,102.34913,102.38617,102.32913,102.36617,1000
2026-01-30T14:20:00-05:00,102.33919,102.35992,102.31919,102.33992,1000
2026-01-30T14:21:00-05:00,102.32635,102.34635,102.29068,102.31068,1000
2026-01-30T14:22:00-05:00,102.30974,102.32974,102.25939,102.27939,1000
2026-01-30T14:23:00-05:00,102.28857,102.30857,102.22689,102.24689,1000
2026-01-30T14:24:00-05:00,102.26227,102.28227,102.19385,102.21385,1000
2026-01-30T14:25:00-05:00,102.23052,102.25052,102.16069,102.18069,1000
2026-01-30T14:26:00-05:00,102.19328,102.21328,102.12752,102.14752,1000
2026-01-30T14:27:00-05:00,102.15084,102.17084,102.09419,102.11419,1000
2026-01-30T14:28:00-05:00,102.10376,102.12376,102.06026,102.08026,1000
2026-01-30T14:29:00-05:00,102.05283,102.07283,102.02506,102.04506,1000
2026-01-30T14:30:00-05:00,101.99899,102.02780,101.97899,102.00780,1000
2026-01-30T14:31:00-05:00,101.94322,101.98766,101.92322,101.96766,1000
2026-01-30T14:32:00-05:00,101.88648,101.94384,101.86648,101.92384,1000
2026-01-30T14:33:00-05:00,101.82954,101.89572,101.80954,101.87572,1000
2026-01-30T14:34:00-05:00,101.77300,101.84291,101.75300,101.82291,1000
2026-01-30T14:35:00-05:00,101.71714,101.78529,101.69714,101.76529,1000
2026-01-30T14:36:00-05:00,101.66197,101.72306,101.64197,101.70306,1000
2026-01-30T14:37:00-05:00,101.60721,101.65671,101.58721,101.63671,1000
2026-01-30T14:38:00-05:00,101.55231,101.58698,101.53231,101.56698,1000
2026-01-30T14:39:00-05:00,101.49657,101.51657,101.47479,101.49479,1000
2026-01-30T14:40:00-05:00,101.43920,101.45920,101.40117,101.42117,1000
2026-01-30T14:41:00-05:00,101.37942,101.39942,101.32712,101.34712,1000
2026-01-30T14:42:00-05:00,101.31655,101.33655,101.25354,101.27354,1000
2026-01-30T14:43:00-05:00,101.25013,101.27013,101.18115,101.20115,1000
2026-01-30T14:44:00-05:00,101.17996,101.19996,101.11039,101.13039,1000
2026-01-30T14:45:00-05:00,101.10611,101.12611,101.04142,101.06142,1000
2026-01-30T14:46:00-05:00,101.02900,101.04900,100.97410,100.99410,1000
2026-01-30T14:47:00-05:00,100.94928,100.96928,100.90801,100.92801,1000
2026-01-30T14:48:00-05:00,100.86783,100.88783,100.84254,100.86254,1000
2026-01-30T14:49:00-05:00,100.78566,100.81693,100.76566,100.79693,1000
2026-01-30T14:50:00-05:00,100.70381,100.75040,100.68381,100.73040,1000
2026-01-30T14:51:00-05:00,100.62327,100.68225,100.60327,100.66225,1000
2026-01-30T14:52:00-05:00,100.54483,100.61191,100.52483,100.59191,1000
2026-01-30T14:53:00-05:00,100.46909,100.53908,100.44909,100.51908,1000
2026-01-30T14:54:00-05:00,100.39632,100.46374,100.37632,100.44374,1000
2026-01-30T14:55:00-05:00,100.32653,100.38614,100.30653,100.36614,1000
2026-01-30T14:56:00-05:00,100.25941,100.30685,100.23941,100.28685,1000
2026-01-30T14:57:00-05:00,100.19442,100.22667,100.17442,100.20667,1000
2026-01-30T14:58:00-05:00,100.13086,100.15086,100.10657,100.12657,1000
2026-01-30T14:59:00-05:00,100.06793,100.08793,100.02759,100.04759,1000
2026-01-30T15:00:00-05:00,100.00489,100.02489,99.95072,99.97072,1000
2026-01-30T15:01:00-05:00,99.94110,99.96110,99.87686,99.89686,1000
2026-01-30T15:02:00-05:00,99.87611,99.89611,99.80669,99.82669,1000
2026-01-30T15:03:00-05:00,99.80978,99.82978,99.74060,99.76060,1000
2026-01-30T15:04:00-05:00,99.74222,99.76222,99.67870,99.69870,1000
2026-01-30T15:05:00-05:00,99.67386,99.69386,99.62080,99.64080,1000
2026-01-30T15:06:00-05:00,99.60540,99.62540,99.56642,99.58642,1000
2026-01-30T15:07:00-05:00,99.53770,99.55770,99.51491,99.53491,1000
2026-01-30T15:08:00-05:00,99.47178,99.50548,99.45178,99.48548,1000
2026-01-30T15:09:00-05:00,99.40863,99.45731,99.38863,99.43731,1000
2026-01-30T15:10:00-05:00,99.34918,99.40968,99.32918,99.38968,1000
2026-01-30T15:11:00-05:00,99.29417,99.36204,99.27417,99.34204,1000
2026-01-30T15:12:00-05:00,99.24410,99.31406,99.22410,99.29406,1000
2026-01-30T15:13:00-05:00,99.19917,99.26573,99.17917,99.24573,1000
2026-01-30T15:14:00-05:00,99.15927,99.21730,99.13927,99.19730,1000
2026-01-30T15:15:00-05:00,99.12401,99.16932,99.10401,99.14932,1000
2026-01-30T15:16:00-05:00,99.09275,99.12256,99.07275,99.10256,1000
2026-01-30T15:17:00-05:00,99.06471,99.08471,99.03794,99.05794,1000
2026-01-30T15:18:00-05:00,99.03904,99.05904,98.99643,99.01643,1000
2026-01-30T15:19:00-05:00,99.01493,99.03493,98.95897,98.97897,1000
2026-01-30T15:20:00-05:00,98.99169,99.01169,98.92634,98.94634,1000
2026-01-30T15:21:00-05:00,98.96884,98.98884,98.89910,98.91910,1000
2026-01-30T15:22:00-05:00,98.94619,98.96619,98.87753,98.89753,1000
2026-01-30T15:23:00-05:00,98.92383,98.94383,98.86160,98.88160,1000
2026-01-30T15:24:00-05:00,98.90215,98.92215,98.85100,98.87100,1000
2026-01-30T15:25:00-05:00,98.88177,98.90177,98.84514,98.86514,1000
2026-01-30T15:26:00-05:00,98.86351,98.88351,98.84323,98.86323,1000
2026-01-30T15:27:00-05:00,98.84830,98.88439,98.82830,98.86439,1000
2026-01-30T15:28:00-05:00,98.83702,98.88772,98.81702,98.86772,1000
2026-01-30T15:29:00-05:00,98.83049,98.89241,98.81049,98.87241,1000
2026-01-30T15:30:00-05:00,98.82933,98.89786,98.80933,98.87786,1000
2026-01-30T15:31:00-05:00,98.83388,98.90367,98.81388,98.88367,1000
2026-01-30T15:32:00-05:00,98.84419,98.90977,98.82419,98.88977,1000
2026-01-30T15:33:00-05:00,98.86002,98.91637,98.84002,98.89637,1000
2026-01-30T15:34:00-05:00,98.88083,98.92394,98.86083,98.90394,1000
2026-01-30T15:35:00-05:00,98.90585,98.93318,98.88585,98.91318,1000
2026-01-30T15:36:00-05:00,98.93418,98.95418,98.90493,98.92493,1000
2026-01-30T15:37:00-05:00,98.96486,98.98486,98.92004,98.94004,1000
2026-01-30T15:38:00-05:00,98.99699,99.01699,98.93933,98.95933,1000
2026-01-30T15:39:00-05:00,99.02979,99.04979,98.96345,98.98345,1000
2026-01-30T15:40:00-05:00,99.06275,99.08275,98.99282,99.01282,1000
2026-01-30T15:41:00-05:00,99.09559,99.11559,99.02756,99.04756,1000
2026-01-30T15:42:00-05:00,99.12834,99.14834,99.06751,99.08751,1000
2026-01-30T15:43:00-05:00,99.16134,99.18134,99.11220,99.13220,1000
2026-01-30T15:44:00-05:00,99.19514,99.21514,99.16089,99.18089,1000
2026-01-30T15:45:00-05:00,99.23048,99.25270,99.21048,99.23270,1000
2026-01-30T15:46:00-05:00,99.26817,99.30662,99.24817,99.28662,1000
2026-01-30T15:47:00-05:00,99.30903,99.36166,99.28903,99.34166,1000
2026-01-30T15:48:00-05:00,99.35373,99.41696,99.33373,99.39696,1000
2026-01-30T15:49:00-05:00,99.40276,99.47183,99.38276,99.45183,1000
2026-01-30T15:50:00-05:00,99.45633,99.52584,99.43633,99.50584,1000
2026-01-30T15:51:00-05:00,99.51436,99.57886,99.49436,99.55886,1000
2026-01-30T15:52:00-05:00,99.57647,99.63106,99.55647,99.61106,1000
2026-01-30T15:53:00-05:00,99.64200,99.68286,99.62200,99.66286,1000
2026-01-30T15:54:00-05:00,99.71007,99.73492,99.69007,99.71492,1000
2026-01-30T15:55:00-05:00,99.77969,99.79969,99.74799,99.76799,1000
2026-01-30T15:56:00-05:00,99.84983,99.86983,99.80286,99.82286,1000
2026-01-30T15:57:00-05:00,99.91951,99.93951,99.86025,99.88025,1000
2026-01-30T15:58:00-05:00,99.98794,100.00794,99.92072,99.94072,1000
2026-01-30T15:59:00-05:00,100.05456,100.07456,99.98456,100.00456,1000
2026-02-02T09:30:00-05:00,100.11908,100.13908,100.05181,100.07181,1000
2026-02-02T09:31:00-05:00,100.18153,100.20153,100.12220,100.14220,1000
2026-02-02T09:32:00-05:00,100.24221,100.26221,100.19514,100.21514,1000
2026-02-02T09:33:00-05:00,100.30166,100.32166,100.26984,100.28984,1000
2026-02-02T09:34:00-05:00,100.36059,100.38532,100.34059,100.36532,1000
2026-02-02T09:35:00-05:00,100.41979,100.46054,100.39979,100.44054,1000
2026-02-02T09:36:00-05:00,100.48001,100.53450,100.46001,100.51450,1000
2026-02-02T09:37:00-05:00,100.54186,100.60630,100.52186,100.58630,1000
2026-02-02T09:38:00-05:00,100.60577,100.67526,100.58577,100.65526,1000
2026-02-02T09:39:00-05:00,100.67189,100.74098,100.65189,100.72098,1000
2026-02-02T09:40:00-05:00,100.74006,100.80335,100.72006,100.78335,1000
2026-02-02T09:41:00-05:00,100.80983,100.86256,100.78983,100.84256,1000
2026-02-02T09:42:00-05:00,100.88051,100.91907,100.86051,100.89907,1000
2026-02-02T09:43:00-05:00,100.95119,100.97354,100.93119,100.95354,1000
2026-02-02T09:44:00-05:00,101.02085,101.04085,100.98672,101.00672,1000
2026-02-02T09:45:00-05:00,101.08846,101.10846,101.03942,101.05942,1000
2026-02-02T09:46:00-05:00,101.15310,101.17310,101.09234,101.11234,1000
2026-02-02T09:47:00-05:00,101.21399,101.23399,101.14600,101.16600,1000
2026-02-02T09:48:00-05:00,101.27063,101.29063,101.20069,101.22069,1000
2026-02-02T09:49:00-05:00,101.32281,101.34281,101.25642,101.27642,1000
2026-02-02T09:50:00-05:00,101.37061,101.39061,101.31287,101.33287,1000
2026-02-02T09:51:00-05:00,101.41440,101.43440,101.36948,101.38948,1000
2026-02-02T09:52:00-05:00,101.45481,101.47481,101.42543,101.44543,1000
2026-02-02T09:53:00-05:00,101.49258,101.51979,101.47258,101.49979,1000
2026-02-02T09:54:00-05:00,101.52854,101.57154,101.50854,101.55154,1000
2026-02-02T09:55:00-05:00,101.56348,101.61974,101.54348,101.59974,1000
2026-02-02T09:56:00-05:00,101.59803,101.66357,101.57803,101.64357,1000
2026-02-02T09:57:00-05:00,101.63265,101.70244,101.61265,101.68244,1000
2026-02-02T09:58:00-05:00,101.66748,101.73604,101.64748,101.71604,1000
2026-02-02T09:59:00-05:00,101.70240,101.76439,101.68240,101.74439,1000
2026-02-02T10:00:00-05:00,101.73698,101.78777,101.71698,101.76777,1000
2026-02-02T10:01:00-05:00,101.77054,101.80675,101.75054,101.78675,1000
2026-02-02T10:02:00-05:00,101.80224,101.82224,101.78208,101.80208,1000
2026-02-02T10:03:00-05:00,101.83112,101.85112,101.79461,101.81461,1000
2026-02-02T10:04:00-05:00,101.85624,101.87624,101.80520,101.82520,1000
2026-02-02T10:05:00-05:00,101.87677,101.89677,101.81461,101.83461,1000
2026-02-02T10:06:00-05:00,101.89207,101.91207,101.82343,101.84343,1000
2026-02-02T10:07:00-05:00,101.90175,101.92175,101.83199,101.85199,1000
2026-02-02T10:08:00-05:00,101.90573,101.92573,101.84033,101.86033,1000
2026-02-02T10:09:00-05:00,101.90424,101.92424,101.84820,101.86820,1000
2026-02-02T10:10:00-05:00,101.89780,101.91780,101.85507,101.87507,1000
2026-02-02T10:11:00-05:00,101.88712,101.90712,101.86022,101.88022,1000
2026-02-02T10:12:00-05:00,101.87308,101.90276,101.85308,101.88276,1000
2026-02-02T10:13:00-05:00,101.85661,101.90181,101.83661,101.88181,1000
2026-02-02T10:14:00-05:00,101.83858,101.89652,101.81858,101.87652,1000
2026-02-02T10:15:00-05:00,101.81970,101.88621,101.79970,101.86621,1000
2026-02-02T10:16:00-05:00,101.80048,101.87043,101.78048,101.85043,1000
2026-02-02T10:17:00-05:00,101.78113,101.84903,101.76113,101.82903,1000
2026-02-02T10:18:00-05:00,101.76159,101.82216,101.74159,101.80216,1000
2026-02-02T10:19:00-05:00,101.74148,101.79026,101.72148,101.77026,1000
2026-02-02T10:20:00-05:00,101.72022,101.75404,101.70022,101.73404,1000
2026-02-02T10:21:00-05:00,101.69703,101.71703,101.67436,101.69436,1000
2026-02-02T10:22:00-05:00,101.67106,101.69106,101.63220,101.65220,1000
2026-02-02T10:23:00-05:00,101.64148,101.66148,101.58851,101.60851,1000
2026-02-02T10:24:00-05:00,101.60759,101.62759,101.54414,101.56414,1000
2026-02-02T10:25:00-05:00,101.56889,101.58889,101.49973,101.51973,1000
2026-02-02T10:26:00-05:00,101.52513,101.54513,101.45568,101.47568,1000
2026-02-02T10:27:00-05:00,101.47638,101.49638,101.41209,101.43209,1000
2026-02-02T10:28:00-05:00,101.42302,101.44302,101.36876,101.38876,1000
2026-02-02T10:29:00-05:00,101.36569,101.38569,101.32523,101.34523,1000
2026-02-02T10:30:00-05:00,101.30524,101.32524,101.28083,101.30083,1000
2026-02-02T10:31:00-05:00,101.24266,101.27479,101.22266,101.25479,1000
2026-02-02T10:32:00-05:00,101.17896,101.22629,101.15896,101.20629,1000
2026-02-02T10:33:00-05:00,101.11508,101.17460,101.09508,101.15460,1000
2026-02-02T10:34:00-05:00,101.05180,101.11917,101.03180,101.09917,1000
2026-02-02T10:35:00-05:00,100.98967,101.05967,100.96967,101.03967,1000
2026-02-02T10:36:00-05:00,100.92894,100.99607,100.90894,100.97607,1000
2026-02-02T10:37:00-05:00,100.86959,100.92865,100.84959,100.90865,1000
2026-02-02T10:38:00-05:00,100.81128,100.85797,100.79128,100.83797,1000
2026-02-02T10:39:00-05:00,100.75345,100.78484,100.73345,100.76484,1000
2026-02-02T10:40:00-05:00,100.69539,100.71539,100.67023,100.69023,1000
2026-02-02T10:41:00-05:00,100.63632,100.65632,100.59517,100.61517,1000
2026-02-02T10:42:00-05:00,100.57547,100.59547,100.52066,100.54066,1000
2026-02-02T10:43:00-05:00,100.51224,100.53224,100.44760,100.46760,1000
2026-02-02T10:44:00-05:00,100.44620,100.46620,100.37665,100.39665,1000
2026-02-02T10:45:00-05:00,100.37722,100.39722,100.30821,100.32821,1000
2026-02-02T10:46:00-05:00,100.30545,100.32545,100.24238,100.26238,1000
2026-02-02T10:47:00-05:00,100.23137,100.25137,100.17897,100.19897,1000
2026-02-02T10:48:00-05:00,100.15568,100.17568,100.11753,100.13753,1000
2026-02-02T10:49:00-05:00,100.07930,100.09930,100.05739,100.07739,1000
2026-02-02T10:50:00-05:00,100.00325,100.03780,99.98325,100.01780,1000
2026-02-02T10:51:00-05:00,99.92858,99.97798,99.90858,99.95798,1000
2026-02-02T10:52:00-05:00,99.85622,99.91724,99.83622,99.89724,1000
2026-02-02T10:53:00-05:00,99.78695,99.85507,99.76695,99.83507,1000
2026-02-02T10:54:00-05:00,99.72128,99.79120,99.70128,99.77120,1000
2026-02-02T10:55:00-05:00,99.65944,99.72566,99.63944,99.70566,1000
2026-02-02T10:56:00-05:00,99.60134,99.65878,99.58134,99.63878,1000
2026-02-02T10:57:00-05:00,99.54662,99.59116,99.52662,99.57116,1000
2026-02-02T10:58:00-05:00,99.49469,99.52363,99.47469,99.50363,1000
2026-02-02T10:59:00-05:00,99.44481,99.46481,99.41716,99.43716,1000
2026-02-02T11:00:00-05:00,99.39617,99.41617,99.35277,99.37277,1000
2026-02-02T11:01:00-05:00,99.34802,99.36802,99.29145,99.31145,1000
2026-02-02T11:02:00-05:00,99.29973,99.31973,99.23402,99.25402,1000
2026-02-02T11:03:00-05:00,99.25092,99.27092,99.18109,99.20109,1000
2026-02-02T11:04:00-05:00,99.20144,99.22144,99.13299,99.15299,1000
2026-02-02T11:05:00-05:00,99.15148,99.17148,99.08973,99.10973,1000
2026-02-02T11:06:00-05:00,99.10149,99.12149,99.05104,99.07104,1000
2026-02-02T11:07:00-05:00,99.05217,99.07217,99.01638,99.03638,1000
2026-02-02T11:08:00-05:00,99.00443,99.02503,98.98443,99.00503,1000
2026-02-02T11:09:00-05:00,98.95923,98.99616,98.93923,98.97616,1000
2026-02-02T11:10:00-05:00,98.91756,98.96895,98.89756,98.94895,1000
2026-02-02T11:11:00-05:00,98.88027,98.94267,98.86027,98.92267,1000
2026-02-02T11:12:00-05:00,98.84804,98.91677,98.82804,98.89677,1000
2026-02-02T11:13:00-05:00,98.82126,98.89097,98.80126,98.87097,1000
2026-02-02T11:14:00-05:00,98.80006,98.86527,98.78006,98.84527,1000
2026-02-02T11:15:00-05:00,98.78423,98.83996,98.76423,98.81996,1000
2026-02-02T11:16:00-05:00,98.77328,98.81561,98.75328,98.79561,1000
2026-02-02T11:17:00-05:00,98.76653,98.79299,98.74653,98.77299,1000
2026-02-02T11:18:00-05:00,98.76312,98.78312,98.73300,98.75300,1000
2026-02-02T11:19:00-05:00,98.76217,98.78217,98.71659,98.73659,1000
2026-02-02T11:20:00-05:00,98.76286,98.78286,98.70463,98.72463,1000
2026-02-02T11:21:00-05:00,98.76449,98.78449,98.69782,98.71782,1000
2026-02-02T11:22:00-05:00,98.76661,98.78661,98.69664,98.71664,1000
2026-02-02T11:23:00-05:00,98.76905,98.78905,98.70128,98.72128,1000
2026-02-02T11:24:00-05:00,98.77193,98.79193,98.71161,98.73161,1000
2026-02-02T11:25:00-05:00,98.77564,98.79564,98.72722,98.74722,1000
2026-02-02T11:26:00-05:00,98.78082,98.80082,98.74743,98.76743,1000
2026-02-02T11:27:00-05:00,98.78829,98.81140,98.76829,98.79140,1000
2026-02-02T11:28:00-05:00,98.79893,98.83820,98.77893,98.81820,1000
2026-02-02T11:29:00-05:00,98.81360,98.86690,98.79360,98.84690,1000
2026-02-02T11:30:00-05:00,98.83302,98.89669,98.81302,98.87669,1000
2026-02-02T11:31:00-05:00,98.85774,98.92698,98.83774,98.90698,1000
2026-02-02T11:32:00-05:00,98.88801,98.95739,98.86801,98.93739,1000
2026-02-02T11:33:00-05:00,98.92379,98.98787,98.90379,98.96787,1000
2026-02-02T11:34:00-05:00,98.96472,99.01866,98.94472,98.99866,1000
2026-02-02T11:35:00-05:00,99.01019,99.05025,98.99019,99.03025,1000
2026-02-02T11:36:00-05:00,99.05937,99.08333,99.03937,99.06333,1000
2026-02-02T11:37:00-05:00,99.11129,99.13129,99.07873,99.09873,1000
2026-02-02T11:38:00-05:00,99.16497,99.18497,99.11727,99.13727,1000
2026-02-02T11:39:00-05:00,99.21949,99.23949,99.15970,99.17970,1000
2026-02-02T11:40:00-05:00,99.27411,99.29411,99.20660,99.22660,1000
2026-02-02T11:41:00-05:00,99.32831,99.34831,99.25831,99.27831,1000
2026-02-02T11:42:00-05:00,99.38185,99.40185,99.31488,99.33488,1000
2026-02-02T11:43:00-05:00,99.43481,99.45481,99.37602,99.39602,1000
2026-02-02T11:44:00-05:00,99.48752,99.50752,99.44121,99.46121,1000
2026-02-02T11:45:00-05:00,99.54059,99.56059,99.50963,99.52963,1000
2026-02-02T11:46:00-05:00,99.59473,99.62034,99.57473,99.60034,1000
2026-02-02T11:47:00-05:00,99.65076,99.69231,99.63076,99.67231,1000
2026-02-02T11:48:00-05:00,99.70942,99.76455,99.68942,99.74455,1000
2026-02-02T11:49:00-05:00,99.77136,99.83620,99.75136,99.81620,1000
2026-02-02T11:50:00-05:00,99.83699,99.90660,99.81699,99.88660,1000
2026-02-02T11:51:00-05:00,99.90644,99.97536,99.88644,99.95536,1000
2026-02-02T11:52:00-05:00,99.97956,100.04240,99.95956,100.02240,1000
2026-02-02T11:53:00-05:00,100.05588,100.10794,100.03588,100.08794,1000
2026-02-02T11:54:00-05:00,100.13469,100.17242,100.11469,100.15242,1000
2026-02-02T11:55:00-05:00,100.21506,100.23652,100.19506,100.21652,1000
2026-02-02T11:56:00-05:00,100.29597,100.31597,100.26100,100.28100,1000
2026-02-02T11:57:00-05:00,100.37639,100.39639,100.32664,100.34664,1000
2026-02-02T11:58:00-05:00,100.45537,100.47537,100.39410,100.41410,1000
2026-02-02T11:59:00-05:00,100.53214,100.55214,100.46391,100.48391,1000
2026-02-02T12:00:00-05:00,100.60620,100.62620,100.53631,100.55631,1000
2026-02-02T12:01:00-05:00,100.67731,100.69731,100.61125,100.63125,1000
2026-02-02T12:02:00-05:00,100.74555,100.76555,100.68840,100.70840,1000
2026-02-02T12:03:00-05:00,100.81130,100.83130,100.76714,100.78714,1000
2026-02-02T12:04:00-05:00,100.87513,100.89513,100.84663,100.86663,1000
2026-02-02T12:05:00-05:00,100.93777,100.96586,100.91777,100.94586,1000
2026-02-02T12:06:00-05:00,101.00002,101.04381,100.98002,101.02381,1000
2026-02-02T12:07:00-05:00,101.06261,101.11948,101.04261,101.09948,1000
2026-02-02T12:08:00-05:00,101.12614,101.19203,101.10614,101.17203,1000
2026-02-02T12:09:00-05:00,101.19098,101.26084,101.17098,101.24084,1000
2026-02-02T12:10:00-05:00,101.25723,101.32557,101.23723,101.30557,1000
2026-02-02T12:11:00-05:00,101.32470,101.38620,101.30470,101.36620,1000
2026-02-02T12:12:00-05:00,101.39290,101.44299,101.37290,101.42299,1000
2026-02-02T12:13:00-05:00,101.46107,101.49644,101.44107,101.47644,1000
2026-02-02T12:14:00-05:00,101.52832,101.54832,101.50728,101.52728,1000
2026-02-02T12:15:00-05:00,101.59363,101.61363,101.55629,101.57629,1000
2026-02-02T12:16:00-05:00,101.65600,101.67600,101.60427,101.62427,1000
2026-02-02T12:17:00-05:00,101.71455,101.73455,101.65192,101.67192,1000
2026-02-02T12:18:00-05:00,101.76858,101.78858,101.69975,101.71975,1000
2026-02-02T12:19:00-05:00,101.81766,101.83766,101.74800,101.76800,1000
2026-02-02T12:20:00-05:00,101.86167,101.88167,101.79665,101.81665,1000
2026-02-02T12:21:00-05:00,101.90078,101.92078,101.84535,101.86535,1000
2026-02-02T12:22:00-05:00,101.93544,101.95544,101.89351,101.91351,1000
2026-02-02T12:23:00-05:00,101.96633,101.98633,101.94031,101.96031,1000
2026-02-02T12:24:00-05:00,101.99425,102.02480,101.97425,102.00480,1000
2026-02-02T12:25:00-05:00,102.02007,102.06603,102.00007,102.04603,1000
2026-02-02T12:26:00-05:00,102.04457,102.10308,102.02457,102.08308,1000
2026-02-02T12:27:00-05:00,102.06839,102.13521,102.04839,102.11521,1000
2026-02-02T12:28:00-05:00,102.09195,102.16193,102.07195,102.14193,1000
2026-02-02T12:29:00-05:00,102.11538,102.18302,102.09538,102.16302,1000
2026-02-02T12:30:00-05:00,102.13852,102.19857,102.11852,102.17857,1000
2026-02-02T12:31:00-05:00,102.16092,102.20897,102.14092,102.18897,1000
2026-02-02T12:32:00-05:00,102.18191,102.21488,102.16191,102.19488,1000
2026-02-02T12:33:00-05:00,102.20063,102.22063,102.17708,102.19708,1000
2026-02-02T12:34:00-05:00,102.21617,102.23617,102.17650,102.19650,1000
2026-02-02T12:35:00-05:00,102.22763,102.24763,102.17400,102.19400,1000
2026-02-02T12:36:00-05:00,102.23424,102.25424,102.17036,102.19036,1000
2026-02-02T12:37:00-05:00,102.23545,102.25545,102.16614,102.18614,1000
2026-02-02T12:38:00-05:00,102.23097,102.25097,102.16167,102.18167,1000
2026-02-02T12:39:00-05:00,102.22082,102.24082,102.15695,102.17695,1000
2026-02-02T12:40:00-05:00,102.20532,102.22532,102.15171,102.17171,1000
2026-02-02T12:41:00-05:00,102.18506,102.20506,102.14541,102.16541,1000
2026-02-02T12:42:00-05:00,102.16085,102.18085,102.13732,102.15732,1000
2026-02-02T12:43:00-05:00,102.13361,102.16660,102.11361,102.14660,1000
2026-02-02T12:44:00-05:00,102.10430,102.15237,102.08430,102.13237,1000
2026-02-02T12:45:00-05:00,102.07380,102.13387,102.05380,102.11387,1000
2026-02-02T12:46:00-05:00,102.04283,102.11048,102.02283,102.09048,1000
2026-02-02T12:47:00-05:00,102.01186,102.08184,101.99186,102.06184,1000
2026-02-02T12:48:00-05:00,101.98109,102.04791,101.96109,102.02791,1000
2026-02-02T12:49:00-05:00,101.95041,102.00891,101.93041,101.98891,1000
2026-02-02T12:50:00-05:00,101.91945,101.96539,101.89945,101.94539,1000
2026-02-02T12:51:00-05:00,101.88759,101.91811,101.86759,101.89811,1000
2026-02-02T12:52:00-05:00,101.85406,101.87406,101.82802,101.84802,1000
2026-02-02T12:53:00-05:00,101.81805,101.83805,101.77610,101.79610,1000
2026-02-02T12:54:00-05:00,101.77877,101.79877,101.72333,101.74333,1000
2026-02-02T12:55:00-05:00,101.73558,101.75558,101.67055,101.69055,1000
2026-02-02T12:56:00-05:00,101.68805,101.70805,101.61839,101.63839,1000
2026-02-02T12:57:00-05:00,101.63603,101.65603,101.56720,101.58720,1000
2026-02-02T12:58:00-05:00,101.57967,101.59967,101.51705,101.53705,1000
2026-02-02T12:59:00-05:00,101.51942,101.53942,101.46771,101.48771,1000
2026-02-02T13:00:00-05:00,101.45600,101.47600,101.41868,101.43868,1000
2026-02-02T13:01:00-05:00,101.39033,101.41033,101.36930,101.38930,1000
2026-02-02T13:02:00-05:00,101.32340,101.35879,101.30340,101.33879,1000
2026-02-02T13:03:00-05:00,101.25625,101.30636,101.23625,101.28636,1000
2026-02-02T13:04:00-05:00,101.18982,101.25133,101.16982,101.23133,1000
2026-02-02T13:05:00-05:00,101.12485,101.19319,101.10485,101.17319,1000
2026-02-02T13:06:00-05:00,101.06184,101.13170,101.04184,101.11170,1000
2026-02-02T13:07:00-05:00,101.00102,101.06690,100.98102,101.04690,1000
2026-02-02T13:08:00-05:00,100.94229,100.99914,100.92229,100.97914,1000
2026-02-02T13:09:00-05:00,100.88527,100.92904,100.86527,100.90904,1000
2026-02-02T13:10:00-05:00,100.82940,100.85746,100.80940,100.83746,1000
2026-02-02T13:11:00-05:00,100.77392,100.79392,100.74539,100.76539,1000
2026-02-02T13:12:00-05:00,100.71806,100.73806,100.67388,100.69388,1000
2026-02-02T13:13:00-05:00,100.66108,100.68108,100.60392,100.62392,1000
2026-02-02T13:14:00-05:00,100.60241,100.62241,100.53635,100.55635,1000
2026-02-02T13:15:00-05:00,100.54168,100.56168,100.47179,100.49179,1000
2026-02-02T13:16:00-05:00,100.47882,100.49882,100.41059,100.43059,1000
2026-02-02T13:17:00-05:00,100.41403,100.43403,100.35278,100.37278,1000
2026-02-02T13:18:00-05:00,100.34784,100.36784,100.29811,100.31811,1000
2026-02-02T13:19:00-05:00,100.28100,100.30100,100.24605,100.26605,1000
2026-02-02T13:20:00-05:00,100.21445,100.23594,100.19445,100.21594,1000
2026-02-02T13:21:00-05:00,100.14921,100.18697,100.12921,100.16697,1000
2026-02-02T13:22:00-05:00,100.08630,100.13838,100.06630,100.11838,1000
2026-02-02T13:23:00-05:00,100.02663,100.08949,100.00663,100.06949,1000
2026-02-02T13:24:00-05:00,99.97089,100.03982,99.95089,100.01982,1000
2026-02-02T13:25:00-05:00,99.91954,99.98915,99.89954,99.96915,1000
2026-02-02T13:26:00-05:00,99.87272,99.93755,99.85272,99.91755,1000
2026-02-02T13:27:00-05:00,99.83027,99.88539,99.81027,99.86539,1000
2026-02-02T13:28:00-05:00,99.79176,99.83329,99.77176,99.81329,1000
2026-02-02T13:29:00-05:00,99.75654,99.78212,99.73654,99.76212,1000
2026-02-02T13:30:00-05:00,99.72381,99.74381,99.69283,99.71283,1000
2026-02-02T13:31:00-05:00,99.69277,99.71277,99.64643,99.66643,1000
2026-02-02T13:32:00-05:00,99.66264,99.68264,99.60385,99.62385,1000
2026-02-02T13:33:00-05:00,99.63282,99.65282,99.56584,99.58584,1000
2026-02-02T13:34:00-05:00,99.60294,99.62294,99.53295,99.55295,1000
2026-02-02T13:35:00-05:00,99.57291,99.59291,99.50540,99.52540,1000
2026-02-02T13:36:00-05:00,99.54291,99.56291,99.48313,99.50313,1000
2026-02-02T13:37:00-05:00,99.51345,99.53345,99.46577,99.48577,1000
2026-02-02T13:38:00-05:00,99.48524,99.50524,99.45270,99.47270,1000
2026-02-02T13:39:00-05:00,99.45917,99.48315,99.43917,99.46315,1000
2026-02-02T13:40:00-05:00,99.43618,99.47626,99.41618,99.45626,1000
2026-02-02T13:41:00-05:00,99.41721,99.47117,99.39721,99.45117,1000
2026-02-02T13:42:00-05:00,99.40306,99.46715,99.38306,99.44715,1000
2026-02-02T13:43:00-05:00,99.39431,99.46369,99.37431,99.44369,1000
2026-02-02T13:44:00-05:00,99.39127,99.46050,99.37127,99.44050,1000
2026-02-02T13:45:00-05:00,99.39396,99.45762,99.37396,99.43762,1000
2026-02-02T13:46:00-05:00,99.40207,99.45536,99.38207,99.43536,1000
2026-02-02T13:47:00-05:00,99.41505,99.45430,99.39505,99.43430,1000
2026-02-02T13:48:00-05:00,99.43213,99.45521,99.41213,99.43521,1000
2026-02-02T13:49:00-05:00,99.45239,99.47239,99.41898,99.43898,1000
2026-02-02T13:50:00-05:00,99.47494,99.49494,99.42651,99.44651,1000
2026-02-02T13:51:00-05:00,99.49892,99.51892,99.43860,99.45860,1000
2026-02-02T13:52:00-05:00,99.52366,99.54366,99.45588,99.47588,1000
2026-02-02T13:53:00-05:00,99.54872,99.56872,99.47875,99.49875,1000
2026-02-02T13:54:00-05:00,99.57394,99.59394,99.50728,99.52728,1000
2026-02-02T13:55:00-05:00,99.59947,99.61947,99.54126,99.56126,1000
2026-02-02T13:56:00-05:00,99.62573,99.64573,99.58017,99.60017,1000
2026-02-02T13:57:00-05:00,99.65337,99.67337,99.62327,99.64327,1000
2026-02-02T13:58:00-05:00,99.68317,99.70966,99.66317,99.68966,1000
2026-02-02T13:59:00-05:00,99.71600,99.75835,99.69600,99.73835,1000
2026-02-02T14:00:00-05:00,99.75266,99.80842,99.73266,99.78842,1000
2026-02-02T14:01:00-05:00,99.79382,99.85904,99.77382,99.83904,1000
2026-02-02T14:02:00-05:00,99.83993,99.90964,99.81993,99.88964,1000
2026-02-02T14:03:00-05:00,99.89115,99.95988,99.87115,99.93988,1000
2026-02-02T14:04:00-05:00,99.94734,100.00972,99.92734,99.98972,1000
2026-02-02T14:05:00-05:00,100.00807,100.05944,99.98807,100.03944,1000
2026-02-02T14:06:00-05:00,100.07264,100.10955,100.05264,100.08955,1000
2026-02-02T14:07:00-05:00,100.14016,100.16073,100.12016,100.14073,1000
2026-02-02T14:08:00-05:00,100.20962,100.22962,100.17381,100.19381,1000
2026-02-02T14:09:00-05:00,100.28002,100.30002,100.22956,100.24956,1000
2026-02-02T14:10:00-05:00,100.35045,100.37045,100.28869,100.30869,1000
2026-02-02T14:11:00-05:00,100.42017,100.44017,100.35172,100.37172,1000
2026-02-02T14:12:00-05:00,100.48871,100.50871,100.41889,100.43889,1000
2026-02-02T14:13:00-05:00,100.55587,100.57587,100.49016,100.51016,1000
2026-02-02T14:14:00-05:00,100.62175,100.64175,100.56520,100.58520,1000
2026-02-02T14:15:00-05:00,100.68675,100.70675,100.64337,100.66337,1000
2026-02-02T14:16:00-05:00,100.75146,100.77146,100.72383,100.74383,1000
2026-02-02T14:17:00-05:00,100.81662,100.84558,100.79662,100.82558,1000
2026-02-02T14:18:00-05:00,100.88302,100.92758,100.86302,100.90758,1000
2026-02-02T14:19:00-05:00,100.95140,101.00886,100.93140,100.98886,1000
2026-02-02T14:20:00-05:00,101.02232,101.08855,101.00232,101.06855,1000
2026-02-02T14:21:00-05:00,101.09615,101.16607,101.07615,101.14607,1000
2026-02-02T14:22:00-05:00,101.17295,101.24106,101.15295,101.22106,1000
2026-02-02T14:23:00-05:00,101.25250,101.31350,101.23250,101.29350,1000
2026-02-02T14:24:00-05:00,101.33427,101.38365,101.31427,101.36365,1000
2026-02-02T14:25:00-05:00,101.41749,101.45201,101.39749,101.43201,1000
2026-02-02T14:26:00-05:00,101.50120,101.52120,101.47928,101.49928,1000
2026-02-02T14:27:00-05:00,101.58439,101.60439,101.54622,101.56622,1000
2026-02-02T14:28:00-05:00,101.66601,101.68601,101.61360,101.63360,1000
2026-02-02T14:29:00-05:00,101.74516,101.76516,101.68208,101.70208,1000
2026-02-02T14:30:00-05:00,101.82112,101.84112,101.75211,101.77211,1000
2026-02-02T14:31:00-05:00,101.89344,101.91344,101.82389,101.84389,1000
2026-02-02T14:32:00-05:00,101.96197,101.98197,101.89734,101.91734,1000
2026-02-02T14:33:00-05:00,102.02685,102.04685,101.97206,101.99206,1000
2026-02-02T14:34:00-05:00,102.08851,102.10851,102.04738,102.06738,1000
2026-02-02T14:35:00-05:00,102.14757,102.16757,102.12243,102.14243,1000
2026-02-02T14:36:00-05:00,102.20481,102.23623,102.18481,102.21623,1000
2026-02-02T14:37:00-05:00,102.26103,102.30774,102.24103,102.28774,1000
2026-02-02T14:38:00-05:00,102.31695,102.37602,102.29695,102.35602,1000
2026-02-02T14:39:00-05:00,102.37316,102.44029,102.35316,102.42029,1000
2026-02-02T14:40:00-05:00,102.42998,102.49998,102.40998,102.47998,1000
2026-02-02T14:41:00-05:00,102.48749,102.55486,102.46749,102.53486,1000
2026-02-02T14:42:00-05:00,102.54545,102.60496,102.52545,102.58496,1000
2026-02-02T14:43:00-05:00,102.60332,102.65064,102.58332,102.63064,1000
2026-02-02T14:44:00-05:00,102.66036,102.69247,102.64036,102.67247,1000
2026-02-02T14:45:00-05:00,102.71564,102.73564,102.69121,102.71121,1000
2026-02-02T14:46:00-05:00,102.76818,102.78818,102.72770,102.74770,1000
2026-02-02T14:47:00-05:00,102.81702,102.83702,102.76274,102.78274,1000
2026-02-02T14:48:00-05:00,102.86133,102.88133,102.79703,102.81703,1000
2026-02-02T14:49:00-05:00,102.90051,102.92051,102.83106,102.85106,1000
2026-02-02T14:50:00-05:00,102.93420,102.95420,102.86505,102.88505,1000
2026-02-02T14:51:00-05:00,102.96237,102.98237,102.89893,102.91893,1000
2026-02-02T14:52:00-05:00,102.98530,103.00530,102.93234,102.95234,1000
2026-02-02T14:53:00-05:00,103.00350,103.02350,102.96467,102.98467,1000
2026-02-02T14:54:00-05:00,103.01774,103.03774,102.99510,103.01510,1000
2026-02-02T14:55:00-05:00,103.02886,103.06270,103.00886,103.04270,1000
2026-02-02T14:56:00-05:00,103.03775,103.08655,103.01775,103.06655,1000
2026-02-02T14:57:00-05:00,103.04521,103.10580,103.02521,103.08580,1000
2026-02-02T14:58:00-05:00,103.05188,103.11979,103.03188,103.09979,1000
2026-02-02T14:59:00-05:00,103.05815,103.12811,103.03815,103.10811,1000
2026-02-02T15:00:00-05:00,103.06414,103.13064,103.04414,103.11064,1000
2026-02-02T15:01:00-05:00,103.06965,103.12758,103.04965,103.10758,1000
2026-02-02T15:02:00-05:00,103.07422,103.11941,103.05422,103.09941,1000
2026-02-02T15:03:00-05:00,103.07717,103.10684,103.05717,103.08684,1000
2026-02-02T15:04:00-05:00,103.07767,103.09767,103.05075,103.07075,1000
2026-02-02T15:05:00-05:00,103.07481,103.09481,103.03207,103.05207,1000
2026-02-02T15:06:00-05:00,103.06778,103.08778,103.01172,103.03172,1000
2026-02-02T15:07:00-05:00,103.05586,103.07586,102.99045,103.01045,1000
2026-02-02T15:08:00-05:00,103.03860,103.05860,102.96884,102.98884,1000
2026-02-02T15:09:00-05:00,103.01578,103.03578,102.94716,102.96716,1000
2026-02-02T15:10:00-05:00,102.98755,103.00755,102.92540,102.94540,1000
2026-02-02T15:11:00-05:00,102.95429,102.97429,102.90327,102.92327,1000
2026-02-02T15:12:00-05:00,102.91670,102.93670,102.88022,102.90022,1000
2026-02-02T15:13:00-05:00,102.87565,102.89565,102.85551,102.87551,1000
2026-02-02T15:14:00-05:00,102.83209,102.86832,102.81209,102.84832,1000
2026-02-02T15:15:00-05:00,102.78702,102.83783,102.76702,102.81783,1000
2026-02-02T15:16:00-05:00,102.74132,102.80332,102.72132,102.78332,1000
2026-02-02T15:17:00-05:00,102.69569,102.76425,102.67569,102.74425,1000
2026-02-02T15:18:00-05:00,102.65058,102.72036,102.63058,102.70036,1000
2026-02-02T15:19:00-05:00,102.60615,102.67167,102.58615,102.65167,1000
2026-02-02T15:20:00-05:00,102.56228,102.61853,102.54228,102.59853,1000
2026-02-02T15:21:00-05:00,102.51854,102.56153,102.49854,102.54153,1000
2026-02-02T15:22:00-05:00,102.47433,102.50152,102.45433,102.48152,1000
2026-02-02T15:23:00-05:00,102.42886,102.44886,102.39947,102.41947,1000
2026-02-02T15:24:00-05:00,102.38136,102.40136,102.33641,102.35641,1000
2026-02-02T15:25:00-05:00,102.33107,102.35107,102.27332,102.29332,1000
2026-02-02T15:26:00-05:00,102.27741,102.29741,102.21101,102.23101,1000
2026-02-02T15:27:00-05:00,102.22002,102.24002,102.15008,102.17008,1000
2026-02-02T15:28:00-05:00,102.15883,102.17883,102.09084,102.11084,1000
2026-02-02T15:29:00-05:00,102.09407,102.11407,102.03332,102.05332,1000
2026-02-02T15:30:00-05:00,102.02627,102.04627,101.97724,101.99724,1000
2026-02-02T15:31:00-05:00,101.95619,101.97619,101.92209,101.94209,1000
2026-02-02T15:32:00-05:00,101.88480,101.90717,101.86480,101.88717,1000
2026-02-02T15:33:00-05:00,101.81312,101.85170,101.79312,101.83170,1000
2026-02-02T15:34:00-05:00,101.74217,101.79492,101.72217,101.77492,1000
2026-02-02T15:35:00-05:00,101.67288,101.73619,101.65288,101.71619,1000
2026-02-02T15:36:00-05:00,101.60595,101.67505,101.58595,101.65505,1000
2026-02-02T15:37:00-05:00,101.54182,101.61131,101.52182,101.59131,1000
2026-02-02T15:38:00-05:00,101.48066,101.54509,101.46066,101.52509,1000
2026-02-02T15:39:00-05:00,101.42232,101.47680,101.40232,101.45680,1000
2026-02-02T15:40:00-05:00,101.36637,101.40710,101.34637,101.38710,1000
2026-02-02T15:41:00-05:00,101.31220,101.33690,101.29220,101.31690,1000
2026-02-02T15:42:00-05:00,101.25903,101.27903,101.22719,101.24719,1000
2026-02-02T15:43:00-05:00,101.20610,101.22610,101.15901,101.17901,1000
2026-02-02T15:44:00-05:00,101.15268,101.17268,101.09333,101.11333,1000
2026-02-02T15:45:00-05:00,101.09822,101.11822,101.03095,101.05095,1000
2026-02-02T15:46:00-05:00,101.04241,101.06241,100.97241,100.99241,1000
2026-02-02T15:47:00-05:00,100.98522,101.00522,100.91800,100.93800,1000
2026-02-02T15:48:00-05:00,100.92690,100.94690,100.86766,100.88766,1000
2026-02-02T15:49:00-05:00,100.86802,100.88802,100.82108,100.84108,1000
2026-02-02T15:50:00-05:00,100.80936,100.82936,100.77768,100.79768,1000
2026-02-02T15:51:00-05:00,100.75186,100.77673,100.73186,100.75673,1000
2026-02-02T15:52:00-05:00,100.69655,100.73743,100.67655,100.71743,1000
2026-02-02T15:53:00-05:00,100.64439,100.69899,100.62439,100.67899,1000
2026-02-02T15:54:00-05:00,100.59624,100.66075,100.57624,100.64075,1000
2026-02-02T15:55:00-05:00,100.55274,100.62225,100.53274,100.60225,1000
2026-02-02T15:56:00-05:00,100.51425,100.58331,100.49425,100.56331,1000
2026-02-02T15:57:00-05:00,100.48082,100.54404,100.46082,100.52404,1000
2026-02-02T15:58:00-05:00,100.45221,100.50483,100.43221,100.48483,1000
2026-02-02T15:59:00-05:00,100.42792,100.46634,100.40792,100.44634,1000
2026-02-03T09:30:00-05:00,100.40722,100.42942,100.38722,100.40942,1000
2026-02-03T09:31:00-05:00,100.38929,100.40929,100.35503,100.37503,1000
2026-02-03T09:32:00-05:00,100.37329,100.39329,100.32413,100.34413,1000
2026-02-03T09:33:00-05:00,100.35844,100.37844,100.29759,100.31759,1000
2026-02-03T09:34:00-05:00,100.34414,100.36414,100.27611,100.29611,1000
2026-02-03T09:35:00-05:00,100.33006,100.35006,100.26012,100.28012,1000
2026-02-03T09:36:00-05:00,100.31611,100.33611,100.24977,100.26977,1000
2026-02-03T09:37:00-05:00,100.30253,100.32253,100.24489,100.26489,1000
2026-02-03T09:38:00-05:00,100.28982,100.30982,100.24503,100.26503,1000
2026-02-03T09:39:00-05:00,100.27872,100.29872,100.24949,100.26949,1000
2026-02-03T09:40:00-05:00,100.27008,100.29744,100.25008,100.27744,1000
2026-02-03T09:41:00-05:00,100.26484,100.30798,100.24484,100.28798,1000
2026-02-03T09:42:00-05:00,100.26387,100.32023,100.24387,100.30023,1000
2026-02-03T09:43:00-05:00,100.26789,100.33348,100.24789,100.31348,1000
2026-02-03T09:44:00-05:00,100.27740,100.34719,100.25740,100.32719,1000
2026-02-03T09:45:00-05:00,100.29261,100.36114,100.27261,100.34114,1000
2026-02-03T09:46:00-05:00,100.31345,100.37536,100.29345,100.35536,1000
2026-02-03T09:47:00-05:00,100.33952,100.39020,100.31952,100.37020,1000
2026-02-03T09:48:00-05:00,100.37017,100.40624,100.35017,100.38624,1000
2026-02-03T09:49:00-05:00,100.40457,100.42457,100.38426,100.40426,1000
2026-02-03T09:50:00-05:00,100.44176,100.46176,100.40511,100.42511,1000
2026-02-03T09:51:00-05:00,100.48080,100.50080,100.42964,100.44964,1000
2026-02-03T09:52:00-05:00,100.52084,100.54084,100.45860,100.47860,1000
2026-02-03T09:53:00-05:00,100.56122,100.58122,100.49255,100.51255,1000
2026-02-03T09:54:00-05:00,100.60152,100.62152,100.53178,100.55178,1000
2026-02-03T09:55:00-05:00,100.64160,100.66160,100.57626,100.59626,1000
2026-02-03T09:56:00-05:00,100.68165,100.70165,100.62570,100.64570,1000
2026-02-03T09:57:00-05:00,100.72209,100.74209,100.67950,100.69950,1000
2026-02-03T09:58:00-05:00,100.76359,100.78359,100.73684,100.75684,1000
2026-02-03T09:59:00-05:00,100.80693,100.83676,100.78693,100.81676,1000
2026-02-03T10:00:00-05:00,100.85294,100.89826,100.83294,100.87826,1000
2026-02-03T10:01:00-05:00,100.90236,100.96040,100.88236,100.94040,1000
2026-02-03T10:02:00-05:00,100.95580,101.02237,100.93580,101.00237,1000
2026-02-03T10:03:00-05:00,101.01364,101.08360,100.99364,101.06360,1000
2026-02-03T10:04:00-05:00,101.07594,101.14380,101.05594,101.12380,1000
2026-02-03T10:05:00-05:00,101.14249,101.20298,101.12249,101.18298,1000
2026-02-03T10:06:00-05:00,101.21277,101.26143,101.19277,101.24143,1000
2026-02-03T10:07:00-05:00,101.28601,101.31969,101.26601,101.29969,1000
2026-02-03T10:08:00-05:00,101.36128,101.38128,101.33846,101.35846,1000
2026-02-03T10:09:00-05:00,101.43753,101.45753,101.39854,101.41854,1000
2026-02-03T10:10:00-05:00,101.51377,101.53377,101.46069,101.48069,1000
2026-02-03T10:11:00-05:00,101.58908,101.60908,101.52556,101.54556,1000
2026-02-03T10:12:00-05:00,101.66278,101.68278,101.59360,101.61360,1000
2026-02-03T10:13:00-05:00,101.73441,101.75441,101.66499,101.68499,1000
2026-02-03T10:14:00-05:00,101.80385,101.82385,101.73962,101.75962,1000
2026-02-03T10:15:00-05:00,101.87124,101.89124,101.81708,101.83708,1000
2026-02-03T10:16:00-05:00,101.93700,101.95700,101.89668,101.91668,1000
2026-02-03T10:17:00-05:00,102.00178,102.02178,101.97752,101.99752,1000
2026-02-03T10:18:00-05:00,102.06631,102.09859,102.04631,102.07859,1000
2026-02-03T10:19:00-05:00,102.13139,102.17885,102.11139,102.15885,1000
2026-02-03T10:20:00-05:00,102.19771,102.25733,102.17771,102.23733,1000
2026-02-03T10:21:00-05:00,102.26581,102.33323,102.24581,102.31323,1000
2026-02-03T10:22:00-05:00,102.33599,102.40599,102.31599,102.38599,1000
2026-02-03T10:23:00-05:00,102.40827,102.47534,102.38827,102.45534,1000
2026-02-03T10:24:00-05:00,102.48235,102.54131,102.46235,102.52131,1000
2026-02-03T10:25:00-05:00,102.55766,102.60423,102.53766,102.58423,1000
2026-02-03T10:26:00-05:00,102.63340,102.66464,102.61340,102.64464,1000
2026-02-03T10:27:00-05:00,102.70859,102.72859,102.68328,102.70328,1000
2026-02-03T10:28:00-05:00,102.78221,102.80221,102.74092,102.76092,1000
2026-02-03T10:29:00-05:00,102.85325,102.87325,102.79833,102.81833,1000
2026-02-03T10:30:00-05:00,102.92086,102.94086,102.85615,102.87615,1000
2026-02-03T10:31:00-05:00,102.98437,103.00437,102.91480,102.93480,1000
2026-02-03T10:32:00-05:00,103.04341,103.06341,102.97443,102.99443,1000
2026-02-03T10:33:00-05:00,103.09791,103.11791,103.03491,103.05491,1000
2026-02-03T10:34:00-05:00,103.14809,103.16809,103.09581,103.11581,1000
2026-02-03T10:35:00-05:00,103.19444,103.21444,103.15643,103.17643,1000
2026-02-03T10:36:00-05:00,103.23765,103.25765,103.21589,103.23589,1000
2026-02-03T10:37:00-05:00,103.27852,103.31321,103.25852,103.29321,1000
2026-02-03T10:38:00-05:00,103.31787,103.36738,103.29787,103.34738,1000
2026-02-03T10:39:00-05:00,103.35643,103.41753,103.33643,103.39753,1000
2026-02-03T10:40:00-05:00,103.39476,103.46291,103.37476,103.44291,1000
2026-02-03T10:41:00-05:00,103.43317,103.50308,103.41317,103.48308,1000
2026-02-03T10:42:00-05:00,103.47169,103.53786,103.45169,103.51786,1000
2026-02-03T10:43:00-05:00,103.51005,103.56740,103.49005,103.54740,1000
2026-02-03T10:44:00-05:00,103.54771,103.59212,103.52771,103.57212,1000
2026-02-03T10:45:00-05:00,103.58389,103.61268,103.56389,103.59268,1000
2026-02-03T10:46:00-05:00,103.61769,103.63769,103.58989,103.60989,1000
2026-02-03T10:47:00-05:00,103.64814,103.66814,103.60461,103.62461,1000
2026-02-03T10:48:00-05:00,103.67435,103.69435,103.61769,103.63769,1000
2026-02-03T10:49:00-05:00,103.69556,103.71556,103.62979,103.64979,1000
2026-02-03T10:50:00-05:00,103.71124,103.73124,103.64140,103.66140,1000
2026-02-03T10:51:00-05:00,103.72114,103.74114,103.65273,103.67273,1000
2026-02-03T10:52:00-05:00,103.72533,103.74533,103.66367,103.68367,1000
2026-02-03T10:53:00-05:00,103.72416,103.74416,103.67384,103.69384,1000
2026-02-03T10:54:00-05:00,103.71826,103.73826,103.68261,103.70261,1000
2026-02-03T10:55:00-05:00,103.70843,103.72918,103.68843,103.70918,1000
2026-02-03T10:56:00-05:00,103.69558,103.73265,103.67558,103.71265,1000
2026-02-03T10:57:00-05:00,103.68062,103.73213,103.66062,103.71213,1000
2026-02-03T10:58:00-05:00,103.66437,103.72685,103.64437,103.70685,1000
2026-02-03T10:59:00-05:00,103.64745,103.71622,103.62745,103.69622,1000
2026-02-03T11:00:00-05:00,103.63024,103.69993,103.61024,103.67993,1000
2026-02-03T11:01:00-05:00,103.61282,103.67797,103.59282,103.65797,1000
2026-02-03T11:02:00-05:00,103.59498,103.65061,103.57498,103.63061,1000
2026-02-03T11:03:00-05:00,103.57625,103.61844,103.55625,103.59844,1000
2026-02-03T11:04:00-05:00,103.55593,103.58224,103.53593,103.56224,1000
2026-02-03T11:05:00-05:00,103.53321,103.55321,103.50294,103.52294,1000
2026-02-03T11:06:00-05:00,103.50723,103.52723,103.46152,103.48152,1000
2026-02-03T11:07:00-05:00,103.47721,103.49721,103.41889,103.43889,1000
2026-02-03T11:08:00-05:00,103.44253,103.46253,103.37581,103.39581,1000
2026-02-03T11:09:00-05:00,103.40280,103.42280,103.33283,103.35283,1000
2026-02-03T11:10:00-05:00,103.35793,103.37793,103.29020,103.31020,1000
2026-02-03T11:11:00-05:00,103.30811,103.32811,103.24789,103.26789,1000
2026-02-03T11:12:00-05:00,103.25386,103.27386,103.20557,103.22557,1000
2026-02-03T11:13:00-05:00,103.19592,103.21592,103.16267,103.18267,1000
2026-02-03T11:14:00-05:00,103.13522,103.15847,103.11522,103.13847,1000
2026-02-03T11:15:00-05:00,103.07276,103.11216,103.05276,103.09216,1000
2026-02-03T11:16:00-05:00,103.00955,103.06296,102.98955,103.04296,1000
2026-02-03T11:17:00-05:00,102.94645,103.01019,102.92645,102.99019,1000
2026-02-03T11:18:00-05:00,102.88415,102.95341,102.86415,102.93341,1000
2026-02-03T11:19:00-05:00,102.82307,102.89243,102.80307,102.87243,1000
2026-02-03T11:20:00-05:00,102.76333,102.82734,102.74333,102.80734,1000
2026-02-03T11:21:00-05:00,102.70475,102.75858,102.68475,102.73858,1000
2026-02-03T11:22:00-05:00,102.64689,102.68682,102.62689,102.66682,1000
2026-02-03T11:23:00-05:00,102.58912,102.61294,102.56912,102.59294,1000
2026-02-03T11:24:00-05:00,102.53067,102.55067,102.49797,102.51797,1000
2026-02-03T11:25:00-05:00,102.47076,102.49076,102.42293,102.44293,1000
2026-02-03T11:26:00-05:00,102.40868,102.42868,102.34879,102.36879,1000
2026-02-03T11:27:00-05:00,102.34390,102.36390,102.27634,102.29634,1000
2026-02-03T11:28:00-05:00,102.27613,102.29613,102.20614,102.22614,1000
2026-02-03T11:29:00-05:00,102.20537,102.22537,102.13845,102.15845,1000
2026-02-03T11:30:00-05:00,102.13191,102.15191,102.07323,102.09323,1000
2026-02-03T11:31:00-05:00,102.05635,102.07635,102.01015,102.03015,1000
2026-02-03T11:32:00-05:00,101.97949,101.99949,101.94867,101.96867,1000
2026-02-03T11:33:00-05:00,101.90232,101.92807,101.88232,101.90807,1000
2026-02-03T11:34:00-05:00,101.82588,101.86756,101.80588,101.84756,1000
2026-02-03T11:35:00-05:00,101.75117,101.80641,101.73117,101.78641,1000
2026-02-03T11:36:00-05:00,101.67908,101.74398,101.65908,101.72398,1000
2026-02-03T11:37:00-05:00,101.61025,101.67988,101.59025,101.65988,1000
2026-02-03T11:38:00-05:00,101.54508,101.61397,101.52508,101.59397,1000
2026-02-03T11:39:00-05:00,101.48365,101.54642,101.46365,101.52642,1000
2026-02-03T11:40:00-05:00,101.42574,101.47768,101.40574,101.45768,1000
2026-02-03T11:41:00-05:00,101.37087,101.40847,101.35087,101.38847,1000
2026-02-03T11:42:00-05:00,101.31838,101.33970,101.29838,101.31970,1000
2026-02-03T11:43:00-05:00,101.26748,101.28748,101.23237,101.25237,1000
2026-02-03T11:44:00-05:00,101.21738,101.23738,101.16751,101.18751,1000
2026-02-03T11:45:00-05:00,101.16737,101.18737,101.10602,101.12602,1000
2026-02-03T11:46:00-05:00,101.11693,101.13693,101.04866,101.06866,1000
2026-02-03T11:47:00-05:00,101.06577,101.08577,100.99589,101.01589,1000
2026-02-03T11:48:00-05:00,101.01391,101.03391,100.94791,100.96791,1000
2026-02-03T11:49:00-05:00,100.96165,100.98165,100.90460,100.92460,1000
2026-02-03T11:50:00-05:00,100.90957,100.92957,100.86555,100.88555,1000
2026-02-03T11:51:00-05:00,100.85848,100.87848,100.83012,100.85012,1000
2026-02-03T11:52:00-05:00,100.80932,100.83755,100.78932,100.81755,1000
2026-02-03T11:53:00-05:00,100.76307,100.80699,100.74307,100.78699,1000
2026-02-03T11:54:00-05:00,100.72068,100.77764,100.70068,100.75764,1000
2026-02-03T11:55:00-05:00,100.68292,100.74887,100.66292,100.72887,1000
2026-02-03T11:56:00-05:00,100.65035,100.72022,100.63035,100.70022,1000
2026-02-03T11:57:00-05:00,100.62325,100.69155,100.60325,100.67155,1000
2026-02-03T11:58:00-05:00,100.60158,100.66300,100.58158,100.64300,1000
2026-02-03T11:59:00-05:00,100.58500,100.63497,100.56500,100.61497,1000
2026-02-03T12:00:00-05:00,100.57293,100.60816,100.55293,100.58816,1000
2026-02-03T12:01:00-05:00,100.56458,100.58458,100.54339,100.56339,1000
2026-02-03T12:02:00-05:00,100.55909,100.57909,100.52161,100.54161,1000
2026-02-03T12:03:00-05:00,100.55558,100.57558,100.50374,100.52374,1000
2026-02-03T12:04:00-05:00,100.55328,100.57328,100.49058,100.51058,1000
2026-02-03T12:05:00-05:00,100.55161,100.57161,100.48274,100.50274,1000
2026-02-03T12:06:00-05:00,100.55022,100.57022,100.48058,100.50058,1000
2026-02-03T12:07:00-05:00,100.54908,100.56908,100.48413,100.50413,1000
2026-02-03T12:08:00-05:00,100.54845,100.56845,100.49312,100.51312,1000
2026-02-03T12:09:00-05:00,100.54883,100.56883,100.50703,100.52703,1000
2026-02-03T12:10:00-05:00,100.55096,100.57096,100.52509,100.54509,1000
2026-02-03T12:11:00-05:00,100.55570,100.58640,100.53570,100.56640,1000
2026-02-03T12:12:00-05:00,100.56393,100.61002,100.54393,100.59002,1000
2026-02-03T12:13:00-05:00,100.57646,100.63507,100.55646,100.61507,1000
2026-02-03T12:14:00-05:00,100.59395,100.66082,100.57395,100.64082,1000
2026-02-03T12:15:00-05:00,100.61679,100.68678,100.59679,100.66678,1000
2026-02-03T12:16:00-05:00,100.64513,100.71272,100.62513,100.69272,1000
2026-02-03T12:17:00-05:00,100.67877,100.73873,100.65877,100.71873,1000
2026-02-03T12:18:00-05:00,100.71722,100.76515,100.69722,100.74515,1000
2026-02-03T12:19:00-05:00,100.75977,100.79260,100.73977,100.77260,1000
2026-02-03T12:20:00-05:00,100.80552,100.82552,100.78182,100.80182,1000
2026-02-03T12:21:00-05:00,100.85347,100.87347,100.81366,100.83366,1000
2026-02-03T12:22:00-05:00,100.90266,100.92266,100.84892,100.86892,1000
2026-02-03T12:23:00-05:00,100.95225,100.97225,100.88829,100.90829,1000
2026-02-03T12:24:00-05:00,101.00158,101.02158,100.93224,100.95224,1000
2026-02-03T12:25:00-05:00,101.05026,101.07026,100.98098,101.00098,1000
2026-02-03T12:26:00-05:00,101.09820,101.11820,101.03440,101.05440,1000
2026-02-03T12:27:00-05:00,101.14561,101.16561,101.09211,101.11211,1000
2026-02-03T12:28:00-05:00,101.19295,101.21295,101.15343,101.17343,1000
2026-02-03T12:29:00-05:00,101.24087,101.26087,101.21749,101.23749,1000
2026-02-03T12:30:00-05:00,101.29016,101.32329,101.27016,101.30329,1000
2026-02-03T12:31:00-05:00,101.34161,101.38981,101.32161,101.36981,1000
2026-02-03T12:32:00-05:00,101.39595,101.45610,101.37595,101.43610,1000
2026-02-03T12:33:00-05:00,101.45369,101.52138,101.43369,101.50138,1000
2026-02-03T12:34:00-05:00,101.51515,101.58513,101.49515,101.56513,1000
2026-02-03T12:35:00-05:00,101.58032,101.64709,101.56032,101.62709,1000
2026-02-03T12:36:00-05:00,101.64890,101.70731,101.62890,101.68731,1000
2026-02-03T12:37:00-05:00,101.72031,101.76612,101.70031,101.74612,1000
2026-02-03T12:38:00-05:00,101.79372,101.82410,101.77372,101.80410,1000
2026-02-03T12:39:00-05:00,101.86816,101.88816,101.84197,101.86197,1000
2026-02-03T12:40:00-05:00,101.94258,101.96258,101.90049,101.92049,1000
2026-02-03T12:41:00-05:00,102.01598,102.03598,101.96043,101.98043,1000
2026-02-03T12:42:00-05:00,102.08748,102.10748,102.02239,102.04239,1000
2026-02-03T12:43:00-05:00,102.15643,102.17643,102.08675,102.10675,1000
2026-02-03T12:44:00-05:00,102.22245,102.24245,102.15366,102.17366,1000
2026-02-03T12:45:00-05:00,102.28545,102.30545,102.22291,102.24291,1000
2026-02-03T12:46:00-05:00,102.34565,102.36565,102.29405,102.31405,1000
2026-02-03T12:47:00-05:00,102.40352,102.42352,102.36634,102.38634,1000
2026-02-03T12:48:00-05:00,102.45972,102.47972,102.43885,102.45885,1000
2026-02-03T12:49:00-05:00,102.51503,102.55056,102.49503,102.53056,1000
2026-02-03T12:50:00-05:00,102.57021,102.62044,102.55021,102.60044,1000
2026-02-03T12:51:00-05:00,102.62597,102.68757,102.60597,102.66757,1000
2026-02-03T12:52:00-05:00,102.68280,102.75118,102.66280,102.73118,1000
2026-02-03T12:53:00-05:00,102.74095,102.81079,102.72095,102.79079,1000
2026-02-03T12:54:00-05:00,102.80039,102.86621,102.78039,102.84621,1000
2026-02-03T12:55:00-05:00,102.86078,102.91753,102.84078,102.89753,1000
2026-02-03T12:56:00-05:00,102.92151,102.96515,102.90151,102.94515,1000
2026-02-03T12:57:00-05:00,102.98175,103.00967,102.96175,102.98967,1000
2026-02-03T12:58:00-05:00,103.04054,103.06054,103.01187,103.03187,1000
2026-02-03T12:59:00-05:00,103.09685,103.11685,103.05254,103.07254,1000
2026-02-03T13:00:00-05:00,103.14972,103.16972,103.09246,103.11246,1000
2026-02-03T13:01:00-05:00,103.19836,103.21836,103.13224,103.15224,1000
2026-02-03T13:02:00-05:00,103.24217,103.26217,103.17227,103.19227,1000
2026-02-03T13:03:00-05:00,103.28088,103.30088,103.21269,103.23269,1000
2026-02-03T13:04:00-05:00,103.31448,103.33448,103.25331,103.27331,1000
2026-02-03T13:05:00-05:00,103.34330,103.36330,103.29368,103.31368,1000
2026-02-03T13:06:00-05:00,103.36789,103.38789,103.33308,103.35308,1000
2026-02-03T13:07:00-05:00,103.38900,103.41063,103.36900,103.39063,1000
2026-02-03T13:08:00-05:00,103.40747,103.44537,103.38747,103.42537,1000
2026-02-03T13:09:00-05:00,103.42415,103.47634,103.40415,103.45634,1000
2026-02-03T13:10:00-05:00,103.43977,103.50270,103.41977,103.48270,1000
2026-02-03T13:11:00-05:00,103.45486,103.52382,103.43486,103.50382,1000
2026-02-03T13:12:00-05:00,103.46973,103.53932,103.44973,103.51932,1000
2026-02-03T13:13:00-05:00,103.48437,103.54913,103.46437,103.52913,1000
2026-02-03T13:14:00-05:00,103.49848,103.55349,103.47848,103.53349,1000
2026-02-03T13:15:00-05:00,103.51151,103.55291,103.49151,103.53291,1000
2026-02-03T13:16:00-05:00,103.52268,103.54812,103.50268,103.52812,1000
2026-02-03T13:17:00-05:00,103.53111,103.55111,103.49998,103.51998,1000
2026-02-03T13:18:00-05:00,103.53586,103.55586,103.48940,103.50940,1000
2026-02-03T13:19:00-05:00,103.53611,103.55611,103.47722,103.49722,1000
2026-02-03T13:20:00-05:00,103.53116,103.55116,103.46413,103.48413,1000
2026-02-03T13:21:00-05:00,103.52058,103.54058,103.45058,103.47058,1000
2026-02-03T13:22:00-05:00,103.50422,103.52422,103.43676,103.45676,1000
2026-02-03T13:23:00-05:00,103.48224,103.50224,103.42254,103.44254,1000
2026-02-03T13:24:00-05:00,103.45509,103.47509,103.40753,103.42753,1000
2026-02-03T13:25:00-05:00,103.42348,103.44348,103.39108,103.41108,1000
2026-02-03T13:26:00-05:00,103.38827,103.41241,103.36827,103.39241,1000
2026-02-03T13:27:00-05:00,103.35042,103.39064,103.33042,103.37064,1000
2026-02-03T13:28:00-05:00,103.31087,103.36493,103.29087,103.34493,1000
2026-02-03T13:29:00-05:00,103.27042,103.33458,103.25042,103.31458,1000
2026-02-03T13:30:00-05:00,103.22969,103.29910,103.20969,103.27910,1000
2026-02-03T13:31:00-05:00,103.18904,103.25824,103.16904,103.23824,1000
2026-02-03T13:32:00-05:00,103.14852,103.21211,103.12852,103.19211,1000
2026-02-03T13:33:00-05:00,103.10790,103.16107,103.08790,103.14107,1000
2026-02-03T13:34:00-05:00,103.06668,103.10579,103.04668,103.08579,1000
2026-02-03T13:35:00-05:00,103.02417,103.04710,103.00417,103.02710,1000
2026-02-03T13:36:00-05:00,102.97957,102.99957,102.94601,102.96601,1000
2026-02-03T13:37:00-05:00,102.93205,102.95205,102.88350,102.90350,1000
2026-02-03T13:38:00-05:00,102.88090,102.90090,102.82049,102.84049,1000
2026-02-03T13:39:00-05:00,102.82556,102.84556,102.75773,102.77773,1000
2026-02-03T13:40:00-05:00,102.76571,102.78571,102.69575,102.71575,1000
2026-02-03T13:41:00-05:00,102.70136,102.72136,102.63475,102.65475,1000
2026-02-03T13:42:00-05:00,102.63279,102.65279,102.57467,102.59467,1000
2026-02-03T13:43:00-05:00,102.56059,102.58059,102.51516,102.53516,1000
2026-02-03T13:44:00-05:00,102.48557,102.50557,102.45562,102.47562,1000
2026-02-03T13:45:00-05:00,102.40869,102.43532,102.38869,102.41532,1000
2026-02-03T13:46:00-05:00,102.33100,102.37348,102.31100,102.35348,1000
2026-02-03T13:47:00-05:00,102.25348,102.30934,102.23348,102.28934,1000
2026-02-03T13:48:00-05:00,102.17701,102.24229,102.15701,102.22229,1000
2026-02-03T13:49:00-05:00,102.10221,102.17194,102.08221,102.15194,1000
2026-02-03T13:50:00-05:00,102.02948,102.09817,102.00948,102.07817,1000
2026-02-03T13:51:00-05:00,101.95887,102.02118,101.93887,102.00118,1000
2026-02-03T13:52:00-05:00,101.89017,101.94143,101.87017,101.92143,1000
2026-02-03T13:53:00-05:00,101.82290,101.85967,101.80290,101.83967,1000
2026-02-03T13:54:00-05:00,101.75640,101.77683,101.73640,101.75683,1000
2026-02-03T13:55:00-05:00,101.68989,101.70989,101.65393,101.67393,1000
2026-02-03T13:56:00-05:00,101.62260,101.64260,101.57202,101.59202,1000
2026-02-03T13:57:00-05:00,101.55387,101.57387,101.49203,101.51203,1000
2026-02-03T13:58:00-05:00,101.48321,101.50321,101.41471,101.43471,1000
2026-02-03T13:59:00-05:00,101.41037,101.43037,101.34056,101.36056,1000
2026-02-03T14:00:00-05:00,101.33541,101.35541,101.26977,101.28977,1000
2026-02-03T14:01:00-05:00,101.25870,101.27870,101.20225,101.22225,1000
2026-02-03T14:02:00-05:00,101.18087,101.20087,101.13762,101.15762,1000
2026-02-03T14:03:00-05:00,101.10276,101.12276,101.07527,101.09527,1000
2026-02-03T14:04:00-05:00,101.02536,101.05447,101.00536,101.03447,1000
2026-02-03T14:05:00-05:00,100.94972,100.99441,100.92972,100.97441,1000
2026-02-03T14:06:00-05:00,100.87681,100.93436,100.85681,100.91436,1000
2026-02-03T14:07:00-05:00,100.80744,100.87373,100.78744,100.85373,1000
2026-02-03T14:08:00-05:00,100.74222,100.81215,100.72222,100.79215,1000
2026-02-03T14:09:00-05:00,100.68145,100.74952,100.66145,100.72952,1000
2026-02-03T14:10:00-05:00,100.62515,100.68606,100.60515,100.66606,1000
2026-02-03T14:11:00-05:00,100.57301,100.62227,100.55301,100.60227,1000
2026-02-03T14:12:00-05:00,100.52449,100.55888,100.50449,100.53888,1000
2026-02-03T14:13:00-05:00,100.47888,100.49888,100.45681,100.47681,1000
2026-02-03T14:14:00-05:00,100.43536,100.45536,100.39705,100.41705,1000
2026-02-03T14:15:00-05:00,100.39312,100.41312,100.34060,100.36060,1000
2026-02-03T14:16:00-05:00,100.35147,100.37147,100.28831,100.30831,1000
2026-02-03T14:17:00-05:00,100.30988,100.32988,100.24084,100.26084,1000
2026-02-03T14:18:00-05:00,100.26813,100.28813,100.19860,100.21860,1000
2026-02-03T14:19:00-05:00,100.22624,100.24624,100.16168,100.18168,1000
2026-02-03T14:20:00-05:00,100.18456,100.20456,100.12987,100.14987,1000
2026-02-03T14:21:00-05:00,100.14369,100.16369,100.10269,100.12269,1000
2026-02-03T14:22:00-05:00,100.10443,100.12443,100.07943,100.09943,1000
2026-02-03T14:23:00-05:00,100.06771,100.09927,100.04771,100.07927,1000
2026-02-03T14:24:00-05:00,100.03450,100.08134,100.01450,100.06134,1000
2026-02-03T14:25:00-05:00,100.00566,100.06483,99.98566,100.04483,1000
2026-02-03T14:26:00-05:00,99.98192,100.04910,99.96192,100.02910,1000
2026-02-03T14:27:00-05:00,99.96373,100.03373,99.94373,100.01373,1000
2026-02-03T14:28:00-05:00,99.95127,100.01859,99.93127,99.99859,1000
2026-02-03T14:29:00-05:00,99.94441,100.00384,99.92441,99.98384,1000
2026-02-03T14:30:00-05:00,99.94274,99.98993,99.92274,99.96993,1000
2026-02-03T14:31:00-05:00,99.94556,99.97753,99.92556,99.95753,1000
2026-02-03T14:32:00-05:00,99.95206,99.97206,99.92748,99.94748,1000
2026-02-03T14:33:00-05:00,99.96130,99.98130,99.92068,99.94068,1000
2026-02-03T14:34:00-05:00,99.97240,99.99240,99.91801,99.93801,1000
2026-02-03T14:35:00-05:00,99.98457,100.00457,99.92020,99.94020,1000
2026-02-03T14:36:00-05:00,99.99724,100.01724,99.92778,99.94778,1000
2026-02-03T14:37:00-05:00,100.01011,100.03011,99.94099,99.96099,1000
2026-02-03T14:38:00-05:00,100.02316,100.04316,99.95979,99.97979,1000
2026-02-03T14:39:00-05:00,100.03665,100.05665,99.98381,100.00381,1000
2026-02-03T14:40:00-05:00,100.05113,100.07113,100.01243,100.03243,1000
2026-02-03T14:41:00-05:00,100.06732,100.08732,100.04482,100.06482,1000
2026-02-03T14:42:00-05:00,100.08605,100.12004,100.06605,100.10004,1000
2026-02-03T14:43:00-05:00,100.10818,100.15710,100.08818,100.13710,1000
2026-02-03T14:44:00-05:00,100.13445,100.19513,100.11445,100.17513,1000
2026-02-03T14:45:00-05:00,100.16545,100.23340,100.14545,100.21340,1000
2026-02-03T14:46:00-05:00,100.20149,100.27144,100.18149,100.25144,1000
2026-02-03T14:47:00-05:00,100.24261,100.30905,100.22261,100.28905,1000
2026-02-03T14:48:00-05:00,100.28852,100.34635,100.26852,100.32635,1000
2026-02-03T14:49:00-05:00,100.33866,100.38372,100.31866,100.36372,1000
2026-02-03T14:50:00-05:00,100.39224,100.42176,100.37224,100.40176,1000
2026-02-03T14:51:00-05:00,100.44830,100.46830,100.42124,100.44124,1000
2026-02-03T14:52:00-05:00,100.50583,100.52583,100.46296,100.48296,1000
2026-02-03T14:53:00-05:00,100.56386,100.58386,100.50769,100.52769,1000
2026-02-03T14:54:00-05:00,100.62153,100.64153,100.55606,100.57606,1000
2026-02-03T14:55:00-05:00,100.67824,100.69824,100.60847,100.62847,1000
2026-02-03T14:56:00-05:00,100.73363,100.75363,100.66503,100.68503,1000
2026-02-03T14:57:00-05:00,100.78764,100.80764,100.72557,100.74557,1000
2026-02-03T14:58:00-05:00,100.84052,100.86052,100.78961,100.80961,1000
2026-02-03T14:59:00-05:00,100.89275,100.91275,100.85640,100.87640,1000
2026-02-03T15:00:00-05:00,100.94503,100.96504,100.92503,100.94504,1000
2026-02-03T15:01:00-05:00,100.99811,101.03448,100.97811,101.01448,1000
2026-02-03T15:02:00-05:00,101.05278,101.10371,101.03278,101.08371,1000
2026-02-03T15:03:00-05:00,101.10971,101.17179,101.08971,101.15179,1000
2026-02-03T15:04:00-05:00,101.16938,101.23798,101.14938,101.21798,1000
2026-02-03T15:05:00-05:00,101.23202,101.30179,101.21202,101.28179,1000
2026-02-03T15:06:00-05:00,101.29757,101.36303,101.27757,101.34303,1000
2026-02-03T15:07:00-05:00,101.36565,101.42180,101.34565,101.40180,1000
2026-02-03T15:08:00-05:00,101.43563,101.47848,101.41563,101.45848,1000
2026-02-03T15:09:00-05:00,101.50663,101.53368,101.48663,101.51368,1000
2026-02-03T15:10:00-05:00,101.57767,101.59767,101.54813,101.56813,1000
2026-02-03T15:11:00-05:00,101.64769,101.66769,101.60261,101.62261,1000
2026-02-03T15:12:00-05:00,101.71571,101.73571,101.65786,101.67786,1000
2026-02-03T15:13:00-05:00,101.78091,101.80091,101.71445,101.73445,1000
2026-02-03T15:14:00-05:00,101.84267,101.86267,101.77272,101.79272,1000
2026-02-03T15:15:00-05:00,101.90069,101.92069,101.83275,101.85275,1000
2026-02-03T15:16:00-05:00,101.95496,101.97496,101.89430,101.91430,1000
2026-02-03T15:17:00-05:00,102.00574,102.02574,101.95684,101.97684,1000
2026-02-03T15:18:00-05:00,102.05358,102.07358,102.01962,102.03962,1000
2026-02-03T15:19:00-05:00,102.09917,102.12169,102.07917,102.10169,1000
2026-02-03T15:20:00-05:00,102.14331,102.18203,102.12331,102.16203,1000
2026-02-03T15:21:00-05:00,102.18679,102.23965,102.16679,102.21965,1000
2026-02-03T15:22:00-05:00,102.23027,102.29366,102.21027,102.27366,1000
2026-02-03T15:23:00-05:00,102.27424,102.34337,102.25424,102.32337,1000
2026-02-03T15:24:00-05:00,102.31890,102.38836,102.29890,102.36836,1000
2026-02-03T15:25:00-05:00,102.36418,102.42853,102.34418,102.40853,1000
2026-02-03T15:26:00-05:00,102.40970,102.46407,102.38970,102.44407,1000
2026-02-03T15:27:00-05:00,102.45483,102.49543,102.43483,102.47543,1000
2026-02-03T15:28:00-05:00,102.49873,102.52329,102.47873,102.50329,1000
2026-02-03T15:29:00-05:00,102.54044,102.56044,102.50845,102.52845,1000
2026-02-03T15:30:00-05:00,102.57896,102.59896,102.53175,102.55175,1000
2026-02-03T15:31:00-05:00,102.61340,102.63340,102.55396,102.57396,1000
2026-02-03T15:32:00-05:00,102.64301,102.66301,102.57569,102.59569,1000
2026-02-03T15:33:00-05:00,102.66731,102.68731,102.59731,102.61731,1000
2026-02-03T15:34:00-05:00,102.68608,102.70608,102.61890,102.63890,1000
2026-02-03T15:35:00-05:00,102.69943,102.71943,102.64028,102.66028,1000
2026-02-03T15:36:00-05:00,102.70777,102.72777,102.66095,102.68095,1000
2026-02-03T15:37:00-05:00,102.71173,102.73173,102.68020,102.70020,1000
2026-02-03T15:38:00-05:00,102.71212,102.73714,102.69212,102.71714,1000
2026-02-03T15:39:00-05:00,102.70983,102.75085,102.68983,102.73085,1000
2026-02-03T15:40:00-05:00,102.70571,102.76041,102.68571,102.74041,1000
2026-02-03T15:41:00-05:00,102.70050,102.76507,102.68050,102.74507,1000
2026-02-03T15:42:00-05:00,102.69473,102.76426,102.67473,102.74426,1000
2026-02-03T15:43:00-05:00,102.68867,102.75771,102.66867,102.73771,1000
2026-02-03T15:44:00-05:00,102.68230,102.74545,102.66230,102.72545,1000
2026-02-03T15:45:00-05:00,102.67530,102.72780,102.65530,102.70780,1000
2026-02-03T15:46:00-05:00,102.66708,102.70537,102.64708,102.68537,1000
2026-02-03T15:47:00-05:00,102.65690,102.67895,102.63690,102.65895,1000
2026-02-03T15:48:00-05:00,102.64387,102.66387,102.60947,102.62947,1000
2026-02-03T15:49:00-05:00,102.62713,102.64713,102.57785,102.59785,1000
2026-02-03T15:50:00-05:00,102.60588,102.62588,102.54495,102.56495,1000
2026-02-03T15:51:00-05:00,102.57953,102.59953,102.51146,102.53146,1000
2026-02-03T15:52:00-05:00,102.54773,102.56773,102.47781,102.49781,1000
2026-02-03T15:53:00-05:00,102.51043,102.53043,102.44415,102.46415,1000
2026-02-03T15:54:00-05:00,102.46788,102.48788,102.41034,102.43034,1000
2026-02-03T15:55:00-05:00,102.42063,102.44063,102.37596,102.39596,1000
2026-02-03T15:56:00-05:00,102.36945,102.38945,102.34037,102.36037,1000
2026-02-03T15:57:00-05:00,102.31527,102.34278,102.29527,102.32278,1000
2026-02-03T15:58:00-05:00,102.25909,102.30235,102.23909,102.28235,1000
2026-02-03T15:59:00-05:00,102.20184,102.25830,102.18184,102.23830,1000
2026-02-04T09:30:00-05:00,102.14433,102.20999,102.12433,102.18999,1000
2026-02-04T09:31:00-05:00,102.08718,102.15699,102.06718,102.13699,1000
2026-02-04T09:32:00-05:00,102.03069,102.09917,102.01069,102.07917,1000
2026-02-04T09:33:00-05:00,101.97489,102.03671,101.95489,102.01671,1000
2026-02-04T09:34:00-05:00,101.91951,101.97007,101.89951,101.95007,1000
2026-02-04T09:35:00-05:00,101.86405,101.89998,101.84405,101.87998,1000
2026-02-04T09:36:00-05:00,101.80780,101.82780,101.78734,101.80734,1000
2026-02-04T09:37:00-05:00,101.74997,101.76997,101.71318,101.73318,1000
2026-02-04T09:38:00-05:00,101.68977,101.70977,101.63850,101.65850,1000
2026-02-04T09:39:00-05:00,101.62654,101.64654,101.56422,101.58422,1000
2026-02-04T09:40:00-05:00,101.55977,101.57977,101.49107,101.51107,1000
2026-02-04T09:41:00-05:00,101.48924,101.50924,101.41952,101.43952,1000
2026-02-04T09:42:00-05:00,101.41502,101.43502,101.34974,101.36974,1000
2026-02-04T09:43:00-05:00,101.33747,101.35747,101.28163,101.30163,1000
2026-02-04T09:44:00-05:00,101.25725,101.27725,101.21479,101.23479,1000
2026-02-04T09:45:00-05:00,101.17521,101.19521,101.14860,101.16860,1000
2026-02-04T09:46:00-05:00,101.09237,101.12234,101.07237,101.10234,1000
2026-02-04T09:47:00-05:00,101.00975,101.05521,100.98975,101.03521,1000
2026-02-04T09:48:00-05:00,100.92836,100.98650,100.90836,100.96650,1000
2026-02-04T09:49:00-05:00,100.84901,100.91563,100.82901,100.89563,1000
2026-02-04T09:50:00-05:00,100.77231,100.84228,100.75231,100.82228,1000
2026-02-04T09:51:00-05:00,100.69857,100.76639,100.67857,100.74639,1000
2026-02-04T09:52:00-05:00,100.62781,100.68821,100.60781,100.66821,1000
2026-02-04T09:53:00-05:00,100.55974,100.60827,100.53974,100.58827,1000
2026-02-04T09:54:00-05:00,100.49384,100.52738,100.47384,100.50738,1000
2026-02-04T09:55:00-05:00,100.42942,100.44942,100.40646,100.42646,1000
2026-02-04T09:56:00-05:00,100.36570,100.38570,100.32657,100.34657,1000
2026-02-04T09:57:00-05:00,100.30191,100.32191,100.24872,100.26872,1000
2026-02-04T09:58:00-05:00,100.23740,100.25740,100.17380,100.19380,1000
2026-02-04T09:59:00-05:00,100.17172,100.19172,100.10251,100.12251,1000
2026-02-04T10:00:00-05:00,100.10468,100.12468,100.03528,100.05528,1000
2026-02-04T10:01:00-05:00,100.03639,100.05639,99.97224,99.99224,1000
2026-02-04T10:02:00-05:00,99.96725,99.98725,99.91321,99.93321,1000
2026-02-04T10:03:00-05:00,99.89793,99.91793,99.85774,99.87774,1000
2026-02-04T10:04:00-05:00,99.82931,99.84931,99.80519,99.82519,1000
2026-02-04T10:05:00-05:00,99.76236,99.79477,99.74236,99.77477,1000
2026-02-04T10:06:00-05:00,99.69810,99.74568,99.67810,99.72568,1000
2026-02-04T10:07:00-05:00,99.63746,99.69717,99.61746,99.67717,1000
2026-02-04T10:08:00-05:00,99.58121,99.64867,99.56121,99.62867,1000
2026-02-04T10:09:00-05:00,99.52986,99.59985,99.50986,99.57985,1000
2026-02-04T10:10:00-05:00,99.48363,99.55066,99.46363,99.53066,1000
2026-02-04T10:11:00-05:00,99.44245,99.50132,99.42245,99.48132,1000
2026-02-04T10:12:00-05:00,99.40594,99.45238,99.38594,99.43238,1000
2026-02-04T10:13:00-05:00,99.37348,99.40459,99.35348,99.38459,1000
2026-02-04T10:14:00-05:00,99.34431,99.36431,99.31885,99.33885,1000
2026-02-04T10:15:00-05:00,99.31756,99.33756,99.27614,99.29614,1000
2026-02-04T10:16:00-05:00,99.29242,99.31242,99.23740,99.25740,1000
2026-02-04T10:17:00-05:00,99.26819,99.28819,99.20342,99.22342,1000
2026-02-04T10:18:00-05:00,99.24438,99.26438,99.17479,99.19479,1000
2026-02-04T10:19:00-05:00,99.22077,99.24077,99.15182,99.17182,1000
2026-02-04T10:20:00-05:00,99.19742,99.21742,99.13450,99.15450,1000
2026-02-04T10:21:00-05:00,99.17470,99.19470,99.12253,99.14253,1000
2026-02-04T10:22:00-05:00,99.15322,99.17322,99.11535,99.13535,1000
2026-02-04T10:23:00-05:00,99.13379,99.15379,99.11218,99.13218,1000
2026-02-04T10:24:00-05:00,99.11731,99.15214,99.09731,99.13214,1000
2026-02-04T10:25:00-05:00,99.10470,99.15434,99.08470,99.13434,1000
2026-02-04T10:26:00-05:00,99.09677,99.15795,99.07677,99.13795,1000
2026-02-04T10:27:00-05:00,99.09416,99.16235,99.07416,99.14235,1000
2026-02-04T10:28:00-05:00,99.09723,99.16713,99.07723,99.14713,1000
2026-02-04T10:29:00-05:00,99.10608,99.17219,99.08608,99.15219,1000
2026-02-04T10:30:00-05:00,99.12046,99.17771,99.10046,99.15771,1000
2026-02-04T10:31:00-05:00,99.13987,99.18415,99.11987,99.16415,1000
2026-02-04T10:32:00-05:00,99.16355,99.19219,99.14355,99.17219,1000
2026-02-04T10:33:00-05:00,99.19061,99.21061,99.16266,99.18266,1000
2026-02-04T10:34:00-05:00,99.22009,99.24009,99.17643,99.19643,1000
2026-02-04T10:35:00-05:00,99.25107,99.27107,99.19431,99.21431,1000
2026-02-04T10:36:00-05:00,99.28279,99.30279,99.21696,99.23696,1000
2026-02-04T10:37:00-05:00,99.31468,99.33468,99.24483,99.26483,1000
2026-02-04T10:38:00-05:00,99.34646,99.36646,99.27808,99.29808,1000
2026-02-04T10:39:00-05:00,99.37813,99.39813,99.31655,99.33655,1000
2026-02-04T10:40:00-05:00,99.41000,99.43000,99.35979,99.37979,1000
2026-02-04T10:41:00-05:00,99.44262,99.46262,99.40711,99.42711,1000
2026-02-04T10:42:00-05:00,99.47671,99.49761,99.45671,99.47761,1000
2026-02-04T10:43:00-05:00,99.51309,99.55029,99.49309,99.53029,1000
2026-02-04T10:44:00-05:00,99.55255,99.60417,99.53255,99.58417,1000
2026-02-04T10:45:00-05:00,99.59581,99.65836,99.57581,99.63836,1000
2026-02-04T10:46:00-05:00,99.64336,99.71216,99.62336,99.69216,1000
2026-02-04T10:47:00-05:00,99.69545,99.76512,99.67545,99.74512,1000
2026-02-04T10:48:00-05:00,99.75200,99.81709,99.73200,99.79709,1000
2026-02-04T10:49:00-05:00,99.81267,99.86820,99.79267,99.84820,1000
2026-02-04T10:50:00-05:00,99.87682,99.91888,99.85682,99.89888,1000
2026-02-04T10:51:00-05:00,99.94357,99.96974,99.92357,99.94974,1000
2026-02-04T10:52:00-05:00,100.01196,100.03196,99.98155,100.00155,1000
2026-02-04T10:53:00-05:00,100.08093,100.10093,100.03509,100.05509,1000
2026-02-04T10:54:00-05:00,100.14951,100.16951,100.09109,100.11109,1000
2026-02-04T10:55:00-05:00,100.21690,100.23690,100.15013,100.17013,1000
2026-02-04T10:56:00-05:00,100.28251,100.30251,100.21252,100.23252,1000
2026-02-04T10:57:00-05:00,100.34602,100.36602,100.27833,100.29833,1000
2026-02-04T10:58:00-05:00,100.40744,100.42744,100.34730,100.36730,1000
2026-02-04T10:59:00-05:00,100.46705,100.48705,100.41887,100.43887,1000
2026-02-04T11:00:00-05:00,100.52538,100.54538,100.49227,100.51227,1000
2026-02-04T11:01:00-05:00,100.58313,100.60653,100.56313,100.58653,1000
2026-02-04T11:02:00-05:00,100.64108,100.68061,100.62108,100.66061,1000
2026-02-04T11:03:00-05:00,100.69998,100.75350,100.67998,100.73350,1000
2026-02-04T11:04:00-05:00,100.76047,100.82428,100.74047,100.80428,1000
2026-02-04T11:05:00-05:00,100.82299,100.89227,100.80299,100.87227,1000
2026-02-04T11:06:00-05:00,100.88771,100.95704,100.86771,100.93704,1000
2026-02-04T11:07:00-05:00,100.95450,101.01844,100.93450,100.99844,1000
2026-02-04T11:08:00-05:00,101.02294,101.07666,101.00294,101.05666,1000
2026-02-04T11:09:00-05:00,101.09235,101.13213,101.07235,101.11213,1000
2026-02-04T11:10:00-05:00,101.16182,101.18549,101.14182,101.16549,1000
2026-02-04T11:11:00-05:00,101.23035,101.25035,101.19751,101.21751,1000
2026-02-04T11:12:00-05:00,101.29692,101.31692,101.24897,101.26897,1000
2026-02-04T11:13:00-05:00,101.36057,101.38057,101.30059,101.32059,1000
2026-02-04T11:14:00-05:00,101.42053,101.44053,101.35293,101.37293,1000
2026-02-04T11:15:00-05:00,101.47626,101.49626,101.40627,101.42627,1000
2026-02-04T11:16:00-05:00,101.52753,101.54753,101.46066,101.48066,1000
2026-02-04T11:17:00-05:00,101.57440,101.59440,101.51580,101.53580,1000
2026-02-04T11:18:00-05:00,101.61722,101.63722,101.57116,101.59116,1000
2026-02-04T11:19:00-05:00,101.65659,101.67659,101.62592,101.64592,1000
2026-02-04T11:20:00-05:00,101.69327,101.71916,101.67327,101.69916,1000
2026-02-04T11:21:00-05:00,101.72806,101.76988,101.70806,101.74988,1000
2026-02-04T11:22:00-05:00,101.76177,101.81710,101.74177,101.79710,1000
2026-02-04T11:23:00-05:00,101.79505,101.86001,101.77505,101.84001,1000
2026-02-04T11:24:00-05:00,101.82835,101.89800,101.80835,101.87800,1000
2026-02-04T11:25:00-05:00,101.86188,101.93073,101.84188,101.91073,1000
2026-02-04T11:26:00-05:00,101.89550,101.95819,101.87550,101.93819,1000
2026-02-04T11:27:00-05:00,101.92882,101.98065,101.90882,101.96065,1000
2026-02-04T11:28:00-05:00,101.96119,101.99865,101.94119,101.97865,1000
2026-02-04T11:29:00-05:00,101.99176,102.01293,101.97176,101.99293,1000
2026-02-04T11:30:00-05:00,102.01959,102.03959,101.98433,102.00433,1000
2026-02-04T11:31:00-05:00,102.04373,102.06373,101.99373,102.01373,1000
2026-02-04T11:32:00-05:00,102.06333,102.08333,102.00190,102.02190,1000
2026-02-04T11:33:00-05:00,102.07774,102.09774,102.00943,102.02943,1000
2026-02-04T11:34:00-05:00,102.08655,102.10655,102.01668,102.03668,1000
2026-02-04T11:35:00-05:00,102.08966,102.10966,102.02372,102.04372,1000
2026-02-04T11:36:00-05:00,102.08727,102.10727,102.03031,102.05031,1000
2026-02-04T11:37:00-05:00,102.07986,102.09986,102.03596,102.05596,1000
2026-02-04T11:38:00-05:00,102.06815,102.08815,102.03994,102.05994,1000
2026-02-04T11:39:00-05:00,102.05301,102.08139,102.03301,102.06139,1000
2026-02-04T11:40:00-05:00,102.03536,102.07941,102.01536,102.05941,1000
2026-02-04T11:41:00-05:00,102.01608,102.07315,101.99608,102.05315,1000
2026-02-04T11:42:00-05:00,101.99591,102.06191,101.97591,102.04191,1000
2026-02-04T11:43:00-05:00,101.97535,102.04523,101.95535,102.02523,1000
2026-02-04T11:44:00-05:00,101.95467,102.02293,101.93467,102.00293,1000
2026-02-04T11:45:00-05:00,101.93380,101.99514,101.91380,101.97514,1000
2026-02-04T11:46:00-05:00,101.91241,101.96227,101.89241,101.94227,1000
2026-02-04T11:47:00-05:00,101.88991,101.92500,101.86991,101.90500,1000
2026-02-04T11:48:00-05:00,101.86555,101.88555,101.84421,101.86421,1000
2026-02-04T11:49:00-05:00,101.83848,101.85848,101.80086,101.82086,1000
2026-02-04T11:50:00-05:00,101.80786,101.82786,101.75590,101.77590,1000
2026-02-04T11:51:00-05:00,101.77297,101.79297,101.71019,101.73019,1000
2026-02-04T11:52:00-05:00,101.73330,101.75330,101.66440,101.68440,1000
2026-02-04T11:53:00-05:00,101.68858,101.70858,101.61896,101.63896,1000
2026-02-04T11:54:00-05:00,101.63886,101.65886,101.57397,101.59397,1000
2026-02-04T11:55:00-05:00,101.58448,101.60448,101.52926,101.54926,1000
2026-02-04T11:56:00-05:00,101.52607,101.54607,101.48440,101.50440,1000
2026-02-04T11:57:00-05:00,101.46446,101.48446,101.43873,101.45873,1000
2026-02-04T11:58:00-05:00,101.40064,101.43148,101.38064,101.41148,1000
2026-02-04T11:59:00-05:00,101.33562,101.38183,101.31562,101.36183,1000
2026-02-04T12:00:00-05:00,101.27035,101.32905,101.25035,101.30905,1000
2026-02-04T12:01:00-05:00,101.20563,101.27256,101.18563,101.25256,1000
2026-02-04T12:02:00-05:00,101.14202,101.21201,101.12202,101.19201,1000
2026-02-04T12:03:00-05:00,101.07981,101.14736,101.05981,101.12736,1000
2026-02-04T12:04:00-05:00,101.01897,101.07885,100.99897,101.05885,1000
2026-02-04T12:05:00-05:00,100.95922,101.00703,100.93922,100.98703,1000
2026-02-04T12:06:00-05:00,100.90000,100.93268,100.88000,100.91268,1000
2026-02-04T12:07:00-05:00,100.84061,100.86061,100.81677,100.83677,1000
2026-02-04T12:08:00-05:00,100.78027,100.80027,100.74033,100.76033,1000
2026-02-04T12:09:00-05:00,100.71821,100.73821,100.66437,100.68437,1000
2026-02-04T12:10:00-05:00,100.65381,100.67381,100.58978,100.60978,1000
2026-02-04T12:11:00-05:00,100.58662,100.60662,100.51727,100.53727,1000
2026-02-04T12:12:00-05:00,100.51649,100.53649,100.44724,100.46724,1000
2026-02-04T12:13:00-05:00,100.44356,100.46356,100.37983,100.39983,1000
2026-02-04T12:14:00-05:00,100.36825,100.38825,100.31486,100.33486,1000
2026-02-04T12:15:00-05:00,100.29128,100.31128,100.25190,100.27190,1000
2026-02-04T12:16:00-05:00,100.21354,100.23354,100.19031,100.21031,1000
2026-02-04T12:17:00-05:00,100.13605,100.16932,100.11605,100.14932,1000
2026-02-04T12:18:00-05:00,100.05985,100.10817,100.03985,100.08817,1000
2026-02-04T12:19:00-05:00,99.98590,100.04614,99.96590,100.02614,1000
2026-02-04T12:20:00-05:00,99.91498,99.98272,99.89498,99.96272,1000
2026-02-04T12:21:00-05:00,99.84764,99.91761,99.82764,99.89761,1000
2026-02-04T12:22:00-05:00,99.78411,99.85082,99.76411,99.83082,1000
2026-02-04T12:23:00-05:00,99.72434,99.78265,99.70434,99.76265,1000
2026-02-04T12:24:00-05:00,99.66800,99.71368,99.64800,99.69368,1000
2026-02-04T12:25:00-05:00,99.61449,99.64473,99.59449,99.62473,1000
2026-02-04T12:26:00-05:00,99.56310,99.58310,99.53676,99.55676,1000
2026-02-04T12:27:00-05:00,99.51302,99.53302,99.47080,99.49080,1000
2026-02-04T12:28:00-05:00,99.46348,99.48348,99.40783,99.42783,1000
2026-02-04T12:29:00-05:00,99.41385,99.43385,99.34869,99.36869,1000
2026-02-04T12:30:00-05:00,99.36371,99.38371,99.29402,99.31402,1000
2026-02-04T12:31:00-05:00,99.31292,99.33292,99.24415,99.26415,1000
2026-02-04T12:32:00-05:00,99.26161,99.28161,99.19915,99.21915,1000
2026-02-04T12:33:00-05:00,99.21022,99.23022,99.15874,99.17874,1000
2026-02-04T12:34:00-05:00,99.15946,99.17946,99.12242,99.14242,1000
2026-02-04T12:35:00-05:00,99.11019,99.13019,99.08946,99.10946,1000
2026-02-04T12:36:00-05:00,99.06339,99.09906,99.04339,99.07906,1000
2026-02-04T12:37:00-05:00,99.02004,99.07038,99.00004,99.05038,1000
2026-02-04T12:38:00-05:00,98.98101,99.04269,98.96101,99.02269,1000
2026-02-04T12:39:00-05:00,98.94699,99.01541,98.92699,98.99541,1000
2026-02-04T12:40:00-05:00,98.91842,98.98825,98.89842,98.96825,1000
2026-02-04T12:41:00-05:00,98.89542,98.96118,98.87542,98.94118,1000
2026-02-04T12:42:00-05:00,98.87781,98.93447,98.85781,98.91447,1000
2026-02-04T12:43:00-05:00,98.86515,98.90866,98.84515,98.88866,1000
2026-02-04T12:44:00-05:00,98.85674,98.88451,98.83674,98.86451,1000
2026-02-04T12:45:00-05:00,98.85175,98.87175,98.82293,98.84293,1000
2026-02-04T12:46:00-05:00,98.84929,98.86929,98.80486,98.82486,1000
2026-02-04T12:47:00-05:00,98.84852,98.86852,98.79116,98.81116,1000
2026-02-04T12:48:00-05:00,98.84876,98.86876,98.78258,98.80258,1000
2026-02-04T12:49:00-05:00,98.84951,98.86951,98.77960,98.79960,1000
2026-02-04T12:50:00-05:00,98.85059,98.87059,98.78244,98.80244,1000
2026-02-04T12:51:00-05:00,98.85208,98.87208,98.79100,98.81100,1000
2026-02-04T12:52:00-05:00,98.85437,98.87437,98.80487,98.82487,1000
2026-02-04T12:53:00-05:00,98.85808,98.87808,98.82341,98.84341,1000
2026-02-04T12:54:00-05:00,98.86400,98.88579,98.84400,98.86579,1000
2026-02-04T12:55:00-05:00,98.87303,98.91107,98.85303,98.89107,1000
2026-02-04T12:56:00-05:00,98.88602,98.93832,98.86602,98.91832,1000
2026-02-04T12:57:00-05:00,98.90373,98.96674,98.88373,98.94674,1000
2026-02-04T12:58:00-05:00,98.92669,98.99568,98.90669,98.97568,1000
2026-02-04T12:59:00-05:00,98.95520,99.02477,98.93520,99.00477,1000
2026-02-04T13:00:00-05:00,98.98924,99.05393,98.96924,99.03393,1000
2026-02-04T13:01:00-05:00,99.02847,99.08337,99.00847,99.06337,1000
2026-02-04T13:02:00-05:00,99.07230,99.11357,99.05230,99.09357,1000
2026-02-04T13:03:00-05:00,99.11991,99.14520,99.09991,99.12520,1000
2026-02-04T13:04:00-05:00,99.17035,99.19035,99.13908,99.15908,1000
2026-02-04T13:05:00-05:00,99.22263,99.24263,99.17604,99.19604,1000
2026-02-04T13:06:00-05:00,99.27583,99.29583,99.21684,99.23684,1000
2026-02-04T13:07:00-05:00,99.32917,99.34917,99.26209,99.28209,1000
2026-02-04T13:08:00-05:00,99.38212,99.40212,99.31213,99.33213,1000
2026-02-04T13:09:00-05:00,99.43444,99.45444,99.36702,99.38702,1000
2026-02-04T13:10:00-05:00,99.48615,99.50615,99.42655,99.44655,1000
2026-02-04T13:11:00-05:00,99.53759,99.55759,99.49016,99.51016,1000
2026-02-04T13:12:00-05:00,99.58933,99.60933,99.55708,99.57708,1000
2026-02-04T13:13:00-05:00,99.64209,99.66638,99.62209,99.64638,1000
2026-02-04T13:14:00-05:00,99.69667,99.73702,99.67667,99.71702,1000
2026-02-04T13:15:00-05:00,99.75384,99.80801,99.73384,99.78801,1000
2026-02-04T13:16:00-05:00,99.81425,99.87848,99.79425,99.85848,1000
2026-02-04T13:17:00-05:00,99.87832,99.94774,99.85832,99.92774,1000
2026-02-04T13:18:00-05:00,99.94622,100.01540,99.92622,99.99540,1000
2026-02-04T13:19:00-05:00,100.01781,100.08133,99.99781,100.06133,1000
2026-02-04T13:20:00-05:00,100.09266,100.14573,100.07266,100.12573,1000
2026-02-04T13:21:00-05:00,100.17007,100.20904,100.15007,100.18904,1000
2026-02-04T13:22:00-05:00,100.24912,100.27191,100.22912,100.25191,1000
2026-02-04T13:23:00-05:00,100.32880,100.34880,100.29510,100.31510,1000
2026-02-04T13:24:00-05:00,100.40807,100.42807,100.35939,100.37939,1000
2026-02-04T13:25:00-05:00,100.48598,100.50598,100.42548,100.44548,1000
2026-02-04T13:26:00-05:00,100.56174,100.58174,100.49387,100.51387,1000
2026-02-04T13:27:00-05:00,100.63481,100.65481,100.56485,100.58485,1000
2026-02-04T13:28:00-05:00,100.70495,100.72495,100.63840,100.65840,1000
2026-02-04T13:29:00-05:00,100.77222,100.79222,100.71419,100.73419,1000
2026-02-04T13:30:00-05:00,100.83695,100.85695,100.79164,100.81164,1000
2026-02-04T13:31:00-05:00,100.89971,100.91971,100.86991,100.88991,1000
2026-02-04T13:32:00-05:00,100.96124,100.98801,100.94124,100.96801,1000
2026-02-04T13:33:00-05:00,101.02231,101.06492,101.00231,101.04492,1000
2026-02-04T13:34:00-05:00,101.08367,101.13963,101.06367,101.11963,1000
2026-02-04T13:35:00-05:00,101.14594,101.21128,101.12594,101.19128,1000
2026-02-04T13:36:00-05:00,101.20950,101.27924,101.18950,101.25924,1000
2026-02-04T13:37:00-05:00,101.27449,101.34315,101.25449,101.32315,1000
2026-02-04T13:38:00-05:00,101.34072,101.40294,101.32072,101.38294,1000
2026-02-04T13:39:00-05:00,101.40773,101.45887,101.38773,101.43887,1000
2026-02-04T13:40:00-05:00,101.47480,101.51142,101.45480,101.49142,1000
2026-02-04T13:41:00-05:00,101.54102,101.56130,101.52102,101.54130,1000
2026-02-04T13:42:00-05:00,101.60538,101.62538,101.56929,101.58929,1000
2026-02-04T13:43:00-05:00,101.66689,101.68689,101.61620,101.63620,1000
2026-02-04T13:44:00-05:00,101.72465,101.74465,101.66273,101.68273,1000
2026-02-04T13:45:00-05:00,101.77795,101.79795,101.70942,101.72942,1000
2026-02-04T13:46:00-05:00,101.82632,101.84632,101.75652,101.77652,1000
2026-02-04T13:47:00-05:00,101.86963,101.88963,101.80404,101.82404,1000
2026-02-04T13:48:00-05:00,101.90801,101.92801,101.85166,101.87166,1000
2026-02-04T13:49:00-05:00,101.94191,101.96191,101.89880,101.91880,1000
2026-02-04T13:50:00-05:00,101.97198,101.99198,101.94465,101.96465,1000
2026-02-04T13:51:00-05:00,101.99903,102.02828,101.97903,102.00828,1000
2026-02-04T13:52:00-05:00,102.02391,102.06873,102.00391,102.04873,1000
2026-02-04T13:53:00-05:00,102.04742,102.10507,102.02742,102.08507,1000
2026-02-04T13:54:00-05:00,102.07021,102.13656,102.05021,102.11656,1000
2026-02-04T13:55:00-05:00,102.09273,102.16266,102.07273,102.14266,1000
2026-02-04T13:56:00-05:00,102.11512,102.18314,102.09512,102.16314,1000
2026-02-04T13:57:00-05:00,102.13725,102.19808,102.11725,102.17808,1000
2026-02-04T13:58:00-05:00,102.15870,102.20784,102.13870,102.18784,1000
2026-02-04T13:59:00-05:00,102.17880,102.21304,102.15880,102.19304,1000
2026-02-04T14:00:00-05:00,102.19671,102.21671,102.17448,102.19448,1000
2026-02-04T14:01:00-05:00,102.21151,102.23151,102.17307,102.19307,1000
2026-02-04T14:02:00-05:00,102.22231,102.24231,102.16968,102.18968,1000
2026-02-04T14:03:00-05:00,102.22833,102.24833,102.16510,102.18510,1000
2026-02-04T14:04:00-05:00,102.22899,102.24899,102.15991,102.17991,1000
2026-02-04T14:05:00-05:00,102.22397,102.24397,102.15446,102.17446,1000
2026-02-04T14:06:00-05:00,102.21328,102.23328,102.14878,102.16878,1000
2026-02-04T14:07:00-05:00,102.19720,102.21720,102.14262,102.16262,1000
2026-02-04T14:08:00-05:00,102.17632,102.19632,102.13546,102.15546,1000
2026-02-04T14:09:00-05:00,102.15143,102.17143,102.12658,102.14658,1000
2026-02-04T14:10:00-05:00,102.12344,102.15514,102.10344,102.13514,1000
2026-02-04T14:11:00-05:00,102.09331,102.14028,102.07331,102.12028,1000
2026-02-04T14:12:00-05:00,102.06193,102.12119,102.04193,102.10119,1000
2026-02-04T14:13:00-05:00,102.03004,102.09727,102.01004,102.07727,1000
2026-02-04T14:14:00-05:00,101.99813,102.06813,101.97813,102.04813,1000
2026-02-04T14:15:00-05:00,101.96642,102.03369,101.94642,102.01369,1000
2026-02-04T14:16:00-05:00,101.93483,101.99416,101.91483,101.97416,1000
2026-02-04T14:17:00-05:00,101.90300,101.95007,101.88300,101.93007,1000
2026-02-04T14:18:00-05:00,101.87033,101.90216,101.85033,101.88216,1000
2026-02-04T14:19:00-05:00,101.83608,101.85608,101.81135,101.83135,1000
2026-02-04T14:20:00-05:00,101.79941,101.81941,101.75866,101.77866,1000
2026-02-04T14:21:00-05:00,101.75954,101.77954,101.70505,101.72505,1000
2026-02-04T14:22:00-05:00,101.71581,101.73581,101.65137,101.67137,1000
2026-02-04T14:23:00-05:00,101.66777,101.68777,101.59828,101.61828,1000
2026-02-04T14:24:00-05:00,101.61524,101.63524,101.54615,101.56615,1000
2026-02-04T14:25:00-05:00,101.55837,101.57837,101.49507,101.51507,1000
2026-02-04T14:26:00-05:00,101.49757,101.51757,101.44484,101.46484,1000
2026-02-04T14:27:00-05:00,101.43354,101.45354,101.39498,101.41498,1000
2026-02-04T14:28:00-05:00,101.36717,101.38717,101.34483,101.36483,1000
2026-02-04T14:29:00-05:00,101.29949,101.33362,101.27949,101.31362,1000
2026-02-04T14:30:00-05:00,101.23152,101.28056,101.21152,101.26056,1000
2026-02-04T14:31:00-05:00,101.16419,101.22495,101.14419,101.20495,1000
2026-02-04T14:32:00-05:00,101.09829,101.16628,101.07829,101.14628,1000
2026-02-04T14:33:00-05:00,101.03433,101.10427,101.01433,101.08427,1000
2026-02-04T14:34:00-05:00,100.97255,101.03895,100.95255,101.01895,1000
2026-02-04T14:35:00-05:00,100.91289,100.97063,100.89289,100.95063,1000
2026-02-04T14:36:00-05:00,100.85500,100.89993,100.83500,100.87993,1000
2026-02-04T14:37:00-05:00,100.79830,100.82767,100.77830,100.80767,1000
2026-02-04T14:38:00-05:00,100.74207,100.76207,100.71486,100.73486,1000
2026-02-04T14:39:00-05:00,100.68553,100.70553,100.64253,100.66253,1000
2026-02-04T14:40:00-05:00,100.62794,100.64794,100.57168,100.59168,1000
2026-02-04T14:41:00-05:00,100.56870,100.58870,100.50317,100.52317,1000
2026-02-04T14:42:00-05:00,100.50743,100.52743,100.43764,100.45764,1000
2026-02-04T14:43:00-05:00,100.44402,100.46402,100.37546,100.39546,1000
2026-02-04T14:44:00-05:00,100.37868,100.39868,100.31669,100.33669,1000
2026-02-04T14:45:00-05:00,100.31189,100.33189,100.26109,100.28109,1000
2026-02-04T14:46:00-05:00,100.24439,100.26439,100.20818,100.22818,1000
2026-02-04T14:47:00-05:00,100.17710,100.19726,100.15710,100.17726,1000
2026-02-04T14:48:00-05:00,100.11106,100.14757,100.09106,100.12757,1000
2026-02-04T14:49:00-05:00,100.04727,100.09832,100.02727,100.07832,1000
2026-02-04T14:50:00-05:00,99.98666,100.04882,99.96666,100.02882,1000
2026-02-04T14:51:00-05:00,99.92996,99.99859,99.90996,99.97859,1000
2026-02-04T14:52:00-05:00,99.87762,99.94737,99.85762,99.92737,1000
2026-02-04T14:53:00-05:00,99.82982,99.89522,99.80982,99.87522,1000
2026-02-04T14:54:00-05:00,99.78642,99.84247,99.76642,99.82247,1000
2026-02-04T14:55:00-05:00,99.74702,99.78974,99.72702,99.76974,1000
2026-02-04T14:56:00-05:00,99.71096,99.73786,99.69096,99.71786,1000
2026-02-04T14:57:00-05:00,99.67748,99.69748,99.64780,99.66780,1000
2026-02-04T14:58:00-05:00,99.64576,99.66576,99.60055,99.62055,1000
2026-02-04T14:59:00-05:00,99.61501,99.63501,99.55707,99.57707,1000
2026-02-04T15:00:00-05:00,99.58463,99.60463,99.51812,99.53812,1000
2026-02-04T15:01:00-05:00,99.55421,99.57421,99.48426,99.50426,1000
2026-02-04T15:02:00-05:00,99.52364,99.54364,99.45574,99.47574,1000
2026-02-04T15:03:00-05:00,99.49309,99.51309,99.43252,99.45252,1000
2026-02-04T15:04:00-05:00,99.46304,99.48304,99.41426,99.43426,1000
2026-02-04T15:05:00-05:00,99.43418,99.45418,99.40037,99.42037,1000
2026-02-04T15:06:00-05:00,99.40740,99.43006,99.38740,99.41006,1000
2026-02-04T15:07:00-05:00,99.38364,99.42249,99.36364,99.40249,1000
2026-02-04T15:08:00-05:00,99.36383,99.41680,99.34383,99.39680,1000
2026-02-04T15:09:00-05:00,99.34879,99.41224,99.32879,99.39224,1000
2026-02-04T15:10:00-05:00,99.33912,99.40827,99.31912,99.38827,1000
2026-02-04T15:11:00-05:00,99.33516,99.40461,99.31516,99.38461,1000
2026-02-04T15:12:00-05:00,99.33695,99.40124,99.31695,99.38124,1000
2026-02-04T15:13:00-05:00,99.34421,99.39847,99.32421,99.37847,1000
2026-02-04T15:14:00-05:00,99.35639,99.39685,99.33639,99.37685,1000
2026-02-04T15:15:00-05:00,99.37274,99.39715,99.35274,99.37715,1000
2026-02-04T15:16:00-05:00,99.39238,99.41238,99.36025,99.38025,1000
2026-02-04T15:17:00-05:00,99.41437,99.43437,99.36704,99.38704,1000
2026-02-04T15:18:00-05:00,99.43787,99.45787,99.37834,99.39834,1000
2026-02-04T15:19:00-05:00,99.46218,99.48218,99.39481,99.41481,1000
2026-02-04T15:20:00-05:00,99.48684,99.50684,99.41684,99.43684,1000
2026-02-04T15:21:00-05:00,99.51168,99.53168,99.44456,99.46456,1000
2026-02-04T15:22:00-05:00,99.53682,99.55682,99.47776,99.49776,1000
2026-02-04T15:23:00-05:00,99.56265,99.58265,99.51595,99.53595,1000
2026-02-04T15:24:00-05:00,99.58980,99.60980,99.55841,99.57841,1000
2026-02-04T15:25:00-05:00,99.61907,99.64424,99.59907,99.62424,1000
2026-02-04T15:26:00-05:00,99.65131,99.69246,99.63131,99.67246,1000
2026-02-04T15:27:00-05:00,99.68732,99.74213,99.66732,99.72213,1000
2026-02-04T15:28:00-05:00,99.72780,99.79244,99.70780,99.77244,1000
2026-02-04T15:29:00-05:00,99.77321,99.84276,99.75321,99.82276,1000
2026-02-04T15:30:00-05:00,99.82374,99.89275,99.80374,99.87275,1000
2026-02-04T15:31:00-05:00,99.87927,99.94234,99.85927,99.92234,1000
2026-02-04T15:32:00-05:00,99.93940,99.99179,99.91940,99.97179,1000
2026-02-04T15:33:00-05:00,100.00343,100.04158,99.98343,100.02158,1000
2026-02-04T15:34:00-05:00,100.07050,100.09241,100.05050,100.07241,1000
2026-02-04T15:35:00-05:00,100.13961,100.15961,100.10506,100.12506,1000
2026-02-04T15:36:00-05:00,100.20974,100.22974,100.16035,100.18035,1000
2026-02-04T15:37:00-05:00,100.27998,100.29998,100.21897,100.23897,1000
2026-02-04T15:38:00-05:00,100.34958,100.36958,100.28146,100.30146,1000
2026-02-04T15:39:00-05:00,100.41802,100.43802,100.34810,100.36810,1000
2026-02-04T15:40:00-05:00,100.48509,100.50509,100.41887,100.43887,1000
2026-02-04T15:41:00-05:00,100.55089,100.57089,100.49345,100.51345,1000
2026-02-04T15:42:00-05:00,100.61577,100.63577,100.57122,100.59122,1000
2026-02-04T15:43:00-05:00,100.68031,100.70031,100.65137,100.67137,1000
2026-02-04T15:44:00-05:00,100.74526,100.77291,100.72526,100.75291,1000
2026-02-04T15:45:00-05:00,100.81139,100.85479,100.79139,100.83479,1000
2026-02-04T15:46:00-05:00,100.87945,100.93602,100.85945,100.91602,1000
2026-02-04T15:47:00-05:00,100.95003,101.01575,100.93003,100.99575,1000
2026-02-04T15:48:00-05:00,101.02351,101.09334,101.00351,101.07334,1000
2026-02-04T15:49:00-05:00,101.09998,101.16843,101.07998,101.14843,1000
2026-02-04T15:50:00-05:00,101.17923,101.24097,101.15923,101.22097,1000
2026-02-04T15:51:00-05:00,101.26076,101.31120,101.24076,101.29120,1000
2026-02-04T15:52:00-05:00,101.34382,101.37961,101.32382,101.35961,1000
2026-02-04T15:53:00-05:00,101.42747,101.44747,101.40687,101.42687,1000
2026-02-04T15:54:00-05:00,101.51068,101.53068,101.47375,101.49375,1000
2026-02-04T15:55:00-05:00,101.59242,101.61242,101.54103,101.56103,1000
2026-02-04T15:56:00-05:00,101.67176,101.69176,101.60936,101.62936,1000
2026-02-04T15:57:00-05:00,101.74797,101.76797,101.67923,101.69923,1000
2026-02-04T15:58:00-05:00,101.82057,101.84057,101.75086,101.77086,1000
2026-02-04T15:59:00-05:00,101.88939,101.90939,101.82418,101.84418,1000
2026-02-05T09:30:00-05:00,101.95455,101.97455,101.89882,101.91882,1000
2026-02-05T09:31:00-05:00,102.01646,102.03646,101.97413,101.99413,1000
2026-02-05T09:32:00-05:00,102.07572,102.09572,102.04927,102.06927,1000
2026-02-05T09:33:00-05:00,102.13311,102.16323,102.11311,102.14323,1000
2026-02-05T09:34:00-05:00,102.18942,102.23501,102.16942,102.21501,1000
2026-02-05T09:35:00-05:00,102.24539,102.30363,102.22539,102.28363,1000
2026-02-05T09:36:00-05:00,102.30162,102.36829,102.28162,102.34829,1000
2026-02-05T09:37:00-05:00,102.35846,102.42843,102.33846,102.40843,1000
2026-02-05T09:38:00-05:00,102.41600,102.48378,102.39600,102.46378,1000
2026-02-05T09:39:00-05:00,102.47403,102.53434,102.45403,102.51434,1000
2026-02-05T09:40:00-05:00,102.53203,102.58045,102.51203,102.56045,1000
2026-02-05T09:41:00-05:00,102.58928,102.62267,102.56928,102.60267,1000
2026-02-05T09:42:00-05:00,102.64485,102.66485,102.62174,102.64174,1000
2026-02-05T09:43:00-05:00,102.69777,102.71777,102.65851,102.67851,1000
2026-02-05T09:44:00-05:00,102.74708,102.76708,102.69378,102.71378,1000
2026-02-05T09:45:00-05:00,102.79192,102.81192,102.72825,102.74825,1000
2026-02-05T09:46:00-05:00,102.83168,102.85168,102.76244,102.78244,1000
2026-02-05T09:47:00-05:00,102.86598,102.88598,102.79660,102.81660,1000
2026-02-05T09:48:00-05:00,102.89476,102.91476,102.83068,102.85068,1000
2026-02-05T09:49:00-05:00,102.91827,102.93827,102.86433,102.88433,1000
2026-02-05T09:50:00-05:00,102.93702,102.95702,102.89697,102.91697,1000
2026-02-05T09:51:00-05:00,102.95175,102.97175,102.92778,102.94778,1000
2026-02-05T09:52:00-05:00,102.96330,102.99586,102.94330,102.97586,1000
2026-02-05T09:53:00-05:00,102.97256,103.02026,102.95256,103.00026,1000
2026-02-05T09:54:00-05:00,102.98034,103.04014,102.96034,103.02014,1000
2026-02-05T09:55:00-05:00,102.98730,103.05481,102.96730,103.03481,1000
2026-02-05T09:56:00-05:00,102.99384,103.06384,102.97384,103.04384,1000
2026-02-05T09:57:00-05:00,103.00012,103.06709,102.98012,103.04709,1000
2026-02-05T09:58:00-05:00,103.00595,103.06473,102.98595,103.04473,1000
2026-02-05T09:59:00-05:00,103.01090,103.05722,102.99090,103.03722,1000
2026-02-05T10:00:00-05:00,103.01430,103.04526,102.99430,103.02526,1000
2026-02-05T10:01:00-05:00,103.01532,103.03532,102.98971,103.00971,1000
2026-02-05T10:02:00-05:00,103.01307,103.03307,102.97152,102.99152,1000
2026-02-05T10:03:00-05:00,103.00672,103.02672,102.95159,102.97159,1000
2026-02-05T10:04:00-05:00,102.99554,103.01554,102.93070,102.95070,1000
2026-02-05T10:05:00-05:00,102.97904,102.99904,102.90943,102.92943,1000
2026-02-05T10:06:00-05:00,102.95702,102.97702,102.88810,102.90810,1000
2026-02-05T10:07:00-05:00,102.92956,102.94956,102.86671,102.88671,1000
2026-02-05T10:08:00-05:00,102.89705,102.91705,102.84499,102.86499,1000
2026-02-05T10:09:00-05:00,102.86015,102.88015,102.82241,102.84241,1000
2026-02-05T10:10:00-05:00,102.81971,102.83971,102.79825,102.81825,1000
2026-02-05T10:11:00-05:00,102.77672,102.81169,102.75672,102.79169,1000
2026-02-05T10:12:00-05:00,102.73213,102.78189,102.71213,102.76189,1000
2026-02-05T10:13:00-05:00,102.68686,102.74813,102.66686,102.72813,1000
2026-02-05T10:14:00-05:00,102.64163,102.70986,102.62163,102.68986,1000
2026-02-05T10:15:00-05:00,102.59689,102.66678,102.57689,102.64678,1000
2026-02-05T10:16:00-05:00,102.55285,102.61891,102.53285,102.59891,1000
2026-02-05T10:17:00-05:00,102.50939,102.56654,102.48939,102.54654,1000
2026-02-05T10:18:00-05:00,102.46613,102.51028,102.44613,102.49028,1000
2026-02-05T10:19:00-05:00,102.42244,102.45094,102.40244,102.43094,1000
2026-02-05T10:20:00-05:00,102.37758,102.39758,102.34949,102.36949,1000
2026-02-05T10:21:00-05:00,102.33075,102.35075,102.28696,102.30696,1000
2026-02-05T10:22:00-05:00,102.28120,102.30120,102.22433,102.24433,1000
2026-02-05T10:23:00-05:00,102.22832,102.24832,102.16243,102.18243,1000
2026-02-05T10:24:00-05:00,102.17175,102.19175,102.10189,102.12189,1000
2026-02-05T10:25:00-05:00,102.11138,102.13138,102.04304,102.06304,1000
2026-02-05T10:26:00-05:00,102.04742,102.06742,101.98592,102.00592,1000
2026-02-05T10:27:00-05:00,101.98037,102.00037,101.93028,101.95028,1000
2026-02-05T10:28:00-05:00,101.91099,101.93099,101.87562,101.89562,1000
2026-02-05T10:29:00-05:00,101.84022,101.86126,101.82022,101.84126,1000
2026-02-05T10:30:00-05:00,101.76908,101.80643,101.74908,101.78643,1000
2026-02-05T10:31:00-05:00,101.69862,101.75035,101.67862,101.73035,1000
2026-02-05T10:32:00-05:00,101.62975,101.69238,101.60975,101.67238,1000
2026-02-05T10:33:00-05:00,101.56320,101.63203,101.54320,101.61203,1000
2026-02-05T10:34:00-05:00,101.49944,101.56910,101.47944,101.54910,1000
2026-02-05T10:35:00-05:00,101.43866,101.50368,101.41866,101.48368,1000
2026-02-05T10:36:00-05:00,101.38072,101.43614,101.36072,101.41614,1000
2026-02-05T10:37:00-05:00,101.32523,101.36715,101.30523,101.34715,1000
2026-02-05T10:38:00-05:00,101.27157,101.29759,101.25157,101.27759,1000
2026-02-05T10:39:00-05:00,101.21899,101.23899,101.18844,101.20844,1000
2026-02-05T10:40:00-05:00,101.16672,101.18672,101.12076,101.14076,1000
2026-02-05T10:41:00-05:00,101.11402,101.13402,101.05551,101.07551,1000
2026-02-05T10:42:00-05:00,101.06033,101.08033,100.99350,101.01350,1000
2026-02-05T10:43:00-05:00,101.00531,101.02531,100.93532,100.95532,1000
2026-02-05T10:44:00-05:00,100.94890,100.96890,100.88126,100.90126,1000
2026-02-05T10:45:00-05:00,100.89135,100.91135,100.83130,100.85130,1000
2026-02-05T10:46:00-05:00,100.83319,100.85319,100.78514,100.80514,1000
2026-02-05T10:47:00-05:00,100.77519,100.79519,100.74223,100.76223,1000
2026-02-05T10:48:00-05:00,100.71828,100.74183,100.69828,100.72183,1000
2026-02-05T10:49:00-05:00,100.66348,100.70315,100.64348,100.68315,1000
2026-02-05T10:50:00-05:00,100.61177,100.66541,100.59177,100.64541,1000
2026-02-05T10:51:00-05:00,100.56402,100.62791,100.54402,100.60791,1000
2026-02-05T10:52:00-05:00,100.52089,100.59020,100.50089,100.57020,1000
2026-02-05T10:53:00-05:00,100.48275,100.55205,100.46275,100.53205,1000
2026-02-05T10:54:00-05:00,100.44969,100.51356,100.42969,100.49356,1000
2026-02-05T10:55:00-05:00,100.42149,100.47510,100.40149,100.45510,1000
2026-02-05T10:56:00-05:00,100.39766,100.43731,100.37766,100.41731,1000
2026-02-05T10:57:00-05:00,100.37749,100.40102,100.35749,100.38102,1000
2026-02-05T10:58:00-05:00,100.36018,100.38018,100.32719,100.34719,1000
2026-02-05T10:59:00-05:00,100.34485,100.36485,100.29678,100.31678,1000
2026-02-05T11:00:00-05:00,100.33075,100.35075,100.27068,100.29068,1000
2026-02-05T11:01:00-05:00,100.31725,100.33725,100.24960,100.26960,1000
2026-02-05T11:02:00-05:00,100.30398,100.32398,100.23400,100.25400,1000
2026-02-05T11:03:00-05:00,100.29086,100.31086,100.22404,100.24404,1000
2026-02-05T11:04:00-05:00,100.27808,100.29808,100.21958,100.23958,1000
2026-02-05T11:05:00-05:00,100.26613,100.28613,100.22019,100.24019,1000
2026-02-05T11:06:00-05:00,100.25573,100.27573,100.22520,100.24520,1000
2026-02-05T11:07:00-05:00,100.24773,100.27378,100.22773,100.25378,1000
2026-02-05T11:08:00-05:00,100.24306,100.28502,100.22306,100.26502,1000
2026-02-05T11:09:00-05:00,100.24260,100.29805,100.22260,100.27805,1000
2026-02-05T11:10:00-05:00,100.24709,100.31212,100.22709,100.29212,1000
2026-02-05T11:11:00-05:00,100.25705,100.32671,100.23705,100.30671,1000
2026-02-05T11:12:00-05:00,100.27272,100.34154,100.25272,100.32154,1000
2026-02-05T11:13:00-05:00,100.29403,100.35665,100.27403,100.33665,1000
2026-02-05T11:14:00-05:00,100.32062,100.37234,100.30062,100.35234,1000
2026-02-05T11:15:00-05:00,100.35187,100.38919,100.33187,100.36919,1000
2026-02-05T11:16:00-05:00,100.38693,100.40795,100.36693,100.38795,1000
2026-02-05T11:17:00-05:00,100.42487,100.44487,100.38948,100.40948,1000
2026-02-05T11:18:00-05:00,100.46475,100.48475,100.41464,100.43464,1000
2026-02-05T11:19:00-05:00,100.50569,100.52569,100.44418,100.46418,1000
2026-02-05T11:20:00-05:00,100.54703,100.56703,100.47868,100.49868,1000
2026-02-05T11:21:00-05:00,100.58830,100.60830,100.51845,100.53845,1000
2026-02-05T11:22:00-05:00,100.62938,100.64938,100.56350,100.58350,1000
2026-02-05T11:23:00-05:00,100.67040,100.69040,100.61355,100.63355,1000
2026-02-05T11:24:00-05:00,100.71178,100.73178,100.66801,100.68801,1000
2026-02-05T11:25:00-05:00,100.75416,100.77416,100.72610,100.74610,1000
2026-02-05T11:26:00-05:00,100.79833,100.82686,100.77833,100.80686,1000
2026-02-05T11:27:00-05:00,100.84510,100.88928,100.82510,100.86928,1000
2026-02-05T11:28:00-05:00,100.89524,100.95241,100.87524,100.93241,1000
2026-02-05T11:29:00-05:00,100.94937,101.01543,100.92937,100.99543,1000
2026-02-05T11:30:00-05:00,101.00788,101.07777,100.98788,101.05777,1000
2026-02-05T11:31:00-05:00,101.07086,101.13909,101.05086,101.11909,1000
2026-02-05T11:32:00-05:00,101.13813,101.19939,101.11813,101.17939,1000
2026-02-05T11:33:00-05:00,101.20919,101.25892,101.18919,101.23892,1000
2026-02-05T11:34:00-05:00,101.28328,101.31823,101.26328,101.29823,1000
2026-02-05T11:35:00-05:00,101.35948,101.37948,101.33799,101.35799,1000
2026-02-05T11:36:00-05:00,101.43676,101.45676,101.39900,101.41900,1000
2026-02-05T11:37:00-05:00,101.51410,101.53410,101.46203,101.48203,1000
2026-02-05T11:38:00-05:00,101.59060,101.61060,101.52774,101.54774,1000
2026-02-05T11:39:00-05:00,101.66553,101.68553,101.59660,101.61660,1000
2026-02-05T11:40:00-05:00,101.73843,101.75843,101.66882,101.68882,1000
2026-02-05T11:41:00-05:00,101.80913,101.82913,101.74430,101.76430,1000
2026-02-05T11:42:00-05:00,101.87777,101.89777,101.82266,101.84266,1000
2026-02-05T11:43:00-05:00,101.94475,101.96475,101.90322,101.92322,1000
2026-02-05T11:44:00-05:00,102.01070,102.03070,101.98511,102.00511,1000
2026-02-05T11:45:00-05:00,102.07634,102.10732,102.05634,102.08732,1000
2026-02-05T11:46:00-05:00,102.14247,102.18881,102.12247,102.16881,1000
2026-02-05T11:47:00-05:00,102.20980,102.26859,102.18980,102.24859,1000
2026-02-05T11:48:00-05:00,102.27888,102.34586,102.25888,102.32586,1000
2026-02-05T11:49:00-05:00,102.35003,102.42003,102.33003,102.40003,1000
2026-02-05T11:50:00-05:00,102.42329,102.49080,102.40329,102.47080,1000
2026-02-05T11:51:00-05:00,102.49840,102.55818,102.47840,102.53818,1000
2026-02-05T11:52:00-05:00,102.57480,102.62248,102.55480,102.60248,1000
2026-02-05T11:53:00-05:00,102.65170,102.68423,102.63170,102.66423,1000
2026-02-05T11:54:00-05:00,102.72814,102.74814,102.70415,102.72415,1000
2026-02-05T11:55:00-05:00,102.80309,102.82309,102.76301,102.78301,1000
2026-02-05T11:56:00-05:00,102.87555,102.89555,102.82160,102.84160,1000
2026-02-05T11:57:00-05:00,102.94464,102.96464,102.88055,102.90055,1000
2026-02-05T11:58:00-05:00,103.00969,103.02969,102.94031,102.96031,1000
2026-02-05T11:59:00-05:00,103.07029,103.09029,103.00106,103.02106,1000
2026-02-05T12:00:00-05:00,103.12634,103.14634,103.06268,103.08268,1000
2026-02-05T12:01:00-05:00,103.17805,103.19805,103.12477,103.14477,1000
2026-02-05T12:02:00-05:00,103.22589,103.24589,103.18664,103.20664,1000
2026-02-05T12:03:00-05:00,103.27053,103.29053,103.24744,103.26744,1000
2026-02-05T12:04:00-05:00,103.31277,103.34619,103.29277,103.32619,1000
2026-02-05T12:05:00-05:00,103.35343,103.40187,103.33343,103.38187,1000
2026-02-05T12:06:00-05:00,103.39326,103.45359,103.37326,103.43359,1000
2026-02-05T12:07:00-05:00,103.43282,103.50060,103.41282,103.48060,1000
2026-02-05T12:08:00-05:00,103.47246,103.54243,103.45246,103.52243,1000
2026-02-05T12:09:00-05:00,103.51221,103.57887,103.49221,103.55887,1000
2026-02-05T12:10:00-05:00,103.55185,103.61006,103.53185,103.59006,1000
2026-02-05T12:11:00-05:00,103.59083,103.63639,103.57083,103.61639,1000
2026-02-05T12:12:00-05:00,103.62841,103.65850,103.60841,103.63850,1000
2026-02-05T12:13:00-05:00,103.66369,103.68369,103.63720,103.65720,1000
2026-02-05T12:14:00-05:00,103.69570,103.71570,103.65335,103.67335,1000
2026-02-05T12:15:00-05:00,103.72354,103.74354,103.66779,103.68779,1000
2026-02-05T12:16:00-05:00,103.74644,103.76644,103.68122,103.70122,1000
2026-02-05T12:17:00-05:00,103.76384,103.78384,103.69413,103.71413,1000
2026-02-05T12:18:00-05:00,103.77548,103.79548,103.70675,103.72675,1000
2026-02-05T12:19:00-05:00,103.78139,103.80139,103.71901,103.73901,1000
2026-02-05T12:20:00-05:00,103.78191,103.80191,103.73054,103.75054,1000
2026-02-05T12:21:00-05:00,103.77764,103.79764,103.74074,103.76074,1000
2026-02-05T12:22:00-05:00,103.76938,103.78938,103.74880,103.76880,1000
2026-02-05T12:23:00-05:00,103.75803,103.79384,103.73803,103.77384,1000
2026-02-05T12:24:00-05:00,103.74450,103.79497,103.72450,103.77497,1000
2026-02-05T12:25:00-05:00,103.72963,103.79139,103.70963,103.77139,1000
2026-02-05T12:26:00-05:00,103.71405,103.78250,103.69405,103.76250,1000
2026-02-05T12:27:00-05:00,103.69815,103.76798,103.67815,103.74798,1000
2026-02-05T12:28:00-05:00,103.68206,103.74776,103.66206,103.72776,1000
2026-02-05T12:29:00-05:00,103.66558,103.72213,103.64558,103.70213,1000
2026-02-05T12:30:00-05:00,103.64826,103.69163,103.62826,103.67163,1000
2026-02-05T12:31:00-05:00,103.62941,103.65704,103.60941,103.63704,1000
2026-02-05T12:32:00-05:00,103.60823,103.62823,103.57927,103.59927,1000
2026-02-05T12:33:00-05:00,103.58386,103.60386,103.53930,103.55930,1000
2026-02-05T12:34:00-05:00,103.55552,103.57552,103.49806,103.51806,1000
2026-02-05T12:35:00-05:00,103.52256,103.54256,103.45632,103.47632,1000
2026-02-05T12:36:00-05:00,103.48457,103.50457,103.41465,103.43465,1000
2026-02-05T12:37:00-05:00,103.44143,103.46143,103.37332,103.39332,1000
2026-02-05T12:38:00-05:00,103.39333,103.41333,103.33233,103.35233,1000
2026-02-05T12:39:00-05:00,103.34074,103.36074,103.29136,103.31136,1000
2026-02-05T12:40:00-05:00,103.28440,103.30440,103.24988,103.26988,1000
2026-02-05T12:41:00-05:00,103.22523,103.24716,103.20523,103.22716,1000
2026-02-05T12:42:00-05:00,103.16422,103.20239,103.14422,103.18239,1000
2026-02-05T12:43:00-05:00,103.10238,103.15479,103.08238,103.13479,1000
2026-02-05T12:44:00-05:00,103.04059,103.10368,103.02059,103.08368,1000
2026-02-05T12:45:00-05:00,102.97956,103.04858,102.95956,103.02858,1000
2026-02-05T12:46:00-05:00,102.91973,102.98928,102.89973,102.96928,1000
2026-02-05T12:47:00-05:00,102.86124,102.92587,102.84124,102.90587,1000
2026-02-05T12:48:00-05:00,102.80393,102.85873,102.78393,102.83873,1000
2026-02-05T12:49:00-05:00,102.74740,102.78853,102.72740,102.76853,1000
2026-02-05T12:50:00-05:00,102.69101,102.71615,102.67101,102.69615,1000
2026-02-05T12:51:00-05:00,102.63400,102.65400,102.60259,102.62259,1000
2026-02-05T12:52:00-05:00,102.57559,102.59559,102.52888,102.54888,1000
2026-02-05T12:53:00-05:00,102.51508,102.53508,102.45600,102.47600,1000
2026-02-05T12:54:00-05:00,102.45189,102.47189,102.38476,102.40476,1000
2026-02-05T12:55:00-05:00,102.38573,102.40573,102.31574,102.33574,1000
2026-02-05T12:56:00-05:00,102.31657,102.33657,102.24921,102.26921,1000
2026-02-05T12:57:00-05:00,102.24468,102.26468,102.18517,102.20517,1000
2026-02-05T12:58:00-05:00,102.17062,102.19062,102.12331,102.14331,1000
2026-02-05T12:59:00-05:00,102.09521,102.11521,102.06310,102.08310,1000
2026-02-05T13:00:00-05:00,102.01940,102.04383,101.99940,102.02383,1000
2026-02-05T13:01:00-05:00,101.94423,101.98472,101.92423,101.96472,1000
2026-02-05T13:02:00-05:00,101.87073,101.92501,101.85073,101.90501,1000
2026-02-05T13:03:00-05:00,101.79978,101.86408,101.77978,101.84408,1000
2026-02-05T13:04:00-05:00,101.73205,101.80150,101.71205,101.78150,1000
2026-02-05T13:05:00-05:00,101.66796,101.73711,101.64796,101.71711,1000
2026-02-05T13:06:00-05:00,101.60761,101.67105,101.58761,101.65105,1000
2026-02-05T13:07:00-05:00,101.55081,101.60376,101.53081,101.58376,1000
2026-02-05T13:08:00-05:00,101.49711,101.53594,101.47711,101.51594,1000
2026-02-05T13:09:00-05:00,101.44583,101.46847,101.42583,101.44847,1000
2026-02-05T13:10:00-05:00,101.39622,101.41622,101.36237,101.38237,1000
2026-02-05T13:11:00-05:00,101.34746,101.36746,101.29866,101.31866,1000
2026-02-05T13:12:00-05:00,101.29884,101.31884,101.23825,101.25825,1000
2026-02-05T13:13:00-05:00,101.24983,101.26983,101.18192,101.20192,1000
2026-02-05T13:14:00-05:00,101.20011,101.22011,101.13016,101.15016,1000
2026-02-05T13:15:00-05:00,101.14968,101.16968,101.08318,101.10318,1000
2026-02-05T13:16:00-05:00,101.09881,101.11881,101.04088,101.06088,1000
2026-02-05T13:17:00-05:00,101.04807,101.06807,101.00289,101.02289,1000
2026-02-05T13:18:00-05:00,100.99825,101.01825,100.96859,100.98859,1000
2026-02-05T13:19:00-05:00,100.95027,100.97720,100.93027,100.95720,1000
2026-02-05T13:20:00-05:00,100.90514,100.94788,100.88514,100.92788,1000
2026-02-05T13:21:00-05:00,100.86379,100.91985,100.84379,100.89985,1000
2026-02-05T13:22:00-05:00,100.82701,100.89242,100.80701,100.87242,1000
2026-02-05T13:23:00-05:00,100.79540,100.86515,100.77540,100.84515,1000
2026-02-05T13:24:00-05:00,100.76923,100.83786,100.74923,100.81786,1000
2026-02-05T13:25:00-05:00,100.74851,100.81066,100.72851,100.79066,1000
2026-02-05T13:26:00-05:00,100.73292,100.78395,100.71292,100.76395,1000
2026-02-05T13:27:00-05:00,100.72189,100.75838,100.70189,100.73838,1000
2026-02-05T13:28:00-05:00,100.71466,100.73479,100.69466,100.71479,1000
2026-02-05T13:29:00-05:00,100.71035,100.73035,100.67411,100.69411,1000
2026-02-05T13:30:00-05:00,100.70808,100.72808,100.65727,100.67727,1000
2026-02-05T13:31:00-05:00,100.70708,100.72708,100.64508,100.66508,1000
2026-02-05T13:32:00-05:00,100.70674,100.72674,100.63817,100.65817,1000
2026-02-05T13:33:00-05:00,100.70670,100.72670,100.63692,100.65692,1000
2026-02-05T13:34:00-05:00,100.70691,100.72691,100.64138,100.66138,1000
2026-02-05T13:35:00-05:00,100.70758,100.72758,100.65133,100.67133,1000
2026-02-05T13:36:00-05:00,100.70922,100.72922,100.66624,100.68624,1000
2026-02-05T13:37:00-05:00,100.71255,100.73255,100.68536,100.70536,1000
2026-02-05T13:38:00-05:00,100.71841,100.74781,100.69841,100.72781,1000
2026-02-05T13:39:00-05:00,100.72769,100.77264,100.70769,100.75264,1000
2026-02-05T13:40:00-05:00,100.74121,100.79896,100.72121,100.77896,1000
2026-02-05T13:41:00-05:00,100.75963,100.82604,100.73963,100.80604,1000
2026-02-05T13:42:00-05:00,100.78340,100.85334,100.76340,100.83334,1000
2026-02-05T13:43:00-05:00,100.81266,100.88064,100.79266,100.86064,1000
2026-02-05T13:44:00-05:00,100.84724,100.90798,100.82724,100.88798,1000
2026-02-05T13:45:00-05:00,100.88668,100.93570,100.86668,100.91570,1000
2026-02-05T13:46:00-05:00,100.93028,100.96438,100.91028,100.94438,1000
2026-02-05T13:47:00-05:00,100.97715,100.99715,100.95478,100.97478,1000
2026-02-05T13:48:00-05:00,101.02630,101.04630,100.98772,101.00772,1000
2026-02-05T13:49:00-05:00,101.07677,101.09677,101.02402,101.04402,1000
2026-02-05T13:50:00-05:00,101.12769,101.14769,101.06438,101.08438,1000
2026-02-05T13:51:00-05:00,101.17839,101.19839,101.10929,101.12929,1000
2026-02-05T13:52:00-05:00,101.22847,101.24847,101.15898,101.17898,1000
2026-02-05T13:53:00-05:00,101.27780,101.29780,101.21337,101.23337,1000
2026-02-05T13:54:00-05:00,101.32656,101.34656,101.27209,101.29209,1000
2026-02-05T13:55:00-05:00,101.37520,101.39520,101.33448,101.35448,1000
2026-02-05T13:56:00-05:00,101.42438,101.44438,101.39968,101.41968,1000
2026-02-05T13:57:00-05:00,101.47485,101.50669,101.45485,101.48669,1000
2026-02-05T13:58:00-05:00,101.52742,101.57451,101.50742,101.55451,1000
2026-02-05T13:59:00-05:00,101.58281,101.64216,101.56281,101.62216,1000
2026-02-05T14:00:00-05:00,101.64158,101.70886,101.62158,101.68886,1000
2026-02-05T14:01:00-05:00,101.70405,101.77405,101.68405,101.75405,1000
2026-02-05T14:02:00-05:00,101.77023,101.83745,101.75023,101.81745,1000
2026-02-05T14:03:00-05:00,101.83986,101.89910,101.81986,101.87910,1000
2026-02-05T14:04:00-05:00,101.91237,101.95931,101.89237,101.93931,1000
2026-02-05T14:05:00-05:00,101.98695,102.01863,101.96695,101.99863,1000
2026-02-05T14:06:00-05:00,102.06263,102.08263,102.03776,102.05776,1000
2026-02-05T14:07:00-05:00,102.13838,102.15838,102.09749,102.11749,1000
2026-02-05T14:08:00-05:00,102.21318,102.23318,102.15858,102.17858,1000
2026-02-05T14:09:00-05:00,102.28614,102.30614,102.22164,102.24164,1000
2026-02-05T14:10:00-05:00,102.35659,102.37659,102.28708,102.30708,1000
2026-02-05T14:11:00-05:00,102.42412,102.44412,102.35506,102.37506,1000
2026-02-05T14:12:00-05:00,102.48863,102.50863,102.42541,102.44541,1000
2026-02-05T14:13:00-05:00,102.55030,102.57030,102.49769,102.51769,1000
2026-02-05T14:14:00-05:00,102.60959,102.62959,102.57117,102.59117,1000
2026-02-05T14:15:00-05:00,102.66716,102.68716,102.64496,102.66496,1000
2026-02-05T14:16:00-05:00,102.72376,102.75803,102.70376,102.73803,1000
2026-02-05T14:17:00-05:00,102.78018,102.82934,102.76018,102.80934,1000
2026-02-05T14:18:00-05:00,102.83712,102.89796,102.81712,102.87796,1000
2026-02-05T14:19:00-05:00,102.89509,102.96312,102.87509,102.94312,1000
2026-02-05T14:20:00-05:00,102.95437,103.02430,102.93437,103.00430,1000
2026-02-05T14:21:00-05:00,103.01494,103.08128,102.99494,103.06128,1000
2026-02-05T14:22:00-05:00,103.07651,103.13415,103.05651,103.11415,1000
2026-02-05T14:23:00-05:00,103.13847,103.18326,103.11847,103.16326,1000
2026-02-05T14:24:00-05:00,103.20000,103.22923,103.18000,103.20923,1000
2026-02-05T14:25:00-05:00,103.26015,103.28015,103.23279,103.25279,1000
2026-02-05T14:26:00-05:00,103.31790,103.33790,103.27477,103.29477,1000
2026-02-05T14:27:00-05:00,103.37229,103.39229,103.31592,103.33592,1000
2026-02-05T14:28:00-05:00,103.42249,103.44249,103.35690,103.37690,1000
2026-02-05T14:29:00-05:00,103.46790,103.48790,103.39810,103.41810,1000
2026-02-05T14:30:00-05:00,103.50821,103.52821,103.43968,103.45968,1000
2026-02-05T14:31:00-05:00,103.54339,103.56339,103.48149,103.50149,1000
2026-02-05T14:32:00-05:00,103.57376,103.59376,103.52308,103.54308,1000
2026-02-05T14:33:00-05:00,103.59983,103.61983,103.56376,103.58376,1000
2026-02-05T14:34:00-05:00,103.62236,103.64267,103.60236,103.62267,1000
2026-02-05T14:35:00-05:00,103.64218,103.67883,103.62218,103.65883,1000
2026-02-05T14:36:00-05:00,103.66013,103.71129,103.64013,103.69129,1000
2026-02-05T14:37:00-05:00,103.67697,103.73921,103.65697,103.71921,1000
2026-02-05T14:38:00-05:00,103.69324,103.76191,103.67324,103.74191,1000
2026-02-05T14:39:00-05:00,103.70927,103.77901,103.68927,103.75901,1000
2026-02-05T14:40:00-05:00,103.72507,103.79041,103.70507,103.77041,1000
2026-02-05T14:41:00-05:00,103.74038,103.79632,103.72038,103.77632,1000
2026-02-05T14:42:00-05:00,103.75465,103.79724,103.73465,103.77724,1000
2026-02-05T14:43:00-05:00,103.76712,103.79387,103.74712,103.77387,1000
2026-02-05T14:44:00-05:00,103.77692,103.79692,103.74709,103.76709,1000
2026-02-05T14:45:00-05:00,103.78311,103.80311,103.73778,103.75778,1000
2026-02-05T14:46:00-05:00,103.78485,103.80485,103.72681,103.74681,1000
2026-02-05T14:47:00-05:00,103.78143,103.80143,103.71487,103.73487,1000
2026-02-05T14:48:00-05:00,103.77241,103.79241,103.70244,103.72244,1000
2026-02-05T14:49:00-05:00,103.75759,103.77759,103.68973,103.70973,1000
2026-02-05T14:50:00-05:00,103.73713,103.75713,103.67664,103.69664,1000
2026-02-05T14:51:00-05:00,103.71145,103.73145,103.66279,103.68279,1000
2026-02-05T14:52:00-05:00,103.68123,103.70123,103.64755,103.66755,1000
2026-02-05T14:53:00-05:00,103.64734,103.67015,103.62734,103.65015,1000
2026-02-05T14:54:00-05:00,103.61072,103.64972,103.59072,103.62972,1000
2026-02-05T14:55:00-05:00,103.57232,103.62540,103.55232,103.60540,1000
2026-02-05T14:56:00-05:00,103.53296,103.59649,103.51296,103.57649,1000
2026-02-05T14:57:00-05:00,103.49328,103.56247,103.47328,103.54247,1000
2026-02-05T14:58:00-05:00,103.45365,103.52308,103.43365,103.50308,1000
2026-02-05T14:59:00-05:00,103.41416,103.47838,103.39416,103.45838,1000
2026-02-05T15:00:00-05:00,103.37458,103.42873,103.35458,103.40873,1000
2026-02-05T15:01:00-05:00,103.33444,103.37477,103.31444,103.35477,1000
2026-02-05T15:02:00-05:00,103.29307,103.31733,103.27307,103.29733,1000
2026-02-05T15:03:00-05:00,103.24966,103.26966,103.21739,103.23739,1000
2026-02-05T15:04:00-05:00,103.20340,103.22340,103.15595,103.17595,1000
2026-02-05T15:05:00-05:00,103.15355,103.17355,103.09393,103.11393,1000
2026-02-05T15:06:00-05:00,103.09954,103.11954,103.03212,103.05212,1000
2026-02-05T15:07:00-05:00,103.04103,103.06103,102.97103,102.99103,1000
2026-02-05T15:08:00-05:00,102.97800,102.99800,102.91092,102.93092,1000
2026-02-05T15:09:00-05:00,102.91071,102.93071,102.85174,102.87174,1000
2026-02-05T15:10:00-05:00,102.83972,102.85972,102.79315,102.81315,1000
2026-02-05T15:11:00-05:00,102.76583,102.78583,102.73458,102.75458,1000
2026-02-05T15:12:00-05:00,102.69000,102.71532,102.67000,102.69532,1000
2026-02-05T15:13:00-05:00,102.61327,102.65456,102.59327,102.63456,1000
2026-02-05T15:14:00-05:00,102.53663,102.59155,102.51663,102.57155,1000
2026-02-05T15:15:00-05:00,102.46096,102.52567,102.44096,102.50567,1000
2026-02-05T15:16:00-05:00,102.38693,102.45650,102.36693,102.43650,1000
2026-02-05T15:17:00-05:00,102.31492,102.38390,102.29492,102.36390,1000
2026-02-05T15:18:00-05:00,102.24505,102.30804,102.22505,102.28804,1000
2026-02-05T15:19:00-05:00,102.17710,102.22938,102.15710,102.20938,1000
2026-02-05T15:20:00-05:00,102.11062,102.14863,102.09062,102.12863,1000
2026-02-05T15:21:00-05:00,102.04495,102.06671,102.02495,102.04671,1000
2026-02-05T15:22:00-05:00,101.97934,101.99934,101.94465,101.96465,1000
2026-02-05T15:23:00-05:00,101.91300,101.93300,101.86348,101.88348,1000
2026-02-05T15:24:00-05:00,101.84526,101.86526,101.78416,101.80416,1000
2026-02-05T15:25:00-05:00,101.77560,101.79560,101.70745,101.72745,1000
2026-02-05T15:26:00-05:00,101.70377,101.72377,101.63387,101.65387,1000
2026-02-05T15:27:00-05:00,101.62981,101.64981,101.56364,101.58364,1000
2026-02-05T15:28:00-05:00,101.55404,101.57404,101.49669,101.51669,1000
2026-02-05T15:29:00-05:00,101.47707,101.49707,101.43266,101.45266,1000
2026-02-05T15:30:00-05:00,101.39975,101.41975,101.37096,101.39096,1000
2026-02-05T15:31:00-05:00,101.32306,101.35086,101.30306,101.33086,1000
2026-02-05T15:32:00-05:00,101.24803,101.29156,101.22803,101.27156,1000
2026-02-05T15:33:00-05:00,101.17565,101.23231,101.15565,101.21231,1000
2026-02-05T15:34:00-05:00,101.10675,101.17252,101.08675,101.15252,1000
2026-02-05T15:35:00-05:00,101.04195,101.11178,101.02195,101.09178,1000
2026-02-05T15:36:00-05:00,100.98158,101.04999,100.96158,101.02999,1000
2026-02-05T15:37:00-05:00,100.92567,100.98733,100.90567,100.96733,1000
2026-02-05T15:38:00-05:00,100.87396,100.92428,100.85396,100.90428,1000
2026-02-05T15:39:00-05:00,100.82591,100.86156,100.80591,100.84156,1000
2026-02-05T15:40:00-05:00,100.78082,100.80082,100.76007,100.78007,1000
2026-02-05T15:41:00-05:00,100.73788,100.75788,100.70082,100.72082,1000
2026-02-05T15:42:00-05:00,100.69628,100.71628,100.64477,100.66477,1000
2026-02-05T15:43:00-05:00,100.65529,100.67529,100.59282,100.61282,1000
2026-02-05T15:44:00-05:00,100.61441,100.63441,100.54564,100.56564,1000
2026-02-05T15:45:00-05:00,100.57335,100.59335,100.50366,100.52366,1000
2026-02-05T15:46:00-05:00,100.53214,100.55214,100.46699,100.48699,1000
2026-02-05T15:47:00-05:00,100.49109,100.51109,100.43546,100.45546,1000
2026-02-05T15:48:00-05:00,100.45078,100.47078,100.40859,100.42859,1000
2026-02-05T15:49:00-05:00,100.41201,100.43201,100.38570,100.40570,1000
2026-02-05T15:50:00-05:00,100.37570,100.40596,100.35570,100.38596,1000
2026-02-05T15:51:00-05:00,100.34281,100.38852,100.32281,100.36852,1000
2026-02-05T15:52:00-05:00,100.31422,100.37254,100.29422,100.35254,1000
2026-02-05T15:53:00-05:00,100.29066,100.35738,100.27066,100.33738,1000
2026-02-05T15:54:00-05:00,100.27262,100.34260,100.25262,100.32260,1000
2026-02-05T15:55:00-05:00,100.26031,100.32803,100.24031,100.30803,1000
2026-02-05T15:56:00-05:00,100.25361,100.31383,100.23361,100.29383,1000
2026-02-05T15:57:00-05:00,100.25211,100.30041,100.23211,100.28041,1000
2026-02-05T15:58:00-05:00,100.25518,100.28843,100.23518,100.26843,1000
2026-02-05T15:59:00-05:00,100.26198,100.28198,100.23872,100.25872,1000
2026-02-06T09:30:00-05:00,100.27159,100.29159,100.23219,100.25219,1000
2026-02-06T09:31:00-05:00,100.28312,100.30312,100.22970,100.24970,1000
2026-02-06T09:32:00-05:00,100.29576,100.31576,100.23202,100.25202,1000
2026-02-06T09:33:00-05:00,100.30894,100.32894,100.23968,100.25968,1000
2026-02-06T09:34:00-05:00,100.32232,100.34232,100.25296,100.27296,1000
2026-02-06T09:35:00-05:00,100.33585,100.35585,100.27183,100.29183,1000
2026-02-06T09:36:00-05:00,100.34979,100.36979,100.29596,100.31596,1000
2026-02-06T09:37:00-05:00,100.36465,100.38465,100.32474,100.34474,1000
2026-02-06T09:38:00-05:00,100.38116,100.40116,100.35734,100.37734,1000
2026-02-06T09:39:00-05:00,100.40014,100.43284,100.38014,100.41284,1000
2026-02-06T09:40:00-05:00,100.42243,100.47025,100.40243,100.45025,1000
2026-02-06T09:41:00-05:00,100.44880,100.50869,100.42880,100.48869,1000
2026-02-06T09:42:00-05:00,100.47985,100.54741,100.45985,100.52741,1000
2026-02-06T09:43:00-05:00,100.51592,100.58591,100.49592,100.56591,1000
2026-02-06T09:44:00-05:00,100.55707,100.62399,100.53707,100.60399,1000
2026-02-06T09:45:00-05:00,100.60303,100.66172,100.58303,100.64172,1000
2026-02-06T09:46:00-05:00,100.65327,100.69947,100.63327,100.67947,1000
2026-02-06T09:47:00-05:00,100.70701,100.73783,100.68701,100.71783,1000
2026-02-06T09:48:00-05:00,100.76330,100.78330,100.73755,100.75755,1000
2026-02-06T09:49:00-05:00,100.82113,100.84113,100.77945,100.79945,1000
2026-02-06T09:50:00-05:00,100.87952,100.89952,100.82429,100.84429,1000
2026-02-06T09:51:00-05:00,100.93762,100.95762,100.87271,100.89271,1000
2026-02-06T09:52:00-05:00,100.99477,101.01477,100.92514,100.94514,1000
2026-02-06T09:53:00-05:00,101.05061,101.07061,100.98172,101.00172,1000
2026-02-06T09:54:00-05:00,101.10506,101.12506,101.04229,101.06229,1000
2026-02-06T09:55:00-05:00,101.15834,101.17834,101.10640,101.12640,1000
2026-02-06T09:56:00-05:00,101.21092,101.23092,101.17332,101.19332,1000
2026-02-06T09:57:00-05:00,101.26347,101.28347,101.24215,101.26215,1000
2026-02-06T09:58:00-05:00,101.31676,101.35187,101.29676,101.33187,1000
2026-02-06T09:59:00-05:00,101.37156,101.42144,101.35156,101.40144,1000
2026-02-06T10:00:00-05:00,101.42857,101.48992,101.40857,101.46992,1000
2026-02-06T10:01:00-05:00,101.48828,101.55655,101.46828,101.53655,1000
2026-02-06T10:02:00-05:00,101.55094,101.62082,101.53094,101.60082,1000
2026-02-06T10:03:00-05:00,101.61651,101.68251,101.59651,101.66251,1000
2026-02-06T10:04:00-05:00,101.68465,101.74170,101.66465,101.72170,1000
2026-02-06T10:05:00-05:00,101.75474,101.79876,101.73474,101.77876,1000
2026-02-06T10:06:00-05:00,101.82592,101.85427,101.80592,101.83427,1000
2026-02-06T10:07:00-05:00,101.89720,101.91720,101.86897,101.88897,1000
2026-02-06T10:08:00-05:00,101.96754,101.98754,101.92362,101.94362,1000
2026-02-06T10:09:00-05:00,102.03595,102.05595,101.97898,101.99898,1000
2026-02-06T10:10:00-05:00,102.10158,102.12158,102.03563,102.05563,1000
2026-02-06T10:11:00-05:00,102.16381,102.18381,102.09393,102.11393,1000
2026-02-06T10:12:00-05:00,102.22229,102.24229,102.15399,102.17399,1000
2026-02-06T10:13:00-05:00,102.27700,102.29700,102.21558,102.23558,1000
2026-02-06T10:14:00-05:00,102.32819,102.34819,102.27822,102.29822,1000
2026-02-06T10:15:00-05:00,102.37637,102.39637,102.34114,102.36114,1000
2026-02-06T10:16:00-05:00,102.42224,102.44343,102.40224,102.42343,1000
2026-02-06T10:17:00-05:00,102.46659,102.50407,102.44659,102.48407,1000
2026-02-06T10:18:00-05:00,102.51020,102.56204,102.49020,102.54204,1000
2026-02-06T10:19:00-05:00,102.55375,102.61646,102.53375,102.59646,1000
2026-02-06T10:20:00-05:00,102.59775,102.66662,102.57775,102.64662,1000
2026-02-06T10:21:00-05:00,102.64243,102.71208,102.62243,102.69208,1000
2026-02-06T10:22:00-05:00,102.68774,102.75270,102.66774,102.73270,1000
2026-02-06T10:23:00-05:00,102.73332,102.78864,102.71332,102.76864,1000
2026-02-06T10:24:00-05:00,102.77857,102.82036,102.75857,102.80036,1000
2026-02-06T10:25:00-05:00,102.82264,102.84851,102.80264,102.82851,1000
2026-02-06T10:26:00-05:00,102.86458,102.88458,102.83388,102.85388,1000
2026-02-06T10:27:00-05:00,102.90341,102.92341,102.85732,102.87732,1000
2026-02-06T10:28:00-05:00,102.93822,102.95822,102.87961,102.89961,1000
2026-02-06T10:29:00-05:00,102.96823,102.98823,102.90135,102.92135,1000
2026-02-06T10:30:00-05:00,102.99295,103.01295,102.92296,102.94296,1000
2026-02-06T10:31:00-05:00,103.01214,103.03214,102.94455,102.96455,1000
2026-02-06T10:32:00-05:00,103.02589,103.04589,102.96593,102.98593,1000
2026-02-06T10:33:00-05:00,103.03457,103.05457,102.98664,103.00664,1000
2026-02-06T10:34:00-05:00,103.03880,103.05880,103.00598,103.02598,1000
2026-02-06T10:35:00-05:00,103.03938,103.06308,103.01938,103.04308,1000
2026-02-06T10:36:00-05:00,103.03720,103.07701,103.01720,103.05701,1000
2026-02-06T10:37:00-05:00,103.03312,103.08686,103.01312,103.06686,1000
2026-02-06T10:38:00-05:00,103.02789,103.09185,103.00789,103.07185,1000
2026-02-06T10:39:00-05:00,103.02206,103.09139,103.00206,103.07139,1000
2026-02-06T10:40:00-05:00,103.01591,103.08519,102.99591,103.06519,1000
2026-02-06T10:41:00-05:00,103.00946,103.07326,102.98946,103.05326,1000
2026-02-06T10:42:00-05:00,103.00240,103.05590,102.98240,103.03590,1000
2026-02-06T10:43:00-05:00,102.99417,103.03368,102.97417,103.01368,1000
2026-02-06T10:44:00-05:00,102.98403,103.00741,102.96403,102.98741,1000
2026-02-06T10:45:00-05:00,102.97111,102.99111,102.93798,102.95798,1000
2026-02-06T10:46:00-05:00,102.95453,102.97453,102.90633,102.92633,1000
2026-02-06T10:47:00-05:00,102.93349,102.95349,102.87334,102.89334,1000
2026-02-06T10:48:00-05:00,102.90738,102.92738,102.83969,102.85969,1000
2026-02-06T10:49:00-05:00,102.87583,102.89583,102.80585,102.82585,1000
2026-02-06T10:50:00-05:00,102.83876,102.85876,102.77199,102.79199,1000
2026-02-06T10:51:00-05:00,102.79640,102.81640,102.73799,102.75799,1000
2026-02-06T10:52:00-05:00,102.74927,102.76927,102.70346,102.72346,1000
2026-02-06T10:53:00-05:00,102.69815,102.71815,102.66776,102.68776,1000
2026-02-06T10:54:00-05:00,102.64393,102.67012,102.62393,102.65012,1000
2026-02-06T10:55:00-05:00,102.58762,102.62970,102.56762,102.60970,1000
2026-02-06T10:56:00-05:00,102.53016,102.58570,102.51016,102.56570,1000
2026-02-06T10:57:00-05:00,102.47238,102.53748,102.45238,102.51748,1000
2026-02-06T10:58:00-05:00,102.41491,102.48458,102.39491,102.46458,1000
2026-02-06T10:59:00-05:00,102.35807,102.42686,102.33807,102.40686,1000
2026-02-06T11:00:00-05:00,102.30192,102.36446,102.28192,102.34446,1000
2026-02-06T11:01:00-05:00,102.24623,102.29782,102.22623,102.27782,1000
2026-02-06T11:02:00-05:00,102.19048,102.22766,102.17048,102.20766,1000
2026-02-06T11:03:00-05:00,102.13399,102.15486,102.11399,102.13486,1000
2026-02-06T11:04:00-05:00,102.07598,102.09598,102.04045,102.06045,1000
2026-02-06T11:05:00-05:00,102.01566,102.03566,101.96543,101.98543,1000
2026-02-06T11:06:00-05:00,101.95233,101.97233,101.89074,101.91074,1000
2026-02-06T11:07:00-05:00,101.88550,101.90550,101.81711,101.83711,1000
2026-02-06T11:08:00-05:00,101.81490,101.83490,101.74505,101.76505,1000
2026-02-06T11:09:00-05:00,101.74058,101.76058,101.67475,101.69475,1000
2026-02-06T11:10:00-05:00,101.66288,101.68288,101.60613,101.62613,1000
2026-02-06T11:11:00-05:00,101.58244,101.60244,101.53881,101.55881,1000
2026-02-06T11:12:00-05:00,101.50011,101.52011,101.47219,101.49219,1000
2026-02-06T11:13:00-05:00,101.41687,101.44554,101.39687,101.42554,1000
2026-02-06T11:14:00-05:00,101.33378,101.37808,101.31378,101.35808,1000
2026-02-06T11:15:00-05:00,101.25182,101.30908,101.23182,101.28908,1000
2026-02-06T11:16:00-05:00,101.17184,101.23796,101.15184,101.21796,1000
2026-02-06T11:17:00-05:00,101.09445,101.16435,101.07445,101.14435,1000
2026-02-06T11:18:00-05:00,101.02001,101.08820,101.00001,101.06820,1000
2026-02-06T11:19:00-05:00,100.94854,101.00971,100.92854,100.98971,1000
2026-02-06T11:20:00-05:00,100.87979,100.92941,100.85979,100.90941,1000
2026-02-06T11:21:00-05:00,100.81326,100.84806,100.79326,100.82806,1000
2026-02-06T11:22:00-05:00,100.74825,100.76825,100.72661,100.74661,1000
2026-02-06T11:23:00-05:00,100.68399,100.70399,100.64609,100.66609,1000
2026-02-06T11:24:00-05:00,100.61971,100.63971,100.56752,100.58752,1000
2026-02-06T11:25:00-05:00,100.55475,100.57475,100.49182,100.51182,1000
2026-02-06T11:26:00-05:00,100.48864,100.50864,100.41969,100.43969,1000
2026-02-06T11:27:00-05:00,100.42117,100.44117,100.35158,100.37158,1000
2026-02-06T11:28:00-05:00,100.35241,100.37241,100.28765,100.30765,1000
2026-02-06T11:29:00-05:00,100.28276,100.30276,100.22775,100.24775,1000
2026-02-06T11:30:00-05:00,100.21285,100.23285,100.17146,100.19146,1000
2026-02-06T11:31:00-05:00,100.14355,100.16355,100.11812,100.13812,1000
2026-02-06T11:32:00-05:00,100.07584,100.10697,100.05584,100.08697,1000
2026-02-06T11:33:00-05:00,100.01074,100.05720,99.99074,100.03720,1000
2026-02-06T11:34:00-05:00,99.94918,100.00807,99.92918,99.98807,1000
2026-02-06T11:35:00-05:00,99.89194,99.95897,99.87194,99.93897,1000
2026-02-06T11:36:00-05:00,99.83956,99.90956,99.81956,99.88956,1000
2026-02-06T11:37:00-05:00,99.79230,99.85975,99.77230,99.83975,1000
2026-02-06T11:38:00-05:00,99.75008,99.80978,99.73008,99.78978,1000
2026-02-06T11:39:00-05:00,99.71257,99.76013,99.69257,99.74013,1000
2026-02-06T11:40:00-05:00,99.67916,99.71155,99.65916,99.69155,1000
2026-02-06T11:41:00-05:00,99.64909,99.66909,99.62495,99.64495,1000
2026-02-06T11:42:00-05:00,99.62151,99.64151,99.58129,99.60129,1000
2026-02-06T11:43:00-05:00,99.59559,99.61559,99.54152,99.56152,1000
2026-02-06T11:44:00-05:00,99.57061,99.59061,99.50645,99.52645,1000
2026-02-06T11:45:00-05:00,99.54609,99.56609,99.47668,99.49668,1000
2026-02-06T11:46:00-05:00,99.52175,99.54175,99.45255,99.47255,1000
2026-02-06T11:47:00-05:00,99.49765,99.51765,99.43407,99.45407,1000
2026-02-06T11:48:00-05:00,99.47414,99.49414,99.42097,99.44097,1000
2026-02-06T11:49:00-05:00,99.45180,99.47180,99.41269,99.43269,1000
2026-02-06T11:50:00-05:00,99.43143,99.45143,99.40850,99.42850,1000
2026-02-06T11:51:00-05:00,99.41393,99.44749,99.39393,99.42749,1000
2026-02-06T11:52:00-05:00,99.40023,99.44879,99.38023,99.42879,1000
2026-02-06T11:53:00-05:00,99.39114,99.45155,99.37114,99.43155,1000
2026-02-06T11:54:00-05:00,99.38731,99.45513,99.36731,99.43513,1000
2026-02-06T11:55:00-05:00,99.38915,99.45911,99.36915,99.43911,1000
2026-02-06T11:56:00-05:00,99.39675,99.46336,99.37675,99.44336,1000
2026-02-06T11:57:00-05:00,99.40991,99.46803,99.38991,99.44803,1000
2026-02-06T11:58:00-05:00,99.42814,99.47357,99.40814,99.45357,1000
2026-02-06T11:59:00-05:00,99.45070,99.48065,99.43070,99.46065,1000
2026-02-06T12:00:00-05:00,99.47670,99.49670,99.45007,99.47007,1000
2026-02-06T12:01:00-05:00,99.50519,99.52519,99.46271,99.48271,1000
2026-02-06T12:02:00-05:00,99.53526,99.55526,99.47940,99.49940,1000
2026-02-06T12:03:00-05:00,99.56610,99.58610,99.50081,99.52081,1000
2026-02-06T12:04:00-05:00,99.59713,99.61713,99.52741,99.54741,1000
2026-02-06T12:05:00-05:00,99.62807,99.64807,99.55937,99.57937,1000
2026-02-06T12:06:00-05:00,99.65887,99.67887,99.59657,99.61657,1000
2026-02-06T12:07:00-05:00,99.68984,99.70984,99.63859,99.65859,1000
2026-02-06T12:08:00-05:00,99.72149,99.74149,99.68473,99.70473,1000
2026-02-06T12:09:00-05:00,99.75455,99.77455,99.73412,99.75412,1000
2026-02-06T12:10:00-05:00,99.78982,99.82577,99.76982,99.80577,1000
2026-02-06T12:11:00-05:00,99.82811,99.87869,99.80811,99.85869,1000
2026-02-06T12:12:00-05:00,99.87013,99.93197,99.85013,99.91197,1000
2026-02-06T12:13:00-05:00,99.91641,99.98491,99.89641,99.96491,1000
2026-02-06T12:14:00-05:00,99.96721,100.03702,99.94721,100.01702,1000
2026-02-06T12:15:00-05:00,100.02249,100.08813,100.00249,100.06813,1000
2026-02-06T12:16:00-05:00,100.08191,100.13836,100.06191,100.11836,1000
2026-02-06T12:17:00-05:00,100.14486,100.18811,100.12486,100.16811,1000
2026-02-06T12:18:00-05:00,100.21049,100.23797,100.19049,100.21797,1000
2026-02-06T12:19:00-05:00,100.27782,100.29782,100.24872,100.26872,1000
2026-02-06T12:20:00-05:00,100.34582,100.36582,100.30113,100.32113,1000
2026-02-06T12:21:00-05:00,100.41349,100.43349,100.35594,100.37594,1000
2026-02-06T12:22:00-05:00,100.48002,100.50002,100.41373,100.43373,1000
2026-02-06T12:23:00-05:00,100.54480,100.56480,100.47487,100.49487,1000
2026-02-06T12:24:00-05:00,100.60748,100.62748,100.53942,100.55942,1000
2026-02-06T12:25:00-05:00,100.66806,100.68806,100.60715,100.62715,1000
2026-02-06T12:26:00-05:00,100.72679,100.74679,100.67753,100.69753,1000
2026-02-06T12:27:00-05:00,100.78419,100.80419,100.74981,100.76981,1000
2026-02-06T12:28:00-05:00,100.84094,100.86302,100.82094,100.84302,1000
2026-02-06T12:29:00-05:00,100.89781,100.93612,100.87781,100.91612,1000
2026-02-06T12:30:00-05:00,100.95558,101.00810,100.93558,100.98810,1000
2026-02-06T12:31:00-05:00,101.01489,101.07805,100.99489,101.05805,1000
2026-02-06T12:32:00-05:00,101.07619,101.14523,101.05619,101.12523,1000
2026-02-06T12:33:00-05:00,101.13968,101.20921,101.11968,101.18921,1000
2026-02-06T12:34:00-05:00,101.20526,101.26982,101.18526,101.24982,1000
2026-02-06T12:35:00-05:00,101.27253,101.32722,101.25253,101.30722,1000
2026-02-06T12:36:00-05:00,101.34082,101.38181,101.32082,101.36181,1000
2026-02-06T12:37:00-05:00,101.40924,101.43424,101.38924,101.41424,1000
2026-02-06T12:38:00-05:00,101.47681,101.49681,101.44525,101.46525,1000
2026-02-06T12:39:00-05:00,101.54248,101.56248,101.49564,101.51564,1000
2026-02-06T12:40:00-05:00,101.60530,101.62530,101.54613,101.56613,1000
2026-02-06T12:41:00-05:00,101.66447,101.68447,101.59729,101.61729,1000
2026-02-06T12:42:00-05:00,101.71945,101.73945,101.64945,101.66945,1000
2026-02-06T12:43:00-05:00,101.76996,101.78996,101.70264,101.72264,1000
2026-02-06T12:44:00-05:00,101.81605,101.83605,101.75663,101.77663,1000
2026-02-06T12:45:00-05:00,101.85806,101.87806,101.81087,101.83087,1000
2026-02-06T12:46:00-05:00,101.89655,101.91655,101.86458,101.88458,1000
2026-02-06T12:47:00-05:00,101.93227,101.95685,101.91227,101.93685,1000
2026-02-06T12:48:00-05:00,101.96604,102.00666,101.94604,101.98666,1000
2026-02-06T12:49:00-05:00,101.99866,102.05305,101.97866,102.03305,1000
2026-02-06T12:50:00-05:00,102.03081,102.09518,102.01081,102.07518,1000
2026-02-06T12:51:00-05:00,102.06295,102.13242,102.04295,102.11242,1000
2026-02-06T12:52:00-05:00,102.09529,102.16441,102.07529,102.14441,1000
2026-02-06T12:53:00-05:00,102.12775,102.19112,102.10775,102.17112,1000
2026-02-06T12:54:00-05:00,102.15995,102.21279,102.13995,102.19279,1000
2026-02-06T12:55:00-05:00,102.19124,102.22994,102.17124,102.20994,1000
2026-02-06T12:56:00-05:00,102.22081,102.24330,102.20081,102.22330,1000
2026-02-06T12:57:00-05:00,102.24770,102.26770,102.21372,102.23372,1000
2026-02-06T12:58:00-05:00,102.27098,102.29098,102.22206,102.24206,1000
2026-02-06T12:59:00-05:00,102.28977,102.30977,102.22910,102.24910,1000
2026-02-06T13:00:00-05:00,102.30342,102.32342,102.23546,102.25546,1000
2026-02-06T13:01:00-05:00,102.31147,102.33147,102.24153,102.26153,1000
2026-02-06T13:02:00-05:00,102.31382,102.33382,102.24738,102.26738,1000
2026-02-06T13:03:00-05:00,102.31064,102.33064,102.25280,102.27280,1000
2026-02-06T13:04:00-05:00,102.30238,102.32238,102.25733,102.27733,1000
2026-02-06T13:05:00-05:00,102.28976,102.30976,102.26025,102.28025,1000
2026-02-06T13:06:00-05:00,102.27363,102.30070,102.25363,102.28070,1000
2026-02-06T13:07:00-05:00,102.25492,102.29780,102.23492,102.27780,1000
2026-02-06T13:08:00-05:00,102.23450,102.29067,102.21450,102.27067,1000
2026-02-06T13:09:00-05:00,102.21313,102.27861,102.19313,102.25861,1000
2026-02-06T13:10:00-05:00,102.19135,102.26113,102.17135,102.24113,1000
2026-02-06T13:11:00-05:00,102.16943,102.23802,102.14943,102.21802,1000
2026-02-06T13:12:00-05:00,102.14733,102.20940,102.12733,102.18940,1000
2026-02-06T13:13:00-05:00,102.12474,102.17565,102.10474,102.15565,1000
2026-02-06T13:14:00-05:00,102.10110,102.13744,102.08110,102.11744,1000
2026-02-06T13:15:00-05:00,102.07565,102.09565,102.05563,102.07563,1000
2026-02-06T13:16:00-05:00,102.04755,102.06755,102.01118,102.03118,1000
2026-02-06T13:17:00-05:00,102.01597,102.03597,101.96504,101.98504,1000
2026-02-06T13:18:00-05:00,101.98017,102.00017,101.91809,101.93809,1000
2026-02-06T13:19:00-05:00,101.93961,101.95961,101.87101,101.89101,1000
2026-02-06T13:20:00-05:00,101.89401,101.91401,101.82424,101.84424,1000
2026-02-06T13:21:00-05:00,101.84339,101.86339,101.77793,101.79793,1000
2026-02-06T13:22:00-05:00,101.78807,101.80807,101.73193,101.75193,1000
2026-02-06T13:23:00-05:00,101.72866,101.74866,101.68581,101.70581,1000
2026-02-06T13:24:00-05:00,101.66597,101.68597,101.63893,101.65893,1000
2026-02-06T13:25:00-05:00,101.60099,101.63053,101.58099,101.61053,1000
2026-02-06T13:26:00-05:00,101.53473,101.57980,101.51473,101.55980,1000
2026-02-06T13:27:00-05:00,101.46814,101.52599,101.44814,101.50599,1000
2026-02-06T13:28:00-05:00,101.40204,101.46849,101.38204,101.44849,1000
2026-02-06T13:29:00-05:00,101.33701,101.40696,101.31701,101.38696,1000
2026-02-06T13:30:00-05:00,101.27337,101.34131,101.25337,101.32131,1000
2026-02-06T13:31:00-05:00,101.21111,101.27177,101.19111,101.25177,1000
2026-02-06T13:32:00-05:00,101.14997,101.19887,101.12997,101.17887,1000
2026-02-06T13:33:00-05:00,101.08941,101.12337,101.06941,101.10337,1000
2026-02-06T13:34:00-05:00,101.02874,101.04874,101.00622,101.02622,1000
2026-02-06T13:35:00-05:00,100.96717,100.98717,100.92845,100.94845,1000
2026-02-06T13:36:00-05:00,100.90394,100.92394,100.85108,100.87108,1000
2026-02-06T13:37:00-05:00,100.83841,100.85841,100.77502,100.79502,1000
2026-02-06T13:38:00-05:00,100.77011,100.79011,100.70098,100.72098,1000
2026-02-06T13:39:00-05:00,100.69888,100.71888,100.62941,100.64941,1000
2026-02-06T13:40:00-05:00,100.62481,100.64481,100.56045,100.58045,1000
2026-02-06T13:41:00-05:00,100.54833,100.56833,100.49396,100.51396,1000
2026-02-06T13:42:00-05:00,100.47011,100.49011,100.42952,100.44952,1000
2026-02-06T13:43:00-05:00,100.39104,100.41104,100.36649,100.38649,1000
2026-02-06T13:44:00-05:00,100.31215,100.34414,100.29215,100.32414,1000
2026-02-06T13:45:00-05:00,100.23446,100.28167,100.21446,100.26167,1000
2026-02-06T13:46:00-05:00,100.15894,100.21838,100.13894,100.19838,1000
2026-02-06T13:47:00-05:00,100.08640,100.15373,100.06640,100.13373,1000
2026-02-06T13:48:00-05:00,100.01740,100.08740,99.99740,100.06740,1000
2026-02-06T13:49:00-05:00,99.95221,100.01938,99.93221,99.99938,1000
2026-02-06T13:50:00-05:00,99.89079,99.94994,99.87079,99.92994,1000
2026-02-06T13:51:00-05:00,99.83283,99.87965,99.81283,99.85965,1000
2026-02-06T13:52:00-05:00,99.77776,99.80929,99.75776,99.78929,1000
2026-02-06T13:53:00-05:00,99.72486,99.74486,99.69984,99.71984,1000
2026-02-06T13:54:00-05:00,99.67334,99.69334,99.63232,99.65232,1000
2026-02-06T13:55:00-05:00,99.62241,99.64241,99.56770,99.58770,1000
2026-02-06T13:56:00-05:00,99.57144,99.59144,99.50687,99.52687,1000
2026-02-06T13:57:00-05:00,99.51998,99.53998,99.45045,99.47045,1000
2026-02-06T13:58:00-05:00,99.46787,99.48787,99.39883,99.41883,1000
2026-02-06T13:59:00-05:00,99.41521,99.43521,99.35207,99.37207,1000
2026-02-06T14:00:00-05:00,99.36244,99.38244,99.30994,99.32994,1000
2026-02-06T14:01:00-05:00,99.31022,99.33022,99.27194,99.29194,1000
2026-02-06T14:02:00-05:00,99.25942,99.27942,99.23737,99.25737,1000
2026-02-06T14:03:00-05:00,99.21101,99.24542,99.19101,99.22542,1000
2026-02-06T14:04:00-05:00,99.16597,99.21526,99.14597,99.19526,1000
2026-02-06T14:05:00-05:00,99.12520,99.18613,99.10520,99.16613,1000
2026-02-06T14:06:00-05:00,99.08938,99.15746,99.06938,99.13746,1000
2026-02-06T14:07:00-05:00,99.05899,99.12892,99.03899,99.10892,1000
2026-02-06T14:08:00-05:00,99.03417,99.10045,99.01417,99.08045,1000
2026-02-06T14:09:00-05:00,99.01477,99.07231,98.99477,99.05231,1000
2026-02-06T14:10:00-05:00,99.00036,99.04503,98.98036,99.02503,1000
2026-02-06T14:11:00-05:00,98.99026,99.01934,98.97026,98.99934,1000
2026-02-06T14:12:00-05:00,98.98365,99.00365,98.95614,98.97614,1000
2026-02-06T14:13:00-05:00,98.97964,98.99964,98.93637,98.95637,1000
2026-02-06T14:14:00-05:00,98.97739,98.99739,98.92092,98.94092,1000
2026-02-06T14:15:00-05:00,98.97618,98.99618,98.91053,98.93053,1000
2026-02-06T14:16:00-05:00,98.97553,98.99553,98.90571,98.92571,1000
2026-02-06T14:17:00-05:00,98.97520,98.99520,98.90671,98.92671,1000
2026-02-06T14:18:00-05:00,98.97527,98.99527,98.91344,98.93344,1000
2026-02-06T14:19:00-05:00,98.97609,98.99609,98.92553,98.94553,1000
2026-02-06T14:20:00-05:00,98.97828,98.99828,98.94235,98.96235,1000
2026-02-06T14:21:00-05:00,98.98262,99.00308,98.96262,98.98308,1000
2026-02-06T14:22:00-05:00,98.98999,99.02678,98.96999,99.00678,1000
2026-02-06T14:23:00-05:00,99.00126,99.05254,98.98126,99.03254,1000
2026-02-06T14:24:00-05:00,99.01719,99.07951,98.99719,99.05951,1000
2026-02-06T14:25:00-05:00,99.03835,99.10705,99.01835,99.08705,1000
2026-02-06T14:26:00-05:00,99.06504,99.13477,99.04504,99.11477,1000
2026-02-06T14:27:00-05:00,99.09727,99.16254,99.07727,99.14254,1000
2026-02-06T14:28:00-05:00,99.13474,99.19057,99.11474,99.17057,1000
2026-02-06T14:29:00-05:00,99.17686,99.21931,99.15686,99.19931,1000
2026-02-06T14:30:00-05:00,99.22283,99.24943,99.20283,99.22943,1000
2026-02-06T14:31:00-05:00,99.27171,99.29171,99.24173,99.26173,1000
2026-02-06T14:32:00-05:00,99.32251,99.34251,99.27705,99.29705,1000
2026-02-06T14:33:00-05:00,99.37429,99.39429,99.31616,99.33616,1000
2026-02-06T14:34:00-05:00,99.42628,99.44628,99.35967,99.37967,1000
2026-02-06T14:35:00-05:00,99.47792,99.49792,99.40795,99.42795,1000
2026-02-06T14:36:00-05:00,99.52892,99.54892,99.46110,99.48110,1000
2026-02-06T14:37:00-05:00,99.57931,99.59931,99.51891,99.53891,1000
2026-02-06T14:38:00-05:00,99.62940,99.64940,99.58086,99.60086,1000
2026-02-06T14:39:00-05:00,99.67973,99.69973,99.64620,99.66620,1000
2026-02-06T14:40:00-05:00,99.73102,99.75399,99.71102,99.73399,1000
2026-02-06T14:41:00-05:00,99.78408,99.82321,99.76408,99.80321,1000
2026-02-06T14:42:00-05:00,99.83966,99.89285,99.81966,99.87285,1000
2026-02-06T14:43:00-05:00,99.89844,99.96204,99.87844,99.94204,1000
2026-02-06T14:44:00-05:00,99.96086,100.03007,99.94086,100.01007,1000
2026-02-06T14:45:00-05:00,100.02711,100.09651,100.00711,100.07651,1000
2026-02-06T14:46:00-05:00,100.09708,100.16123,100.07708,100.14123,1000
2026-02-06T14:47:00-05:00,100.17035,100.22439,100.15035,100.20439,1000
2026-02-06T14:48:00-05:00,100.24624,100.28643,100.22624,100.26643,1000
2026-02-06T14:49:00-05:00,100.32386,100.34797,100.30386,100.32797,1000
2026-02-06T14:50:00-05:00,100.40220,100.42220,100.36978,100.38978,1000
2026-02-06T14:51:00-05:00,100.48020,100.50020,100.43262,100.45262,1000
2026-02-06T14:52:00-05:00,100.55692,100.57692,100.49721,100.51721,1000
2026-02-06T14:53:00-05:00,100.63154,100.65154,100.56408,100.58408,1000
2026-02-06T14:54:00-05:00,100.70352,100.72352,100.63352,100.65352,1000
2026-02-06T14:55:00-05:00,100.77257,100.79257,100.70555,100.72555,1000
2026-02-06T14:56:00-05:00,100.83874,100.85874,100.77986,100.79986,1000
2026-02-06T14:57:00-05:00,100.90233,100.92233,100.85589,100.87589,1000
2026-02-06T14:58:00-05:00,100.96392,100.98392,100.93281,100.95281,1000
2026-02-06T14:59:00-05:00,101.02420,101.04966,101.00420,101.02966,1000
2026-02-06T15:00:00-05:00,101.08397,101.12539,101.06397,101.10539,1000
2026-02-06T15:01:00-05:00,101.14398,101.19900,101.12398,101.17900,1000
2026-02-06T15:02:00-05:00,101.20485,101.26963,101.18485,101.24963,1000
2026-02-06T15:03:00-05:00,101.26701,101.33660,101.24701,101.31660,1000
2026-02-06T15:04:00-05:00,101.33059,101.39954,101.31059,101.37954,1000
2026-02-06T15:05:00-05:00,101.39544,101.45836,101.37544,101.43836,1000
2026-02-06T15:06:00-05:00,101.46113,101.51329,101.44113,101.49329,1000
2026-02-06T15:07:00-05:00,101.52694,101.56481,101.50694,101.54481,1000
2026-02-06T15:08:00-05:00,101.59198,101.61359,101.57198,101.59359,1000
2026-02-06T15:09:00-05:00,101.65525,101.67525,101.62042,101.64042,1000
2026-02-06T15:10:00-05:00,101.71575,101.73575,101.66611,101.68611,1000
2026-02-06T15:11:00-05:00,101.77257,101.79257,101.71138,101.73138,1000
2026-02-06T15:12:00-05:00,101.82497,101.84497,101.75678,101.77678,1000
2026-02-06T15:13:00-05:00,101.87248,101.89248,101.80258,101.82258,1000
2026-02-06T15:14:00-05:00,101.91493,101.93493,101.84882,101.86882,1000
2026-02-06T15:15:00-05:00,101.95244,101.97244,101.89519,101.91519,1000
2026-02-06T15:16:00-05:00,101.98543,102.00543,101.94114,101.96114,1000
2026-02-06T15:17:00-05:00,102.01453,102.03453,101.98588,102.00588,1000
2026-02-06T15:18:00-05:00,102.04054,102.06849,102.02054,102.04849,1000
2026-02-06T15:19:00-05:00,102.06433,102.10798,102.04433,102.08798,1000
2026-02-06T15:20:00-05:00,102.08668,102.14345,102.06668,102.12345,1000
2026-02-06T15:21:00-05:00,102.10828,102.17411,102.08828,102.15411,1000
2026-02-06T15:22:00-05:00,102.12958,102.19943,102.10958,102.17943,1000
2026-02-06T15:23:00-05:00,102.15077,102.21914,102.13077,102.19914,1000
2026-02-06T15:24:00-05:00,102.17172,102.23330,102.15172,102.21330,1000
2026-02-06T15:25:00-05:00,102.19203,102.24224,102.17203,102.22224,1000
2026-02-06T15:26:00-05:00,102.21106,102.24656,102.19106,102.22656,1000
2026-02-06T15:27:00-05:00,102.22797,102.24797,102.20707,102.22707,1000
2026-02-06T15:28:00-05:00,102.24186,102.26186,102.20465,102.22465,1000
2026-02-06T15:29:00-05:00,102.25182,102.27182,102.20020,102.22020,1000
2026-02-06T15:30:00-05:00,102.25705,102.27705,102.19450,102.21450,1000
2026-02-06T15:31:00-05:00,102.25697,102.27697,102.18817,102.20817,1000
2026-02-06T15:32:00-05:00,102.25123,102.27123,102.18155,102.20155,1000
2026-02-06T15:33:00-05:00,102.23981,102.25981,102.17472,102.19472,1000
2026-02-06T15:34:00-05:00,102.22298,102.24298,102.16745,102.18745,1000
2026-02-06T15:35:00-05:00,102.20129,102.22129,102.15923,102.17923,1000
2026-02-06T15:36:00-05:00,102.17553,102.19553,102.14936,102.16936,1000
2026-02-06T15:37:00-05:00,102.14660,102.17701,102.12660,102.15701,1000
2026-02-06T15:38:00-05:00,102.11546,102.16130,102.09546,102.14130,1000
2026-02-06T15:39:00-05:00,102.08301,102.14143,102.06301,102.12143,1000
2026-02-06T15:40:00-05:00,102.05000,102.11677,102.03000,102.09677,1000
2026-02-06T15:41:00-05:00,102.01695,102.08693,101.99695,102.06693,1000
2026-02-06T15:42:00-05:00,101.98410,102.05178,101.96410,102.03178,1000
2026-02-06T15:43:00-05:00,101.95139,102.01152,101.93139,101.99152,1000
2026-02-06T15:44:00-05:00,101.91848,101.96665,101.89848,101.94665,1000
2026-02-06T15:45:00-05:00,101.88480,101.91791,101.86480,101.89791,1000
2026-02-06T15:46:00-05:00,101.84960,101.86960,101.82620,101.84620,1000
2026-02-06T15:47:00-05:00,101.81206,101.83206,101.77252,101.79252,1000
2026-02-06T15:48:00-05:00,101.77138,101.79138,101.71786,101.73786,1000
2026-02-06T15:49:00-05:00,101.72689,101.74689,101.66307,101.68307,1000
2026-02-06T15:50:00-05:00,101.67812,101.69812,101.60884,101.62884,1000
2026-02-06T15:51:00-05:00,101.62488,101.64488,101.55555,101.57555,1000
2026-02-06T15:52:00-05:00,101.56728,101.58728,101.50333,101.52333,1000
2026-02-06T15:53:00-05:00,101.50570,101.52570,101.45199,101.47199,1000
2026-02-06T15:54:00-05:00,101.44085,101.46085,101.40106,101.42106,1000
2026-02-06T15:55:00-05:00,101.37359,101.39359,101.34992,101.36992,1000
2026-02-06T15:56:00-05:00,101.30493,101.33778,101.28493,101.31778,1000
2026-02-06T15:57:00-05:00,101.23591,101.28386,101.21591,101.26386,1000
2026-02-06T15:58:00-05:00,101.16747,101.22745,101.14747,101.20745,1000
2026-02-06T15:59:00-05:00,101.10041,101.16801,101.08041,101.14801,1000
